<?xml version="1.0"?>
<gpx xmlns="http://www.topografix.com/GPX/1/1" xmlns:xsi="http://www.w3.org/2001/XMLSchema-instance" version="1.1" creator="AllTrails.com" xsi:schemaLocation="http://www.topografix.com/GPX/1/1 http://www.topografix.com/GPX/1/1/gpx.xsd">
  <metadata>
    <name><![CDATA[Mount Loay Trail]]></name>
    <desc><![CDATA[]]></desc>
    <link href="http://www.alltrails.com">
      <text>AllTrails, LLC</text>
    </link>
    <bounds minlat="6.84426" minlon="125.40647" maxlat="6.88429" maxlon="125.41129"/>
  </metadata>
  <trk>
    <name><![CDATA[Mount Loay Trail]]></name>
    <src>AllTrails</src>
    <trkseg>
      <trkpt lat="6.84426" lon="125.41129">
        <ele>22.94</ele>
      </trkpt>
      <trkpt lat="6.8443" lon="125.41126">
        <ele>23.86</ele>
      </trkpt>
      <trkpt lat="6.84447" lon="125.41117">
        <ele>26.34</ele>
      </trkpt>
      <trkpt lat="6.84462" lon="125.41109">
        <ele>27.34</ele>
      </trkpt>
      <trkpt lat="6.84462" lon="125.4111">
        <ele>27.3</ele>
      </trkpt>
      <trkpt lat="6.84465" lon="125.41108">
        <ele>27.59</ele>
      </trkpt>
      <trkpt lat="6.84502" lon="125.41088">
        <ele>33.32</ele>
      </trkpt>
      <trkpt lat="6.84504" lon="125.41087">
        <ele>33.47</ele>
      </trkpt>
      <trkpt lat="6.84523" lon="125.41076">
        <ele>34.47</ele>
      </trkpt>
      <trkpt lat="6.84537" lon="125.41069">
        <ele>32.46</ele>
      </trkpt>
      <trkpt lat="6.84544" lon="125.41066">
        <ele>31.09</ele>
      </trkpt>
      <trkpt lat="6.84557" lon="125.4106">
        <ele>29.15</ele>
      </trkpt>
      <trkpt lat="6.84574" lon="125.41052">
        <ele>29.21</ele>
      </trkpt>
      <trkpt lat="6.84585" lon="125.41046">
        <ele>30.5</ele>
      </trkpt>
      <trkpt lat="6.8459" lon="125.41044">
        <ele>32.19</ele>
      </trkpt>
      <trkpt lat="6.84596" lon="125.4104">
        <ele>34.69</ele>
      </trkpt>
      <trkpt lat="6.84603" lon="125.41036">
        <ele>37.85</ele>
      </trkpt>
      <trkpt lat="6.84608" lon="125.41036">
        <ele>39.57</ele>
      </trkpt>
      <trkpt lat="6.8461" lon="125.41036">
        <ele>40.25</ele>
      </trkpt>
      <trkpt lat="6.84621" lon="125.41032">
        <ele>43.83</ele>
      </trkpt>
      <trkpt lat="6.84627" lon="125.41029">
        <ele>45.63</ele>
      </trkpt>
      <trkpt lat="6.84632" lon="125.41026">
        <ele>46.94</ele>
      </trkpt>
      <trkpt lat="6.84646" lon="125.41018">
        <ele>49.82</ele>
      </trkpt>
      <trkpt lat="6.84657" lon="125.41013">
        <ele>51.55</ele>
      </trkpt>
      <trkpt lat="6.84664" lon="125.41009">
        <ele>52.74</ele>
      </trkpt>
      <trkpt lat="6.8467" lon="125.41007">
        <ele>53.27</ele>
      </trkpt>
      <trkpt lat="6.84677" lon="125.41003">
        <ele>53.72</ele>
      </trkpt>
      <trkpt lat="6.84687" lon="125.40997">
        <ele>54.39</ele>
      </trkpt>
      <trkpt lat="6.8469" lon="125.40996">
        <ele>54.66</ele>
      </trkpt>
      <trkpt lat="6.84698" lon="125.40991">
        <ele>55.9</ele>
      </trkpt>
      <trkpt lat="6.84708" lon="125.40986">
        <ele>56.78</ele>
      </trkpt>
      <trkpt lat="6.84715" lon="125.40984">
        <ele>57.03</ele>
      </trkpt>
      <trkpt lat="6.8472" lon="125.40981">
        <ele>57.47</ele>
      </trkpt>
      <trkpt lat="6.84733" lon="125.40974">
        <ele>59.56</ele>
      </trkpt>
      <trkpt lat="6.84742" lon="125.40969">
        <ele>61.27</ele>
      </trkpt>
      <trkpt lat="6.84749" lon="125.40965">
        <ele>62.76</ele>
      </trkpt>
      <trkpt lat="6.84754" lon="125.40962">
        <ele>64.28</ele>
      </trkpt>
      <trkpt lat="6.84759" lon="125.40958">
        <ele>66.03</ele>
      </trkpt>
      <trkpt lat="6.84764" lon="125.40956">
        <ele>67.23</ele>
      </trkpt>
      <trkpt lat="6.84766" lon="125.40955">
        <ele>67.72</ele>
      </trkpt>
      <trkpt lat="6.84773" lon="125.40951">
        <ele>69.42</ele>
      </trkpt>
      <trkpt lat="6.84777" lon="125.40949">
        <ele>70.25</ele>
      </trkpt>
      <trkpt lat="6.84786" lon="125.40942">
        <ele>72.99</ele>
      </trkpt>
      <trkpt lat="6.84792" lon="125.40939">
        <ele>74.46</ele>
      </trkpt>
      <trkpt lat="6.84796" lon="125.40936">
        <ele>75.45</ele>
      </trkpt>
      <trkpt lat="6.848" lon="125.40934">
        <ele>76.33</ele>
      </trkpt>
      <trkpt lat="6.84804" lon="125.40931">
        <ele>77.2</ele>
      </trkpt>
      <trkpt lat="6.84813" lon="125.40926">
        <ele>79.27</ele>
      </trkpt>
      <trkpt lat="6.8482" lon="125.40922">
        <ele>81.37</ele>
      </trkpt>
      <trkpt lat="6.84823" lon="125.4092">
        <ele>82.45</ele>
      </trkpt>
      <trkpt lat="6.84827" lon="125.40918">
        <ele>83.91</ele>
      </trkpt>
      <trkpt lat="6.84833" lon="125.40916">
        <ele>85.95</ele>
      </trkpt>
      <trkpt lat="6.8484" lon="125.40912">
        <ele>86.14</ele>
      </trkpt>
      <trkpt lat="6.84844" lon="125.4091">
        <ele>86.36</ele>
      </trkpt>
      <trkpt lat="6.8486" lon="125.40903">
        <ele>88.37</ele>
      </trkpt>
      <trkpt lat="6.84868" lon="125.409">
        <ele>89.7</ele>
      </trkpt>
      <trkpt lat="6.8487" lon="125.40898">
        <ele>90.48</ele>
      </trkpt>
      <trkpt lat="6.84872" lon="125.40897">
        <ele>90.93</ele>
      </trkpt>
      <trkpt lat="6.84875" lon="125.40895">
        <ele>91.8</ele>
      </trkpt>
      <trkpt lat="6.84887" lon="125.40891">
        <ele>94.04</ele>
      </trkpt>
      <trkpt lat="6.84897" lon="125.40887">
        <ele>96.52</ele>
      </trkpt>
      <trkpt lat="6.84903" lon="125.40885">
        <ele>97.66</ele>
      </trkpt>
      <trkpt lat="6.8491" lon="125.40882">
        <ele>98.96</ele>
      </trkpt>
      <trkpt lat="6.84916" lon="125.40878">
        <ele>100.11</ele>
      </trkpt>
      <trkpt lat="6.84924" lon="125.40874">
        <ele>101.97</ele>
      </trkpt>
      <trkpt lat="6.84952" lon="125.40863">
        <ele>107.71</ele>
      </trkpt>
      <trkpt lat="6.84963" lon="125.40858">
        <ele>107.93</ele>
      </trkpt>
      <trkpt lat="6.84968" lon="125.40855">
        <ele>108.49</ele>
      </trkpt>
      <trkpt lat="6.84979" lon="125.40851">
        <ele>109.8</ele>
      </trkpt>
      <trkpt lat="6.84986" lon="125.40849">
        <ele>110.64</ele>
      </trkpt>
      <trkpt lat="6.84991" lon="125.40848">
        <ele>111.08</ele>
      </trkpt>
      <trkpt lat="6.84998" lon="125.40847">
        <ele>111.54</ele>
      </trkpt>
      <trkpt lat="6.85008" lon="125.40845">
        <ele>111.87</ele>
      </trkpt>
      <trkpt lat="6.85023" lon="125.4084">
        <ele>111.49</ele>
      </trkpt>
      <trkpt lat="6.85032" lon="125.40837">
        <ele>111.8</ele>
      </trkpt>
      <trkpt lat="6.85038" lon="125.40835">
        <ele>112.88</ele>
      </trkpt>
      <trkpt lat="6.85044" lon="125.40832">
        <ele>114.14</ele>
      </trkpt>
      <trkpt lat="6.85051" lon="125.40829">
        <ele>115.75</ele>
      </trkpt>
      <trkpt lat="6.85064" lon="125.40827">
        <ele>118.07</ele>
      </trkpt>
      <trkpt lat="6.85072" lon="125.40825">
        <ele>119.5</ele>
      </trkpt>
      <trkpt lat="6.85077" lon="125.40823">
        <ele>120.4</ele>
      </trkpt>
      <trkpt lat="6.85086" lon="125.40821">
        <ele>122.05</ele>
      </trkpt>
      <trkpt lat="6.851" lon="125.40816">
        <ele>125.75</ele>
      </trkpt>
      <trkpt lat="6.85109" lon="125.40814">
        <ele>128.25</ele>
      </trkpt>
      <trkpt lat="6.85113" lon="125.40812">
        <ele>129.54</ele>
      </trkpt>
      <trkpt lat="6.85118" lon="125.4081">
        <ele>131.15</ele>
      </trkpt>
      <trkpt lat="6.85127" lon="125.40806">
        <ele>134.47</ele>
      </trkpt>
      <trkpt lat="6.85129" lon="125.40806">
        <ele>135.04</ele>
      </trkpt>
      <trkpt lat="6.85132" lon="125.40807">
        <ele>135.61</ele>
      </trkpt>
      <trkpt lat="6.85136" lon="125.40805">
        <ele>137.28</ele>
      </trkpt>
      <trkpt lat="6.85139" lon="125.40805">
        <ele>138.15</ele>
      </trkpt>
      <trkpt lat="6.85141" lon="125.40804">
        <ele>138.96</ele>
      </trkpt>
      <trkpt lat="6.85144" lon="125.40803">
        <ele>139.99</ele>
      </trkpt>
      <trkpt lat="6.85148" lon="125.40801">
        <ele>141.24</ele>
      </trkpt>
      <trkpt lat="6.85154" lon="125.408">
        <ele>142.68</ele>
      </trkpt>
      <trkpt lat="6.85159" lon="125.40799">
        <ele>143.71</ele>
      </trkpt>
      <trkpt lat="6.85166" lon="125.40797">
        <ele>144.72</ele>
      </trkpt>
      <trkpt lat="6.85174" lon="125.40796">
        <ele>145.04</ele>
      </trkpt>
      <trkpt lat="6.85184" lon="125.40793">
        <ele>145.02</ele>
      </trkpt>
      <trkpt lat="6.85188" lon="125.40793">
        <ele>145.3</ele>
      </trkpt>
      <trkpt lat="6.85199" lon="125.4079">
        <ele>145.8</ele>
      </trkpt>
      <trkpt lat="6.85211" lon="125.40789">
        <ele>147.28</ele>
      </trkpt>
      <trkpt lat="6.85218" lon="125.40788">
        <ele>148.14</ele>
      </trkpt>
      <trkpt lat="6.85222" lon="125.40786">
        <ele>148.56</ele>
      </trkpt>
      <trkpt lat="6.85226" lon="125.40785">
        <ele>149.03</ele>
      </trkpt>
      <trkpt lat="6.85229" lon="125.40784">
        <ele>149.37</ele>
      </trkpt>
      <trkpt lat="6.85234" lon="125.40784">
        <ele>150.05</ele>
      </trkpt>
      <trkpt lat="6.8524" lon="125.40782">
        <ele>150.77</ele>
      </trkpt>
      <trkpt lat="6.85246" lon="125.40781">
        <ele>151.56</ele>
      </trkpt>
      <trkpt lat="6.85249" lon="125.4078">
        <ele>151.94</ele>
      </trkpt>
      <trkpt lat="6.85252" lon="125.4078">
        <ele>152.32</ele>
      </trkpt>
      <trkpt lat="6.85256" lon="125.40779">
        <ele>152.73</ele>
      </trkpt>
      <trkpt lat="6.8526" lon="125.40779">
        <ele>153.19</ele>
      </trkpt>
      <trkpt lat="6.85265" lon="125.40778">
        <ele>153.65</ele>
      </trkpt>
      <trkpt lat="6.8527" lon="125.40777">
        <ele>154.08</ele>
      </trkpt>
      <trkpt lat="6.85288" lon="125.40777">
        <ele>156.08</ele>
      </trkpt>
      <trkpt lat="6.85292" lon="125.40776">
        <ele>156.54</ele>
      </trkpt>
      <trkpt lat="6.85294" lon="125.40775">
        <ele>156.8</ele>
      </trkpt>
      <trkpt lat="6.85319" lon="125.40772">
        <ele>162.5</ele>
      </trkpt>
      <trkpt lat="6.85332" lon="125.40769">
        <ele>166.56</ele>
      </trkpt>
      <trkpt lat="6.85339" lon="125.40768">
        <ele>167.85</ele>
      </trkpt>
      <trkpt lat="6.85342" lon="125.40768">
        <ele>168.27</ele>
      </trkpt>
      <trkpt lat="6.85346" lon="125.40767">
        <ele>168.84</ele>
      </trkpt>
      <trkpt lat="6.85353" lon="125.40767">
        <ele>169.76</ele>
      </trkpt>
      <trkpt lat="6.85363" lon="125.40767">
        <ele>170.87</ele>
      </trkpt>
      <trkpt lat="6.85372" lon="125.40766">
        <ele>171.0</ele>
      </trkpt>
      <trkpt lat="6.85375" lon="125.40766">
        <ele>171.08</ele>
      </trkpt>
      <trkpt lat="6.85381" lon="125.40765">
        <ele>171.22</ele>
      </trkpt>
      <trkpt lat="6.85387" lon="125.40765">
        <ele>171.4</ele>
      </trkpt>
      <trkpt lat="6.85393" lon="125.40764">
        <ele>171.94</ele>
      </trkpt>
      <trkpt lat="6.85404" lon="125.4076">
        <ele>173.42</ele>
      </trkpt>
      <trkpt lat="6.85408" lon="125.40759">
        <ele>173.98</ele>
      </trkpt>
      <trkpt lat="6.85413" lon="125.40757">
        <ele>174.78</ele>
      </trkpt>
      <trkpt lat="6.85418" lon="125.40755">
        <ele>175.62</ele>
      </trkpt>
      <trkpt lat="6.85423" lon="125.40754">
        <ele>176.32</ele>
      </trkpt>
      <trkpt lat="6.85426" lon="125.40752">
        <ele>176.84</ele>
      </trkpt>
      <trkpt lat="6.85427" lon="125.40752">
        <ele>176.95</ele>
      </trkpt>
      <trkpt lat="6.85428" lon="125.40752">
        <ele>177.07</ele>
      </trkpt>
      <trkpt lat="6.85433" lon="125.4075">
        <ele>177.76</ele>
      </trkpt>
      <trkpt lat="6.85437" lon="125.40748">
        <ele>178.25</ele>
      </trkpt>
      <trkpt lat="6.8544" lon="125.40746">
        <ele>178.59</ele>
      </trkpt>
      <trkpt lat="6.85445" lon="125.40746">
        <ele>179.07</ele>
      </trkpt>
      <trkpt lat="6.85455" lon="125.40743">
        <ele>180.23</ele>
      </trkpt>
      <trkpt lat="6.8547" lon="125.4074">
        <ele>181.69</ele>
      </trkpt>
      <trkpt lat="6.85476" lon="125.40737">
        <ele>182.54</ele>
      </trkpt>
      <trkpt lat="6.85482" lon="125.40735">
        <ele>183.87</ele>
      </trkpt>
      <trkpt lat="6.85486" lon="125.40735">
        <ele>184.89</ele>
      </trkpt>
      <trkpt lat="6.85497" lon="125.40732">
        <ele>187.56</ele>
      </trkpt>
      <trkpt lat="6.85507" lon="125.40731">
        <ele>189.93</ele>
      </trkpt>
      <trkpt lat="6.85514" lon="125.4073">
        <ele>191.61</ele>
      </trkpt>
      <trkpt lat="6.85524" lon="125.40728">
        <ele>194.22</ele>
      </trkpt>
      <trkpt lat="6.8553" lon="125.40728">
        <ele>195.47</ele>
      </trkpt>
      <trkpt lat="6.85535" lon="125.40727">
        <ele>196.31</ele>
      </trkpt>
      <trkpt lat="6.8554" lon="125.40727">
        <ele>197.0</ele>
      </trkpt>
      <trkpt lat="6.85551" lon="125.40725">
        <ele>198.86</ele>
      </trkpt>
      <trkpt lat="6.85555" lon="125.40724">
        <ele>199.6</ele>
      </trkpt>
      <trkpt lat="6.85558" lon="125.40723">
        <ele>199.94</ele>
      </trkpt>
      <trkpt lat="6.8556" lon="125.40722">
        <ele>200.15</ele>
      </trkpt>
      <trkpt lat="6.85564" lon="125.40721">
        <ele>200.29</ele>
      </trkpt>
      <trkpt lat="6.8557" lon="125.4072">
        <ele>200.52</ele>
      </trkpt>
      <trkpt lat="6.85576" lon="125.40718">
        <ele>200.81</ele>
      </trkpt>
      <trkpt lat="6.85594" lon="125.40715">
        <ele>202.61</ele>
      </trkpt>
      <trkpt lat="6.85597" lon="125.40713">
        <ele>203.13</ele>
      </trkpt>
      <trkpt lat="6.856" lon="125.40713">
        <ele>203.53</ele>
      </trkpt>
      <trkpt lat="6.85602" lon="125.40712">
        <ele>203.88</ele>
      </trkpt>
      <trkpt lat="6.85606" lon="125.40711">
        <ele>204.51</ele>
      </trkpt>
      <trkpt lat="6.8561" lon="125.40709">
        <ele>205.27</ele>
      </trkpt>
      <trkpt lat="6.85615" lon="125.40707">
        <ele>205.8</ele>
      </trkpt>
      <trkpt lat="6.85626" lon="125.40703">
        <ele>206.82</ele>
      </trkpt>
      <trkpt lat="6.85644" lon="125.40701">
        <ele>208.0</ele>
      </trkpt>
      <trkpt lat="6.85661" lon="125.40698">
        <ele>209.16</ele>
      </trkpt>
      <trkpt lat="6.85673" lon="125.40699">
        <ele>210.32</ele>
      </trkpt>
      <trkpt lat="6.85676" lon="125.407">
        <ele>210.68</ele>
      </trkpt>
      <trkpt lat="6.85681" lon="125.40701">
        <ele>211.4</ele>
      </trkpt>
      <trkpt lat="6.85686" lon="125.40703">
        <ele>211.94</ele>
      </trkpt>
      <trkpt lat="6.85692" lon="125.40705">
        <ele>212.66</ele>
      </trkpt>
      <trkpt lat="6.85703" lon="125.4071">
        <ele>213.3</ele>
      </trkpt>
      <trkpt lat="6.8572" lon="125.40719">
        <ele>214.15</ele>
      </trkpt>
      <trkpt lat="6.85727" lon="125.40722">
        <ele>215.23</ele>
      </trkpt>
      <trkpt lat="6.85735" lon="125.40726">
        <ele>217.27</ele>
      </trkpt>
      <trkpt lat="6.85745" lon="125.40731">
        <ele>220.2</ele>
      </trkpt>
      <trkpt lat="6.85749" lon="125.40733">
        <ele>221.48</ele>
      </trkpt>
      <trkpt lat="6.85756" lon="125.40736">
        <ele>223.29</ele>
      </trkpt>
      <trkpt lat="6.85763" lon="125.40739">
        <ele>225.02</ele>
      </trkpt>
      <trkpt lat="6.85767" lon="125.40741">
        <ele>226.02</ele>
      </trkpt>
      <trkpt lat="6.8577" lon="125.40743">
        <ele>226.82</ele>
      </trkpt>
      <trkpt lat="6.85773" lon="125.40744">
        <ele>227.54</ele>
      </trkpt>
      <trkpt lat="6.85779" lon="125.40748">
        <ele>229.08</ele>
      </trkpt>
      <trkpt lat="6.8579" lon="125.40753">
        <ele>232.05</ele>
      </trkpt>
      <trkpt lat="6.85801" lon="125.40763">
        <ele>237.24</ele>
      </trkpt>
      <trkpt lat="6.85804" lon="125.40764">
        <ele>238.2</ele>
      </trkpt>
      <trkpt lat="6.85806" lon="125.40765">
        <ele>238.94</ele>
      </trkpt>
      <trkpt lat="6.8581" lon="125.40766">
        <ele>239.91</ele>
      </trkpt>
      <trkpt lat="6.85813" lon="125.40769">
        <ele>241.2</ele>
      </trkpt>
      <trkpt lat="6.85817" lon="125.4077">
        <ele>242.0</ele>
      </trkpt>
      <trkpt lat="6.85822" lon="125.4077">
        <ele>242.66</ele>
      </trkpt>
      <trkpt lat="6.85826" lon="125.40769">
        <ele>243.02</ele>
      </trkpt>
      <trkpt lat="6.85833" lon="125.40769">
        <ele>244.01</ele>
      </trkpt>
      <trkpt lat="6.85839" lon="125.40766">
        <ele>243.99</ele>
      </trkpt>
      <trkpt lat="6.85844" lon="125.40763">
        <ele>244.02</ele>
      </trkpt>
      <trkpt lat="6.85849" lon="125.40761">
        <ele>244.21</ele>
      </trkpt>
      <trkpt lat="6.85853" lon="125.4076">
        <ele>244.44</ele>
      </trkpt>
      <trkpt lat="6.85856" lon="125.40759">
        <ele>244.63</ele>
      </trkpt>
      <trkpt lat="6.85859" lon="125.40757">
        <ele>244.83</ele>
      </trkpt>
      <trkpt lat="6.85868" lon="125.40753">
        <ele>244.28</ele>
      </trkpt>
      <trkpt lat="6.85872" lon="125.4075">
        <ele>243.82</ele>
      </trkpt>
      <trkpt lat="6.85881" lon="125.40747">
        <ele>243.79</ele>
      </trkpt>
      <trkpt lat="6.85883" lon="125.40746">
        <ele>243.98</ele>
      </trkpt>
      <trkpt lat="6.85885" lon="125.40745">
        <ele>244.2</ele>
      </trkpt>
      <trkpt lat="6.85893" lon="125.40742">
        <ele>246.22</ele>
      </trkpt>
      <trkpt lat="6.85896" lon="125.40741">
        <ele>247.29</ele>
      </trkpt>
      <trkpt lat="6.85907" lon="125.40737">
        <ele>250.62</ele>
      </trkpt>
      <trkpt lat="6.85911" lon="125.40735">
        <ele>251.6</ele>
      </trkpt>
      <trkpt lat="6.85914" lon="125.40734">
        <ele>252.17</ele>
      </trkpt>
      <trkpt lat="6.8592" lon="125.4073">
        <ele>252.89</ele>
      </trkpt>
      <trkpt lat="6.85925" lon="125.40728">
        <ele>253.1</ele>
      </trkpt>
      <trkpt lat="6.85931" lon="125.40726">
        <ele>253.21</ele>
      </trkpt>
      <trkpt lat="6.85936" lon="125.40724">
        <ele>253.16</ele>
      </trkpt>
      <trkpt lat="6.85939" lon="125.40723">
        <ele>253.08</ele>
      </trkpt>
      <trkpt lat="6.85942" lon="125.40721">
        <ele>252.95</ele>
      </trkpt>
      <trkpt lat="6.85944" lon="125.40721">
        <ele>252.96</ele>
      </trkpt>
      <trkpt lat="6.85946" lon="125.4072">
        <ele>253.1</ele>
      </trkpt>
      <trkpt lat="6.85948" lon="125.40719">
        <ele>253.31</ele>
      </trkpt>
      <trkpt lat="6.85951" lon="125.40719">
        <ele>253.67</ele>
      </trkpt>
      <trkpt lat="6.85954" lon="125.40717">
        <ele>254.04</ele>
      </trkpt>
      <trkpt lat="6.85961" lon="125.40716">
        <ele>254.96</ele>
      </trkpt>
      <trkpt lat="6.85964" lon="125.40716">
        <ele>255.36</ele>
      </trkpt>
      <trkpt lat="6.85966" lon="125.40715">
        <ele>255.67</ele>
      </trkpt>
      <trkpt lat="6.85974" lon="125.40719">
        <ele>256.73</ele>
      </trkpt>
      <trkpt lat="6.85984" lon="125.40722">
        <ele>259.4</ele>
      </trkpt>
      <trkpt lat="6.85992" lon="125.40723">
        <ele>261.57</ele>
      </trkpt>
      <trkpt lat="6.85995" lon="125.40722">
        <ele>262.56</ele>
      </trkpt>
      <trkpt lat="6.85998" lon="125.40721">
        <ele>263.43</ele>
      </trkpt>
      <trkpt lat="6.86013" lon="125.40721">
        <ele>266.34</ele>
      </trkpt>
      <trkpt lat="6.86016" lon="125.4072">
        <ele>266.88</ele>
      </trkpt>
      <trkpt lat="6.86019" lon="125.4072">
        <ele>267.42</ele>
      </trkpt>
      <trkpt lat="6.86024" lon="125.4072">
        <ele>268.32</ele>
      </trkpt>
      <trkpt lat="6.8603" lon="125.40719">
        <ele>269.17</ele>
      </trkpt>
      <trkpt lat="6.86039" lon="125.40717">
        <ele>269.88</ele>
      </trkpt>
      <trkpt lat="6.86042" lon="125.40716">
        <ele>270.14</ele>
      </trkpt>
      <trkpt lat="6.86048" lon="125.40715">
        <ele>270.65</ele>
      </trkpt>
      <trkpt lat="6.86051" lon="125.40714">
        <ele>270.92</ele>
      </trkpt>
      <trkpt lat="6.86055" lon="125.40715">
        <ele>271.21</ele>
      </trkpt>
      <trkpt lat="6.86061" lon="125.40714">
        <ele>271.83</ele>
      </trkpt>
      <trkpt lat="6.86065" lon="125.40716">
        <ele>272.17</ele>
      </trkpt>
      <trkpt lat="6.86073" lon="125.40714">
        <ele>272.99</ele>
      </trkpt>
      <trkpt lat="6.86075" lon="125.40714">
        <ele>273.19</ele>
      </trkpt>
      <trkpt lat="6.86078" lon="125.40715">
        <ele>273.47</ele>
      </trkpt>
      <trkpt lat="6.86086" lon="125.40714">
        <ele>274.6</ele>
      </trkpt>
      <trkpt lat="6.86095" lon="125.40714">
        <ele>276.61</ele>
      </trkpt>
      <trkpt lat="6.86098" lon="125.40715">
        <ele>277.4</ele>
      </trkpt>
      <trkpt lat="6.86103" lon="125.40715">
        <ele>278.56</ele>
      </trkpt>
      <trkpt lat="6.86107" lon="125.40715">
        <ele>279.49</ele>
      </trkpt>
      <trkpt lat="6.86113" lon="125.40716">
        <ele>281.12</ele>
      </trkpt>
      <trkpt lat="6.86118" lon="125.40718">
        <ele>282.73</ele>
      </trkpt>
      <trkpt lat="6.86125" lon="125.40721">
        <ele>284.82</ele>
      </trkpt>
      <trkpt lat="6.86129" lon="125.4072">
        <ele>285.59</ele>
      </trkpt>
      <trkpt lat="6.86132" lon="125.40719">
        <ele>286.16</ele>
      </trkpt>
      <trkpt lat="6.86139" lon="125.40719">
        <ele>287.82</ele>
      </trkpt>
      <trkpt lat="6.8614" lon="125.4072">
        <ele>288.32</ele>
      </trkpt>
      <trkpt lat="6.86141" lon="125.40719">
        <ele>288.68</ele>
      </trkpt>
      <trkpt lat="6.86143" lon="125.4072">
        <ele>289.62</ele>
      </trkpt>
      <trkpt lat="6.86144" lon="125.4072">
        <ele>290.05</ele>
      </trkpt>
      <trkpt lat="6.86147" lon="125.4072">
        <ele>291.34</ele>
      </trkpt>
      <trkpt lat="6.86148" lon="125.4072">
        <ele>291.78</ele>
      </trkpt>
      <trkpt lat="6.86154" lon="125.40723">
        <ele>294.51</ele>
      </trkpt>
      <trkpt lat="6.8616" lon="125.40724">
        <ele>297.04</ele>
      </trkpt>
      <trkpt lat="6.86165" lon="125.40725">
        <ele>299.1</ele>
      </trkpt>
      <trkpt lat="6.86171" lon="125.40725">
        <ele>301.19</ele>
      </trkpt>
      <trkpt lat="6.86174" lon="125.40724">
        <ele>302.23</ele>
      </trkpt>
      <trkpt lat="6.86177" lon="125.40725">
        <ele>303.11</ele>
      </trkpt>
      <trkpt lat="6.8618" lon="125.40726">
        <ele>303.98</ele>
      </trkpt>
      <trkpt lat="6.86185" lon="125.40728">
        <ele>305.39</ele>
      </trkpt>
      <trkpt lat="6.86187" lon="125.40734">
        <ele>305.43</ele>
      </trkpt>
      <trkpt lat="6.86189" lon="125.40738">
        <ele>305.64</ele>
      </trkpt>
      <trkpt lat="6.86193" lon="125.40738">
        <ele>306.86</ele>
      </trkpt>
      <trkpt lat="6.86198" lon="125.40739">
        <ele>307.91</ele>
      </trkpt>
      <trkpt lat="6.86206" lon="125.40741">
        <ele>309.49</ele>
      </trkpt>
      <trkpt lat="6.86212" lon="125.40745">
        <ele>310.91</ele>
      </trkpt>
      <trkpt lat="6.86218" lon="125.40751">
        <ele>312.72</ele>
      </trkpt>
      <trkpt lat="6.86221" lon="125.40755">
        <ele>313.3</ele>
      </trkpt>
      <trkpt lat="6.86223" lon="125.40756">
        <ele>313.69</ele>
      </trkpt>
      <trkpt lat="6.86225" lon="125.40758">
        <ele>313.84</ele>
      </trkpt>
      <trkpt lat="6.86228" lon="125.4076">
        <ele>314.1</ele>
      </trkpt>
      <trkpt lat="6.86229" lon="125.4076">
        <ele>314.24</ele>
      </trkpt>
      <trkpt lat="6.86235" lon="125.4076">
        <ele>315.08</ele>
      </trkpt>
      <trkpt lat="6.8624" lon="125.40764">
        <ele>315.22</ele>
      </trkpt>
      <trkpt lat="6.86245" lon="125.40765">
        <ele>315.69</ele>
      </trkpt>
      <trkpt lat="6.86248" lon="125.40767">
        <ele>315.71</ele>
      </trkpt>
      <trkpt lat="6.86252" lon="125.40768">
        <ele>315.59</ele>
      </trkpt>
      <trkpt lat="6.86254" lon="125.40769">
        <ele>315.25</ele>
      </trkpt>
      <trkpt lat="6.8626" lon="125.40769">
        <ele>314.75</ele>
      </trkpt>
      <trkpt lat="6.86263" lon="125.4077">
        <ele>314.33</ele>
      </trkpt>
      <trkpt lat="6.86267" lon="125.4077">
        <ele>314.0</ele>
      </trkpt>
      <trkpt lat="6.86271" lon="125.4077">
        <ele>313.68</ele>
      </trkpt>
      <trkpt lat="6.86277" lon="125.40771">
        <ele>313.04</ele>
      </trkpt>
      <trkpt lat="6.86282" lon="125.40772">
        <ele>312.59</ele>
      </trkpt>
      <trkpt lat="6.86287" lon="125.40773">
        <ele>312.14</ele>
      </trkpt>
      <trkpt lat="6.86289" lon="125.40774">
        <ele>311.85</ele>
      </trkpt>
      <trkpt lat="6.86293" lon="125.40775">
        <ele>311.41</ele>
      </trkpt>
      <trkpt lat="6.86295" lon="125.40774">
        <ele>311.47</ele>
      </trkpt>
      <trkpt lat="6.86299" lon="125.40775">
        <ele>311.02</ele>
      </trkpt>
      <trkpt lat="6.86302" lon="125.40774">
        <ele>311.04</ele>
      </trkpt>
      <trkpt lat="6.86306" lon="125.40774">
        <ele>310.91</ele>
      </trkpt>
      <trkpt lat="6.86309" lon="125.40776">
        <ele>311.1</ele>
      </trkpt>
      <trkpt lat="6.86313" lon="125.40775">
        <ele>312.13</ele>
      </trkpt>
      <trkpt lat="6.86317" lon="125.40776">
        <ele>312.78</ele>
      </trkpt>
      <trkpt lat="6.86321" lon="125.40775">
        <ele>313.77</ele>
      </trkpt>
      <trkpt lat="6.86329" lon="125.40775">
        <ele>315.41</ele>
      </trkpt>
      <trkpt lat="6.86335" lon="125.40776">
        <ele>316.08</ele>
      </trkpt>
      <trkpt lat="6.86343" lon="125.4078">
        <ele>314.62</ele>
      </trkpt>
      <trkpt lat="6.86351" lon="125.40785">
        <ele>313.26</ele>
      </trkpt>
      <trkpt lat="6.86357" lon="125.40789">
        <ele>312.89</ele>
      </trkpt>
      <trkpt lat="6.86361" lon="125.4079">
        <ele>313.11</ele>
      </trkpt>
      <trkpt lat="6.86366" lon="125.40791">
        <ele>314.78</ele>
      </trkpt>
      <trkpt lat="6.86375" lon="125.40792">
        <ele>318.01</ele>
      </trkpt>
      <trkpt lat="6.8638" lon="125.40793">
        <ele>319.9</ele>
      </trkpt>
      <trkpt lat="6.86384" lon="125.40794">
        <ele>321.49</ele>
      </trkpt>
      <trkpt lat="6.86398" lon="125.40797">
        <ele>324.95</ele>
      </trkpt>
      <trkpt lat="6.86411" lon="125.40797">
        <ele>326.65</ele>
      </trkpt>
      <trkpt lat="6.86416" lon="125.40798">
        <ele>327.37</ele>
      </trkpt>
      <trkpt lat="6.86426" lon="125.408">
        <ele>327.06</ele>
      </trkpt>
      <trkpt lat="6.86429" lon="125.408">
        <ele>326.89</ele>
      </trkpt>
      <trkpt lat="6.86435" lon="125.40802">
        <ele>326.36</ele>
      </trkpt>
      <trkpt lat="6.8644" lon="125.40802">
        <ele>325.98</ele>
      </trkpt>
      <trkpt lat="6.86444" lon="125.40802">
        <ele>325.67</ele>
      </trkpt>
      <trkpt lat="6.86448" lon="125.40802">
        <ele>325.66</ele>
      </trkpt>
      <trkpt lat="6.86452" lon="125.40803">
        <ele>325.49</ele>
      </trkpt>
      <trkpt lat="6.86458" lon="125.40803">
        <ele>325.5</ele>
      </trkpt>
      <trkpt lat="6.86465" lon="125.40804">
        <ele>325.32</ele>
      </trkpt>
      <trkpt lat="6.86481" lon="125.40804">
        <ele>327.55</ele>
      </trkpt>
      <trkpt lat="6.86486" lon="125.40806">
        <ele>328.5</ele>
      </trkpt>
      <trkpt lat="6.86498" lon="125.40807">
        <ele>331.55</ele>
      </trkpt>
      <trkpt lat="6.86501" lon="125.40808">
        <ele>332.23</ele>
      </trkpt>
      <trkpt lat="6.86504" lon="125.40807">
        <ele>332.62</ele>
      </trkpt>
      <trkpt lat="6.86508" lon="125.40807">
        <ele>333.19</ele>
      </trkpt>
      <trkpt lat="6.86512" lon="125.40806">
        <ele>333.74</ele>
      </trkpt>
      <trkpt lat="6.86517" lon="125.40807">
        <ele>334.47</ele>
      </trkpt>
      <trkpt lat="6.86524" lon="125.40807">
        <ele>335.46</ele>
      </trkpt>
      <trkpt lat="6.86529" lon="125.40805">
        <ele>336.22</ele>
      </trkpt>
      <trkpt lat="6.86532" lon="125.40805">
        <ele>336.66</ele>
      </trkpt>
      <trkpt lat="6.86535" lon="125.40805">
        <ele>337.1</ele>
      </trkpt>
      <trkpt lat="6.86538" lon="125.40805">
        <ele>337.53</ele>
      </trkpt>
      <trkpt lat="6.8654" lon="125.40804">
        <ele>337.95</ele>
      </trkpt>
      <trkpt lat="6.86542" lon="125.40804">
        <ele>338.25</ele>
      </trkpt>
      <trkpt lat="6.86544" lon="125.40805">
        <ele>338.41</ele>
      </trkpt>
      <trkpt lat="6.8655" lon="125.40801">
        <ele>339.92</ele>
      </trkpt>
      <trkpt lat="6.86554" lon="125.40801">
        <ele>340.57</ele>
      </trkpt>
      <trkpt lat="6.86559" lon="125.40803">
        <ele>340.48</ele>
      </trkpt>
      <trkpt lat="6.86569" lon="125.40809">
        <ele>340.06</ele>
      </trkpt>
      <trkpt lat="6.86573" lon="125.4081">
        <ele>340.14</ele>
      </trkpt>
      <trkpt lat="6.86576" lon="125.40809">
        <ele>340.15</ele>
      </trkpt>
      <trkpt lat="6.86581" lon="125.40811">
        <ele>340.34</ele>
      </trkpt>
      <trkpt lat="6.86586" lon="125.40814">
        <ele>341.21</ele>
      </trkpt>
      <trkpt lat="6.8659" lon="125.40815">
        <ele>342.2</ele>
      </trkpt>
      <trkpt lat="6.86599" lon="125.40819">
        <ele>344.62</ele>
      </trkpt>
      <trkpt lat="6.86602" lon="125.40819">
        <ele>345.33</ele>
      </trkpt>
      <trkpt lat="6.8661" lon="125.4082">
        <ele>347.3</ele>
      </trkpt>
      <trkpt lat="6.86617" lon="125.40821">
        <ele>349.13</ele>
      </trkpt>
      <trkpt lat="6.86623" lon="125.40821">
        <ele>350.62</ele>
      </trkpt>
      <trkpt lat="6.86626" lon="125.40822">
        <ele>351.43</ele>
      </trkpt>
      <trkpt lat="6.86629" lon="125.40822">
        <ele>352.17</ele>
      </trkpt>
      <trkpt lat="6.86634" lon="125.40823">
        <ele>353.44</ele>
      </trkpt>
      <trkpt lat="6.86637" lon="125.40823">
        <ele>354.17</ele>
      </trkpt>
      <trkpt lat="6.86647" lon="125.40826">
        <ele>356.66</ele>
      </trkpt>
      <trkpt lat="6.86655" lon="125.40826">
        <ele>358.55</ele>
      </trkpt>
      <trkpt lat="6.86657" lon="125.40827">
        <ele>358.92</ele>
      </trkpt>
      <trkpt lat="6.8666" lon="125.40827">
        <ele>359.61</ele>
      </trkpt>
      <trkpt lat="6.86668" lon="125.40825">
        <ele>361.8</ele>
      </trkpt>
      <trkpt lat="6.86676" lon="125.40825">
        <ele>363.58</ele>
      </trkpt>
      <trkpt lat="6.86678" lon="125.40825">
        <ele>364.03</ele>
      </trkpt>
      <trkpt lat="6.8668" lon="125.40825">
        <ele>364.48</ele>
      </trkpt>
      <trkpt lat="6.86687" lon="125.40825">
        <ele>366.04</ele>
      </trkpt>
      <trkpt lat="6.86693" lon="125.40827">
        <ele>366.74</ele>
      </trkpt>
      <trkpt lat="6.86702" lon="125.40827">
        <ele>369.14</ele>
      </trkpt>
      <trkpt lat="6.86705" lon="125.40828">
        <ele>369.61</ele>
      </trkpt>
      <trkpt lat="6.86707" lon="125.40828">
        <ele>370.15</ele>
      </trkpt>
      <trkpt lat="6.8671" lon="125.40828">
        <ele>370.97</ele>
      </trkpt>
      <trkpt lat="6.86714" lon="125.40828">
        <ele>372.06</ele>
      </trkpt>
      <trkpt lat="6.86718" lon="125.40828">
        <ele>373.15</ele>
      </trkpt>
      <trkpt lat="6.86724" lon="125.40829">
        <ele>374.64</ele>
      </trkpt>
      <trkpt lat="6.86727" lon="125.40829">
        <ele>375.94</ele>
      </trkpt>
      <trkpt lat="6.86732" lon="125.40831">
        <ele>377.23</ele>
      </trkpt>
      <trkpt lat="6.86736" lon="125.40831">
        <ele>378.96</ele>
      </trkpt>
      <trkpt lat="6.86745" lon="125.40834">
        <ele>381.69</ele>
      </trkpt>
      <trkpt lat="6.86749" lon="125.40834">
        <ele>383.44</ele>
      </trkpt>
      <trkpt lat="6.86757" lon="125.40833">
        <ele>387.91</ele>
      </trkpt>
      <trkpt lat="6.86762" lon="125.40833">
        <ele>390.6</ele>
      </trkpt>
      <trkpt lat="6.86765" lon="125.40834">
        <ele>392.01</ele>
      </trkpt>
      <trkpt lat="6.86772" lon="125.40831">
        <ele>396.56</ele>
      </trkpt>
      <trkpt lat="6.86775" lon="125.40831">
        <ele>398.13</ele>
      </trkpt>
      <trkpt lat="6.86778" lon="125.40832">
        <ele>399.41</ele>
      </trkpt>
      <trkpt lat="6.86781" lon="125.40834">
        <ele>399.97</ele>
      </trkpt>
      <trkpt lat="6.86785" lon="125.40834">
        <ele>401.26</ele>
      </trkpt>
      <trkpt lat="6.86788" lon="125.40835">
        <ele>402.09</ele>
      </trkpt>
      <trkpt lat="6.86793" lon="125.40833">
        <ele>404.02</ele>
      </trkpt>
      <trkpt lat="6.86796" lon="125.40832">
        <ele>405.24</ele>
      </trkpt>
      <trkpt lat="6.86799" lon="125.40831">
        <ele>406.46</ele>
      </trkpt>
      <trkpt lat="6.86802" lon="125.4083">
        <ele>407.69</ele>
      </trkpt>
      <trkpt lat="6.86806" lon="125.40829">
        <ele>409.22</ele>
      </trkpt>
      <trkpt lat="6.86808" lon="125.4083">
        <ele>409.55</ele>
      </trkpt>
      <trkpt lat="6.8681" lon="125.40829">
        <ele>410.4</ele>
      </trkpt>
      <trkpt lat="6.86824" lon="125.40829">
        <ele>414.51</ele>
      </trkpt>
      <trkpt lat="6.86827" lon="125.4083">
        <ele>415.11</ele>
      </trkpt>
      <trkpt lat="6.86831" lon="125.40829">
        <ele>416.56</ele>
      </trkpt>
      <trkpt lat="6.86834" lon="125.40828">
        <ele>417.72</ele>
      </trkpt>
      <trkpt lat="6.86841" lon="125.40825">
        <ele>420.53</ele>
      </trkpt>
      <trkpt lat="6.86843" lon="125.40823">
        <ele>421.63</ele>
      </trkpt>
      <trkpt lat="6.86846" lon="125.40822">
        <ele>422.73</ele>
      </trkpt>
      <trkpt lat="6.86846" lon="125.4082">
        <ele>423.27</ele>
      </trkpt>
      <trkpt lat="6.86848" lon="125.4082">
        <ele>423.81</ele>
      </trkpt>
      <trkpt lat="6.86849" lon="125.40817">
        <ele>424.88</ele>
      </trkpt>
      <trkpt lat="6.86851" lon="125.40815">
        <ele>425.95</ele>
      </trkpt>
      <trkpt lat="6.86857" lon="125.40814">
        <ele>427.79</ele>
      </trkpt>
      <trkpt lat="6.86859" lon="125.40814">
        <ele>428.32</ele>
      </trkpt>
      <trkpt lat="6.8686" lon="125.40813">
        <ele>428.83</ele>
      </trkpt>
      <trkpt lat="6.86861" lon="125.40814">
        <ele>428.84</ele>
      </trkpt>
      <trkpt lat="6.86863" lon="125.40813">
        <ele>429.69</ele>
      </trkpt>
      <trkpt lat="6.86866" lon="125.40811">
        <ele>431.07</ele>
      </trkpt>
      <trkpt lat="6.86868" lon="125.40809">
        <ele>432.15</ele>
      </trkpt>
      <trkpt lat="6.86871" lon="125.40808">
        <ele>433.26</ele>
      </trkpt>
      <trkpt lat="6.86874" lon="125.40805">
        <ele>434.84</ele>
      </trkpt>
      <trkpt lat="6.86878" lon="125.40804">
        <ele>436.22</ele>
      </trkpt>
      <trkpt lat="6.86881" lon="125.40803">
        <ele>437.31</ele>
      </trkpt>
      <trkpt lat="6.86882" lon="125.40802">
        <ele>437.82</ele>
      </trkpt>
      <trkpt lat="6.86884" lon="125.40801">
        <ele>438.6</ele>
      </trkpt>
      <trkpt lat="6.86885" lon="125.408">
        <ele>439.11</ele>
      </trkpt>
      <trkpt lat="6.86886" lon="125.40798">
        <ele>439.83</ele>
      </trkpt>
      <trkpt lat="6.86885" lon="125.40796">
        <ele>439.99</ele>
      </trkpt>
      <trkpt lat="6.86887" lon="125.40792">
        <ele>441.42</ele>
      </trkpt>
      <trkpt lat="6.86888" lon="125.4079">
        <ele>442.12</ele>
      </trkpt>
      <trkpt lat="6.8689" lon="125.4079">
        <ele>442.64</ele>
      </trkpt>
      <trkpt lat="6.86894" lon="125.40787">
        <ele>444.3</ele>
      </trkpt>
      <trkpt lat="6.86897" lon="125.40785">
        <ele>445.48</ele>
      </trkpt>
      <trkpt lat="6.86901" lon="125.40784">
        <ele>446.71</ele>
      </trkpt>
      <trkpt lat="6.86903" lon="125.40783">
        <ele>447.43</ele>
      </trkpt>
      <trkpt lat="6.86904" lon="125.40782">
        <ele>447.9</ele>
      </trkpt>
      <trkpt lat="6.86906" lon="125.4078">
        <ele>448.83</ele>
      </trkpt>
      <trkpt lat="6.86907" lon="125.40776">
        <ele>449.91</ele>
      </trkpt>
      <trkpt lat="6.86906" lon="125.40774">
        <ele>450.04</ele>
      </trkpt>
      <trkpt lat="6.86906" lon="125.40768">
        <ele>451.21</ele>
      </trkpt>
      <trkpt lat="6.86906" lon="125.40765">
        <ele>451.79</ele>
      </trkpt>
      <trkpt lat="6.86906" lon="125.4076">
        <ele>452.76</ele>
      </trkpt>
      <trkpt lat="6.86905" lon="125.40758">
        <ele>452.92</ele>
      </trkpt>
      <trkpt lat="6.86906" lon="125.40755">
        <ele>453.73</ele>
      </trkpt>
      <trkpt lat="6.86905" lon="125.40754">
        <ele>453.7</ele>
      </trkpt>
      <trkpt lat="6.86905" lon="125.40753">
        <ele>453.89</ele>
      </trkpt>
      <trkpt lat="6.86906" lon="125.40751">
        <ele>454.5</ele>
      </trkpt>
      <trkpt lat="6.86907" lon="125.40751">
        <ele>454.72</ele>
      </trkpt>
      <trkpt lat="6.86908" lon="125.40751">
        <ele>454.94</ele>
      </trkpt>
      <trkpt lat="6.86914" lon="125.40744">
        <ele>458.56</ele>
      </trkpt>
      <trkpt lat="6.86916" lon="125.40739">
        <ele>460.81</ele>
      </trkpt>
      <trkpt lat="6.86916" lon="125.40737">
        <ele>461.52</ele>
      </trkpt>
      <trkpt lat="6.86916" lon="125.40735">
        <ele>462.24</ele>
      </trkpt>
      <trkpt lat="6.86917" lon="125.40733">
        <ele>463.26</ele>
      </trkpt>
      <trkpt lat="6.86917" lon="125.40733">
        <ele>463.26</ele>
      </trkpt>
      <trkpt lat="6.86917" lon="125.40732">
        <ele>463.62</ele>
      </trkpt>
      <trkpt lat="6.86917" lon="125.4073">
        <ele>464.34</ele>
      </trkpt>
      <trkpt lat="6.86916" lon="125.40727">
        <ele>465.12</ele>
      </trkpt>
      <trkpt lat="6.86913" lon="125.40719">
        <ele>467.34</ele>
      </trkpt>
      <trkpt lat="6.86909" lon="125.40707">
        <ele>470.94</ele>
      </trkpt>
      <trkpt lat="6.86904" lon="125.40698">
        <ele>473.0</ele>
      </trkpt>
      <trkpt lat="6.869" lon="125.40684">
        <ele>476.73</ele>
      </trkpt>
      <trkpt lat="6.869" lon="125.40665">
        <ele>482.31</ele>
      </trkpt>
      <trkpt lat="6.86901" lon="125.40658">
        <ele>481.4</ele>
      </trkpt>
      <trkpt lat="6.86903" lon="125.40652">
        <ele>480.92</ele>
      </trkpt>
      <trkpt lat="6.86908" lon="125.4065">
        <ele>481.97</ele>
      </trkpt>
      <trkpt lat="6.8691" lon="125.40649">
        <ele>482.33</ele>
      </trkpt>
      <trkpt lat="6.86916" lon="125.40648">
        <ele>483.78</ele>
      </trkpt>
      <trkpt lat="6.86928" lon="125.40647">
        <ele>486.44</ele>
      </trkpt>
      <trkpt lat="6.86942" lon="125.40648">
        <ele>490.04</ele>
      </trkpt>
      <trkpt lat="6.86951" lon="125.40648">
        <ele>492.12</ele>
      </trkpt>
      <trkpt lat="6.86957" lon="125.40649">
        <ele>493.79</ele>
      </trkpt>
      <trkpt lat="6.86961" lon="125.40649">
        <ele>494.7</ele>
      </trkpt>
      <trkpt lat="6.86965" lon="125.4065">
        <ele>495.94</ele>
      </trkpt>
      <trkpt lat="6.86972" lon="125.40653">
        <ele>498.52</ele>
      </trkpt>
      <trkpt lat="6.86976" lon="125.40653">
        <ele>499.53</ele>
      </trkpt>
      <trkpt lat="6.86983" lon="125.40658">
        <ele>503.05</ele>
      </trkpt>
      <trkpt lat="6.86987" lon="125.40659">
        <ele>504.48</ele>
      </trkpt>
      <trkpt lat="6.86991" lon="125.4066">
        <ele>505.92</ele>
      </trkpt>
      <trkpt lat="6.86995" lon="125.4066">
        <ele>507.01</ele>
      </trkpt>
      <trkpt lat="6.86998" lon="125.40661">
        <ele>508.21</ele>
      </trkpt>
      <trkpt lat="6.87001" lon="125.40662">
        <ele>509.33</ele>
      </trkpt>
      <trkpt lat="6.87005" lon="125.40664">
        <ele>510.84</ele>
      </trkpt>
      <trkpt lat="6.87008" lon="125.40664">
        <ele>511.38</ele>
      </trkpt>
      <trkpt lat="6.87012" lon="125.40666">
        <ele>512.9</ele>
      </trkpt>
      <trkpt lat="6.8702" lon="125.40667">
        <ele>514.54</ele>
      </trkpt>
      <trkpt lat="6.87022" lon="125.40668">
        <ele>514.71</ele>
      </trkpt>
      <trkpt lat="6.87024" lon="125.40668">
        <ele>515.07</ele>
      </trkpt>
      <trkpt lat="6.8703" lon="125.40673">
        <ele>515.26</ele>
      </trkpt>
      <trkpt lat="6.87037" lon="125.40676">
        <ele>515.98</ele>
      </trkpt>
      <trkpt lat="6.87041" lon="125.40676">
        <ele>516.7</ele>
      </trkpt>
      <trkpt lat="6.8705" lon="125.40679">
        <ele>517.78</ele>
      </trkpt>
      <trkpt lat="6.87051" lon="125.40679">
        <ele>517.96</ele>
      </trkpt>
      <trkpt lat="6.87053" lon="125.4068">
        <ele>518.14</ele>
      </trkpt>
      <trkpt lat="6.87056" lon="125.40679">
        <ele>518.87</ele>
      </trkpt>
      <trkpt lat="6.87064" lon="125.40679">
        <ele>520.43</ele>
      </trkpt>
      <trkpt lat="6.87065" lon="125.4068">
        <ele>520.46</ele>
      </trkpt>
      <trkpt lat="6.87067" lon="125.4068">
        <ele>520.86</ele>
      </trkpt>
      <trkpt lat="6.87069" lon="125.40682">
        <ele>520.93</ele>
      </trkpt>
      <trkpt lat="6.87074" lon="125.40683">
        <ele>521.77</ele>
      </trkpt>
      <trkpt lat="6.87078" lon="125.40684">
        <ele>522.42</ele>
      </trkpt>
      <trkpt lat="6.87082" lon="125.40684">
        <ele>523.23</ele>
      </trkpt>
      <trkpt lat="6.87086" lon="125.40683">
        <ele>524.11</ele>
      </trkpt>
      <trkpt lat="6.87091" lon="125.40683">
        <ele>524.96</ele>
      </trkpt>
      <trkpt lat="6.87097" lon="125.40684">
        <ele>525.9</ele>
      </trkpt>
      <trkpt lat="6.87103" lon="125.4069">
        <ele>526.55</ele>
      </trkpt>
      <trkpt lat="6.87112" lon="125.40693">
        <ele>528.21</ele>
      </trkpt>
      <trkpt lat="6.87115" lon="125.40695">
        <ele>528.67</ele>
      </trkpt>
      <trkpt lat="6.87118" lon="125.40694">
        <ele>529.25</ele>
      </trkpt>
      <trkpt lat="6.87125" lon="125.40694">
        <ele>530.51</ele>
      </trkpt>
      <trkpt lat="6.87132" lon="125.40696">
        <ele>531.77</ele>
      </trkpt>
      <trkpt lat="6.87134" lon="125.40695">
        <ele>532.13</ele>
      </trkpt>
      <trkpt lat="6.87136" lon="125.40695">
        <ele>532.49</ele>
      </trkpt>
      <trkpt lat="6.87139" lon="125.40695">
        <ele>533.04</ele>
      </trkpt>
      <trkpt lat="6.87142" lon="125.40696">
        <ele>533.74</ele>
      </trkpt>
      <trkpt lat="6.87145" lon="125.40696">
        <ele>534.4</ele>
      </trkpt>
      <trkpt lat="6.87148" lon="125.40698">
        <ele>535.18</ele>
      </trkpt>
      <trkpt lat="6.8715" lon="125.40697">
        <ele>535.57</ele>
      </trkpt>
      <trkpt lat="6.87157" lon="125.40701">
        <ele>537.46</ele>
      </trkpt>
      <trkpt lat="6.8716" lon="125.40702">
        <ele>538.25</ele>
      </trkpt>
      <trkpt lat="6.87162" lon="125.40703">
        <ele>538.81</ele>
      </trkpt>
      <trkpt lat="6.87165" lon="125.40703">
        <ele>539.53</ele>
      </trkpt>
      <trkpt lat="6.87166" lon="125.40703">
        <ele>539.77</ele>
      </trkpt>
      <trkpt lat="6.87168" lon="125.40703">
        <ele>540.27</ele>
      </trkpt>
      <trkpt lat="6.87171" lon="125.40704">
        <ele>541.18</ele>
      </trkpt>
      <trkpt lat="6.87181" lon="125.40704">
        <ele>543.82</ele>
      </trkpt>
      <trkpt lat="6.87184" lon="125.40705">
        <ele>544.75</ele>
      </trkpt>
      <trkpt lat="6.87189" lon="125.40703">
        <ele>545.8</ele>
      </trkpt>
      <trkpt lat="6.87192" lon="125.40703">
        <ele>546.59</ele>
      </trkpt>
      <trkpt lat="6.87194" lon="125.40704">
        <ele>547.26</ele>
      </trkpt>
      <trkpt lat="6.87202" lon="125.40706">
        <ele>549.68</ele>
      </trkpt>
      <trkpt lat="6.87208" lon="125.40709">
        <ele>551.77</ele>
      </trkpt>
      <trkpt lat="6.87214" lon="125.40712">
        <ele>553.9</ele>
      </trkpt>
      <trkpt lat="6.87219" lon="125.40714">
        <ele>555.63</ele>
      </trkpt>
      <trkpt lat="6.87225" lon="125.40715">
        <ele>557.47</ele>
      </trkpt>
      <trkpt lat="6.87228" lon="125.40714">
        <ele>558.12</ele>
      </trkpt>
      <trkpt lat="6.87231" lon="125.40714">
        <ele>558.95</ele>
      </trkpt>
      <trkpt lat="6.87233" lon="125.40713">
        <ele>559.32</ele>
      </trkpt>
      <trkpt lat="6.87237" lon="125.40713">
        <ele>560.42</ele>
      </trkpt>
      <trkpt lat="6.87241" lon="125.4071">
        <ele>560.91</ele>
      </trkpt>
      <trkpt lat="6.87245" lon="125.40708">
        <ele>561.58</ele>
      </trkpt>
      <trkpt lat="6.87249" lon="125.40708">
        <ele>562.66</ele>
      </trkpt>
      <trkpt lat="6.87252" lon="125.40708">
        <ele>563.36</ele>
      </trkpt>
      <trkpt lat="6.87253" lon="125.40708">
        <ele>563.58</ele>
      </trkpt>
      <trkpt lat="6.87255" lon="125.40708">
        <ele>564.01</ele>
      </trkpt>
      <trkpt lat="6.87256" lon="125.40708">
        <ele>564.22</ele>
      </trkpt>
      <trkpt lat="6.87258" lon="125.40707">
        <ele>564.44</ele>
      </trkpt>
      <trkpt lat="6.87261" lon="125.40708">
        <ele>565.3</ele>
      </trkpt>
      <trkpt lat="6.87262" lon="125.40708">
        <ele>565.52</ele>
      </trkpt>
      <trkpt lat="6.87264" lon="125.40709">
        <ele>566.17</ele>
      </trkpt>
      <trkpt lat="6.87274" lon="125.40708">
        <ele>568.11</ele>
      </trkpt>
      <trkpt lat="6.87278" lon="125.40708">
        <ele>568.98</ele>
      </trkpt>
      <trkpt lat="6.87283" lon="125.40711">
        <ele>570.74</ele>
      </trkpt>
      <trkpt lat="6.87286" lon="125.4071">
        <ele>571.17</ele>
      </trkpt>
      <trkpt lat="6.87296" lon="125.4071">
        <ele>573.37</ele>
      </trkpt>
      <trkpt lat="6.87298" lon="125.40711">
        <ele>574.08</ele>
      </trkpt>
      <trkpt lat="6.87301" lon="125.4071">
        <ele>574.48</ele>
      </trkpt>
      <trkpt lat="6.87302" lon="125.4071">
        <ele>574.7</ele>
      </trkpt>
      <trkpt lat="6.87312" lon="125.40713">
        <ele>577.81</ele>
      </trkpt>
      <trkpt lat="6.87313" lon="125.40714">
        <ele>578.35</ele>
      </trkpt>
      <trkpt lat="6.87314" lon="125.40715">
        <ele>578.89</ele>
      </trkpt>
      <trkpt lat="6.87318" lon="125.40719">
        <ele>581.1</ele>
      </trkpt>
      <trkpt lat="6.87322" lon="125.40722">
        <ele>583.07</ele>
      </trkpt>
      <trkpt lat="6.87328" lon="125.40727">
        <ele>586.17</ele>
      </trkpt>
      <trkpt lat="6.87331" lon="125.40728">
        <ele>587.27</ele>
      </trkpt>
      <trkpt lat="6.87334" lon="125.40729">
        <ele>588.37</ele>
      </trkpt>
      <trkpt lat="6.87337" lon="125.4073">
        <ele>589.48</ele>
      </trkpt>
      <trkpt lat="6.87339" lon="125.40733">
        <ele>591.0</ele>
      </trkpt>
      <trkpt lat="6.87341" lon="125.40735">
        <ele>592.2</ele>
      </trkpt>
      <trkpt lat="6.87343" lon="125.40735">
        <ele>592.74</ele>
      </trkpt>
      <trkpt lat="6.87344" lon="125.40734">
        <ele>592.67</ele>
      </trkpt>
      <trkpt lat="6.87349" lon="125.40737">
        <ele>595.04</ele>
      </trkpt>
      <trkpt lat="6.87351" lon="125.40737">
        <ele>595.58</ele>
      </trkpt>
      <trkpt lat="6.87353" lon="125.40738">
        <ele>596.47</ele>
      </trkpt>
      <trkpt lat="6.87354" lon="125.40737">
        <ele>596.39</ele>
      </trkpt>
      <trkpt lat="6.87359" lon="125.40741">
        <ele>599.18</ele>
      </trkpt>
      <trkpt lat="6.87362" lon="125.40742">
        <ele>600.34</ele>
      </trkpt>
      <trkpt lat="6.87368" lon="125.40743">
        <ele>602.22</ele>
      </trkpt>
      <trkpt lat="6.87376" lon="125.40743">
        <ele>604.23</ele>
      </trkpt>
      <trkpt lat="6.8738" lon="125.40744">
        <ele>605.6</ele>
      </trkpt>
      <trkpt lat="6.87382" lon="125.40745">
        <ele>606.46</ele>
      </trkpt>
      <trkpt lat="6.87387" lon="125.40745">
        <ele>607.72</ele>
      </trkpt>
      <trkpt lat="6.8739" lon="125.40746">
        <ele>608.87</ele>
      </trkpt>
      <trkpt lat="6.87402" lon="125.40746">
        <ele>612.27</ele>
      </trkpt>
      <trkpt lat="6.87405" lon="125.40747">
        <ele>613.5</ele>
      </trkpt>
      <trkpt lat="6.87407" lon="125.40752">
        <ele>615.29</ele>
      </trkpt>
      <trkpt lat="6.87408" lon="125.40754">
        <ele>615.65</ele>
      </trkpt>
      <trkpt lat="6.8741" lon="125.40759">
        <ele>616.4</ele>
      </trkpt>
      <trkpt lat="6.87412" lon="125.40761">
        <ele>617.05</ele>
      </trkpt>
      <trkpt lat="6.87416" lon="125.40766">
        <ele>618.38</ele>
      </trkpt>
      <trkpt lat="6.87425" lon="125.40771">
        <ele>621.08</ele>
      </trkpt>
      <trkpt lat="6.87438" lon="125.4078">
        <ele>625.27</ele>
      </trkpt>
      <trkpt lat="6.87448" lon="125.40784">
        <ele>628.5</ele>
      </trkpt>
      <trkpt lat="6.87455" lon="125.40785">
        <ele>630.66</ele>
      </trkpt>
      <trkpt lat="6.87458" lon="125.40786">
        <ele>631.64</ele>
      </trkpt>
      <trkpt lat="6.87463" lon="125.40789">
        <ele>633.42</ele>
      </trkpt>
      <trkpt lat="6.87465" lon="125.4079">
        <ele>634.13</ele>
      </trkpt>
      <trkpt lat="6.87471" lon="125.4079">
        <ele>635.95</ele>
      </trkpt>
      <trkpt lat="6.87474" lon="125.40791">
        <ele>637.0</ele>
      </trkpt>
      <trkpt lat="6.87483" lon="125.40791">
        <ele>639.9</ele>
      </trkpt>
      <trkpt lat="6.87489" lon="125.40791">
        <ele>641.84</ele>
      </trkpt>
      <trkpt lat="6.87496" lon="125.40791">
        <ele>644.09</ele>
      </trkpt>
      <trkpt lat="6.87496" lon="125.40791">
        <ele>644.09</ele>
      </trkpt>
      <trkpt lat="6.87499" lon="125.4079">
        <ele>644.88</ele>
      </trkpt>
      <trkpt lat="6.87504" lon="125.4079">
        <ele>646.08</ele>
      </trkpt>
      <trkpt lat="6.87506" lon="125.40789">
        <ele>646.36</ele>
      </trkpt>
      <trkpt lat="6.87509" lon="125.40789">
        <ele>647.03</ele>
      </trkpt>
      <trkpt lat="6.87514" lon="125.40787">
        <ele>647.85</ele>
      </trkpt>
      <trkpt lat="6.87518" lon="125.40789">
        <ele>649.03</ele>
      </trkpt>
      <trkpt lat="6.8752" lon="125.40789">
        <ele>649.48</ele>
      </trkpt>
      <trkpt lat="6.87522" lon="125.4079">
        <ele>650.05</ele>
      </trkpt>
      <trkpt lat="6.87524" lon="125.4079">
        <ele>650.49</ele>
      </trkpt>
      <trkpt lat="6.87526" lon="125.40789">
        <ele>650.82</ele>
      </trkpt>
      <trkpt lat="6.87527" lon="125.4079">
        <ele>651.15</ele>
      </trkpt>
      <trkpt lat="6.87539" lon="125.40787">
        <ele>653.56</ele>
      </trkpt>
      <trkpt lat="6.87542" lon="125.40786">
        <ele>654.17</ele>
      </trkpt>
      <trkpt lat="6.87547" lon="125.40785">
        <ele>655.26</ele>
      </trkpt>
      <trkpt lat="6.8755" lon="125.40786">
        <ele>656.01</ele>
      </trkpt>
      <trkpt lat="6.87554" lon="125.40785">
        <ele>656.9</ele>
      </trkpt>
      <trkpt lat="6.87556" lon="125.40787">
        <ele>657.43</ele>
      </trkpt>
      <trkpt lat="6.87559" lon="125.40789">
        <ele>658.17</ele>
      </trkpt>
      <trkpt lat="6.87562" lon="125.40792">
        <ele>658.9</ele>
      </trkpt>
      <trkpt lat="6.87568" lon="125.40792">
        <ele>660.19</ele>
      </trkpt>
      <trkpt lat="6.87571" lon="125.40791">
        <ele>660.84</ele>
      </trkpt>
      <trkpt lat="6.87577" lon="125.40793">
        <ele>662.11</ele>
      </trkpt>
      <trkpt lat="6.87582" lon="125.40793">
        <ele>663.17</ele>
      </trkpt>
      <trkpt lat="6.87582" lon="125.40794">
        <ele>663.14</ele>
      </trkpt>
      <trkpt lat="6.87587" lon="125.40795">
        <ele>664.37</ele>
      </trkpt>
      <trkpt lat="6.87597" lon="125.40792">
        <ele>667.4</ele>
      </trkpt>
      <trkpt lat="6.87613" lon="125.40786">
        <ele>672.92</ele>
      </trkpt>
      <trkpt lat="6.87646" lon="125.40773">
        <ele>685.89</ele>
      </trkpt>
      <trkpt lat="6.87661" lon="125.40774">
        <ele>691.68</ele>
      </trkpt>
      <trkpt lat="6.87668" lon="125.40775">
        <ele>694.08</ele>
      </trkpt>
      <trkpt lat="6.8767" lon="125.40776">
        <ele>694.41</ele>
      </trkpt>
      <trkpt lat="6.87673" lon="125.40777">
        <ele>695.02</ele>
      </trkpt>
      <trkpt lat="6.87675" lon="125.40778">
        <ele>695.34</ele>
      </trkpt>
      <trkpt lat="6.87683" lon="125.40778">
        <ele>697.64</ele>
      </trkpt>
      <trkpt lat="6.87685" lon="125.40778">
        <ele>698.22</ele>
      </trkpt>
      <trkpt lat="6.87689" lon="125.40775">
        <ele>700.13</ele>
      </trkpt>
      <trkpt lat="6.87692" lon="125.40774">
        <ele>701.25</ele>
      </trkpt>
      <trkpt lat="6.87695" lon="125.40774">
        <ele>702.11</ele>
      </trkpt>
      <trkpt lat="6.87699" lon="125.40773">
        <ele>703.49</ele>
      </trkpt>
      <trkpt lat="6.87707" lon="125.40768">
        <ele>706.92</ele>
      </trkpt>
      <trkpt lat="6.87713" lon="125.40766">
        <ele>709.03</ele>
      </trkpt>
      <trkpt lat="6.87715" lon="125.40766">
        <ele>709.57</ele>
      </trkpt>
      <trkpt lat="6.87717" lon="125.40767">
        <ele>709.9</ele>
      </trkpt>
      <trkpt lat="6.8772" lon="125.40766">
        <ele>710.94</ele>
      </trkpt>
      <trkpt lat="6.87724" lon="125.40769">
        <ele>711.41</ele>
      </trkpt>
      <trkpt lat="6.87729" lon="125.40769">
        <ele>712.85</ele>
      </trkpt>
      <trkpt lat="6.87731" lon="125.40771">
        <ele>712.99</ele>
      </trkpt>
      <trkpt lat="6.87735" lon="125.4077">
        <ele>714.36</ele>
      </trkpt>
      <trkpt lat="6.87737" lon="125.4077">
        <ele>714.94</ele>
      </trkpt>
      <trkpt lat="6.87738" lon="125.40771">
        <ele>715.01</ele>
      </trkpt>
      <trkpt lat="6.87743" lon="125.40771">
        <ele>716.45</ele>
      </trkpt>
      <trkpt lat="6.87748" lon="125.40772">
        <ele>717.67</ele>
      </trkpt>
      <trkpt lat="6.87751" lon="125.40772">
        <ele>718.54</ele>
      </trkpt>
      <trkpt lat="6.87754" lon="125.40772">
        <ele>719.43</ele>
      </trkpt>
      <trkpt lat="6.87757" lon="125.40773">
        <ele>720.09</ele>
      </trkpt>
      <trkpt lat="6.8776" lon="125.40773">
        <ele>720.97</ele>
      </trkpt>
      <trkpt lat="6.87764" lon="125.40773">
        <ele>722.15</ele>
      </trkpt>
      <trkpt lat="6.87768" lon="125.40774">
        <ele>723.09</ele>
      </trkpt>
      <trkpt lat="6.87769" lon="125.40775">
        <ele>723.14</ele>
      </trkpt>
      <trkpt lat="6.87774" lon="125.40775">
        <ele>724.6</ele>
      </trkpt>
      <trkpt lat="6.87776" lon="125.40776">
        <ele>724.93</ele>
      </trkpt>
      <trkpt lat="6.87779" lon="125.40775">
        <ele>726.1</ele>
      </trkpt>
      <trkpt lat="6.87782" lon="125.40776">
        <ele>726.82</ele>
      </trkpt>
      <trkpt lat="6.87783" lon="125.40776">
        <ele>727.14</ele>
      </trkpt>
      <trkpt lat="6.87786" lon="125.40775">
        <ele>728.36</ele>
      </trkpt>
      <trkpt lat="6.87789" lon="125.40775">
        <ele>729.34</ele>
      </trkpt>
      <trkpt lat="6.87794" lon="125.40773">
        <ele>731.46</ele>
      </trkpt>
      <trkpt lat="6.87795" lon="125.40774">
        <ele>731.53</ele>
      </trkpt>
      <trkpt lat="6.87798" lon="125.40774">
        <ele>732.5</ele>
      </trkpt>
      <trkpt lat="6.87801" lon="125.40775">
        <ele>733.22</ele>
      </trkpt>
      <trkpt lat="6.87803" lon="125.40774">
        <ele>734.12</ele>
      </trkpt>
      <trkpt lat="6.87807" lon="125.40774">
        <ele>735.38</ele>
      </trkpt>
      <trkpt lat="6.87813" lon="125.40774">
        <ele>737.13</ele>
      </trkpt>
      <trkpt lat="6.87817" lon="125.40775">
        <ele>738.04</ele>
      </trkpt>
      <trkpt lat="6.87822" lon="125.40777">
        <ele>738.95</ele>
      </trkpt>
      <trkpt lat="6.87825" lon="125.40777">
        <ele>739.82</ele>
      </trkpt>
      <trkpt lat="6.8783" lon="125.40776">
        <ele>741.54</ele>
      </trkpt>
      <trkpt lat="6.87831" lon="125.40777">
        <ele>741.55</ele>
      </trkpt>
      <trkpt lat="6.87834" lon="125.40775">
        <ele>743.02</ele>
      </trkpt>
      <trkpt lat="6.87836" lon="125.40774">
        <ele>743.97</ele>
      </trkpt>
      <trkpt lat="6.8784" lon="125.40775">
        <ele>744.98</ele>
      </trkpt>
      <trkpt lat="6.87842" lon="125.40776">
        <ele>745.34</ele>
      </trkpt>
      <trkpt lat="6.87844" lon="125.40777">
        <ele>745.69</ele>
      </trkpt>
      <trkpt lat="6.87845" lon="125.40777">
        <ele>746.02</ele>
      </trkpt>
      <trkpt lat="6.87847" lon="125.40777">
        <ele>746.67</ele>
      </trkpt>
      <trkpt lat="6.87852" lon="125.4078">
        <ele>747.38</ele>
      </trkpt>
      <trkpt lat="6.87856" lon="125.4078">
        <ele>748.65</ele>
      </trkpt>
      <trkpt lat="6.87859" lon="125.4078">
        <ele>749.61</ele>
      </trkpt>
      <trkpt lat="6.87863" lon="125.40779">
        <ele>751.15</ele>
      </trkpt>
      <trkpt lat="6.87868" lon="125.40779">
        <ele>752.58</ele>
      </trkpt>
      <trkpt lat="6.87872" lon="125.40778">
        <ele>754.06</ele>
      </trkpt>
      <trkpt lat="6.87876" lon="125.40777">
        <ele>755.56</ele>
      </trkpt>
      <trkpt lat="6.87879" lon="125.40777">
        <ele>756.42</ele>
      </trkpt>
      <trkpt lat="6.8789" lon="125.40773">
        <ele>761.05</ele>
      </trkpt>
      <trkpt lat="6.87897" lon="125.40772">
        <ele>763.54</ele>
      </trkpt>
      <trkpt lat="6.87899" lon="125.40772">
        <ele>764.14</ele>
      </trkpt>
      <trkpt lat="6.87902" lon="125.40771">
        <ele>765.45</ele>
      </trkpt>
      <trkpt lat="6.87906" lon="125.40772">
        <ele>766.26</ele>
      </trkpt>
      <trkpt lat="6.87916" lon="125.4077">
        <ele>770.15</ele>
      </trkpt>
      <trkpt lat="6.87925" lon="125.4077">
        <ele>773.36</ele>
      </trkpt>
      <trkpt lat="6.87931" lon="125.40772">
        <ele>774.66</ele>
      </trkpt>
      <trkpt lat="6.87932" lon="125.40772">
        <ele>775.02</ele>
      </trkpt>
      <trkpt lat="6.87936" lon="125.40771">
        <ele>776.89</ele>
      </trkpt>
      <trkpt lat="6.87946" lon="125.40771">
        <ele>780.46</ele>
      </trkpt>
      <trkpt lat="6.87954" lon="125.40769">
        <ele>784.11</ele>
      </trkpt>
      <trkpt lat="6.87957" lon="125.40767">
        <ele>786.07</ele>
      </trkpt>
      <trkpt lat="6.87961" lon="125.40767">
        <ele>787.48</ele>
      </trkpt>
      <trkpt lat="6.87962" lon="125.40766">
        <ele>788.31</ele>
      </trkpt>
      <trkpt lat="6.87967" lon="125.40766">
        <ele>790.08</ele>
      </trkpt>
      <trkpt lat="6.87974" lon="125.40764">
        <ele>793.58</ele>
      </trkpt>
      <trkpt lat="6.87978" lon="125.40764">
        <ele>795.02</ele>
      </trkpt>
      <trkpt lat="6.8798" lon="125.40764">
        <ele>795.74</ele>
      </trkpt>
      <trkpt lat="6.87988" lon="125.40762">
        <ele>799.63</ele>
      </trkpt>
      <trkpt lat="6.87994" lon="125.40763">
        <ele>801.29</ele>
      </trkpt>
      <trkpt lat="6.87997" lon="125.40762">
        <ele>802.87</ele>
      </trkpt>
      <trkpt lat="6.88" lon="125.40762">
        <ele>803.95</ele>
      </trkpt>
      <trkpt lat="6.88004" lon="125.40762">
        <ele>805.66</ele>
      </trkpt>
      <trkpt lat="6.88009" lon="125.4076">
        <ele>808.76</ele>
      </trkpt>
      <trkpt lat="6.88017" lon="125.40758">
        <ele>813.05</ele>
      </trkpt>
      <trkpt lat="6.88019" lon="125.40759">
        <ele>813.43</ele>
      </trkpt>
      <trkpt lat="6.88024" lon="125.40759">
        <ele>815.53</ele>
      </trkpt>
      <trkpt lat="6.88028" lon="125.4076">
        <ele>816.78</ele>
      </trkpt>
      <trkpt lat="6.88034" lon="125.40759">
        <ele>819.8</ele>
      </trkpt>
      <trkpt lat="6.88036" lon="125.4076">
        <ele>820.23</ele>
      </trkpt>
      <trkpt lat="6.88038" lon="125.40761">
        <ele>820.66</ele>
      </trkpt>
      <trkpt lat="6.88043" lon="125.40762">
        <ele>822.39</ele>
      </trkpt>
      <trkpt lat="6.88049" lon="125.40763">
        <ele>824.55</ele>
      </trkpt>
      <trkpt lat="6.88058" lon="125.40764">
        <ele>828.01</ele>
      </trkpt>
      <trkpt lat="6.88064" lon="125.40766">
        <ele>829.78</ele>
      </trkpt>
      <trkpt lat="6.88068" lon="125.40766">
        <ele>831.53</ele>
      </trkpt>
      <trkpt lat="6.88081" lon="125.40761">
        <ele>839.05</ele>
      </trkpt>
      <trkpt lat="6.88084" lon="125.40759">
        <ele>841.18</ele>
      </trkpt>
      <trkpt lat="6.88087" lon="125.40757">
        <ele>843.79</ele>
      </trkpt>
      <trkpt lat="6.88095" lon="125.40756">
        <ele>849.22</ele>
      </trkpt>
      <trkpt lat="6.88103" lon="125.40756">
        <ele>854.28</ele>
      </trkpt>
      <trkpt lat="6.88109" lon="125.40756">
        <ele>858.07</ele>
      </trkpt>
      <trkpt lat="6.88112" lon="125.40756">
        <ele>859.94</ele>
      </trkpt>
      <trkpt lat="6.88114" lon="125.40755">
        <ele>861.57</ele>
      </trkpt>
      <trkpt lat="6.8812" lon="125.40755">
        <ele>865.16</ele>
      </trkpt>
      <trkpt lat="6.88124" lon="125.40755">
        <ele>867.56</ele>
      </trkpt>
      <trkpt lat="6.88126" lon="125.40756">
        <ele>868.29</ele>
      </trkpt>
      <trkpt lat="6.88135" lon="125.40756">
        <ele>873.66</ele>
      </trkpt>
      <trkpt lat="6.88136" lon="125.40756">
        <ele>874.25</ele>
      </trkpt>
      <trkpt lat="6.88144" lon="125.40759">
        <ele>877.66</ele>
      </trkpt>
      <trkpt lat="6.88147" lon="125.40759">
        <ele>879.53</ele>
      </trkpt>
      <trkpt lat="6.88149" lon="125.40756">
        <ele>882.37</ele>
      </trkpt>
      <trkpt lat="6.88149" lon="125.40752">
        <ele>884.49</ele>
      </trkpt>
      <trkpt lat="6.88149" lon="125.40749">
        <ele>885.17</ele>
      </trkpt>
      <trkpt lat="6.88152" lon="125.40745">
        <ele>885.53</ele>
      </trkpt>
      <trkpt lat="6.88154" lon="125.40742">
        <ele>885.6</ele>
      </trkpt>
      <trkpt lat="6.88161" lon="125.40735">
        <ele>887.07</ele>
      </trkpt>
      <trkpt lat="6.88162" lon="125.40732">
        <ele>886.42</ele>
      </trkpt>
      <trkpt lat="6.88165" lon="125.40722">
        <ele>883.95</ele>
      </trkpt>
      <trkpt lat="6.88167" lon="125.40719">
        <ele>883.84</ele>
      </trkpt>
      <trkpt lat="6.88169" lon="125.40716">
        <ele>883.34</ele>
      </trkpt>
      <trkpt lat="6.88171" lon="125.40716">
        <ele>884.03</ele>
      </trkpt>
      <trkpt lat="6.88171" lon="125.40717">
        <ele>884.43</ele>
      </trkpt>
      <trkpt lat="6.88172" lon="125.40721">
        <ele>886.42</ele>
      </trkpt>
      <trkpt lat="6.88173" lon="125.40723">
        <ele>887.63</ele>
      </trkpt>
      <trkpt lat="6.88175" lon="125.40725">
        <ele>889.26</ele>
      </trkpt>
      <trkpt lat="6.88178" lon="125.40728">
        <ele>891.75</ele>
      </trkpt>
      <trkpt lat="6.8818" lon="125.40732">
        <ele>894.36</ele>
      </trkpt>
      <trkpt lat="6.88185" lon="125.40735">
        <ele>897.73</ele>
      </trkpt>
      <trkpt lat="6.8819" lon="125.40737">
        <ele>900.68</ele>
      </trkpt>
      <trkpt lat="6.88193" lon="125.40739">
        <ele>902.87</ele>
      </trkpt>
      <trkpt lat="6.88195" lon="125.40741">
        <ele>904.69</ele>
      </trkpt>
      <trkpt lat="6.88196" lon="125.40743">
        <ele>906.12</ele>
      </trkpt>
      <trkpt lat="6.88198" lon="125.40744">
        <ele>907.46</ele>
      </trkpt>
      <trkpt lat="6.88204" lon="125.40745">
        <ele>910.48</ele>
      </trkpt>
      <trkpt lat="6.88209" lon="125.40744">
        <ele>912.04</ele>
      </trkpt>
      <trkpt lat="6.88214" lon="125.40746">
        <ele>915.23</ele>
      </trkpt>
      <trkpt lat="6.88219" lon="125.40748">
        <ele>918.47</ele>
      </trkpt>
      <trkpt lat="6.88225" lon="125.40748">
        <ele>921.03</ele>
      </trkpt>
      <trkpt lat="6.88232" lon="125.40751">
        <ele>924.9</ele>
      </trkpt>
      <trkpt lat="6.88235" lon="125.40752">
        <ele>925.9</ele>
      </trkpt>
      <trkpt lat="6.88239" lon="125.40758">
        <ele>925.89</ele>
      </trkpt>
      <trkpt lat="6.88241" lon="125.40759">
        <ele>926.53</ele>
      </trkpt>
      <trkpt lat="6.88244" lon="125.4076">
        <ele>927.65</ele>
      </trkpt>
      <trkpt lat="6.88248" lon="125.4076">
        <ele>929.54</ele>
      </trkpt>
      <trkpt lat="6.88251" lon="125.4076">
        <ele>930.93</ele>
      </trkpt>
      <trkpt lat="6.88256" lon="125.4076">
        <ele>933.17</ele>
      </trkpt>
      <trkpt lat="6.88259" lon="125.40761">
        <ele>934.31</ele>
      </trkpt>
      <trkpt lat="6.88262" lon="125.40763">
        <ele>935.28</ele>
      </trkpt>
      <trkpt lat="6.88262" lon="125.40764">
        <ele>935.09</ele>
      </trkpt>
      <trkpt lat="6.88262" lon="125.40765">
        <ele>934.91</ele>
      </trkpt>
      <trkpt lat="6.88266" lon="125.40767">
        <ele>936.46</ele>
      </trkpt>
      <trkpt lat="6.88267" lon="125.40767">
        <ele>936.95</ele>
      </trkpt>
      <trkpt lat="6.88268" lon="125.40767">
        <ele>937.43</ele>
      </trkpt>
      <trkpt lat="6.88276" lon="125.4077">
        <ele>940.95</ele>
      </trkpt>
      <trkpt lat="6.8828" lon="125.40772">
        <ele>942.69</ele>
      </trkpt>
      <trkpt lat="6.88284" lon="125.40773">
        <ele>944.54</ele>
      </trkpt>
      <trkpt lat="6.88294" lon="125.40773">
        <ele>949.39</ele>
      </trkpt>
      <trkpt lat="6.88299" lon="125.40773">
        <ele>951.82</ele>
      </trkpt>
      <trkpt lat="6.88303" lon="125.40775">
        <ele>953.74</ele>
      </trkpt>
      <trkpt lat="6.88307" lon="125.40774">
        <ele>955.71</ele>
      </trkpt>
      <trkpt lat="6.88309" lon="125.40774">
        <ele>956.69</ele>
      </trkpt>
      <trkpt lat="6.88311" lon="125.40775">
        <ele>957.69</ele>
      </trkpt>
      <trkpt lat="6.88316" lon="125.40775">
        <ele>960.15</ele>
      </trkpt>
      <trkpt lat="6.8832" lon="125.40778">
        <ele>962.29</ele>
      </trkpt>
      <trkpt lat="6.88327" lon="125.40778">
        <ele>965.83</ele>
      </trkpt>
      <trkpt lat="6.88329" lon="125.4078">
        <ele>967.02</ele>
      </trkpt>
      <trkpt lat="6.88333" lon="125.40781">
        <ele>969.18</ele>
      </trkpt>
      <trkpt lat="6.88335" lon="125.40782">
        <ele>970.13</ele>
      </trkpt>
      <trkpt lat="6.88337" lon="125.40782">
        <ele>970.95</ele>
      </trkpt>
      <trkpt lat="6.88338" lon="125.40782">
        <ele>971.36</ele>
      </trkpt>
      <trkpt lat="6.88341" lon="125.40784">
        <ele>972.83</ele>
      </trkpt>
      <trkpt lat="6.88345" lon="125.40785">
        <ele>974.62</ele>
      </trkpt>
      <trkpt lat="6.88349" lon="125.40787">
        <ele>976.57</ele>
      </trkpt>
      <trkpt lat="6.88353" lon="125.40787">
        <ele>978.25</ele>
      </trkpt>
      <trkpt lat="6.88358" lon="125.40789">
        <ele>980.7</ele>
      </trkpt>
      <trkpt lat="6.88362" lon="125.40791">
        <ele>982.78</ele>
      </trkpt>
      <trkpt lat="6.88369" lon="125.40793">
        <ele>986.3</ele>
      </trkpt>
      <trkpt lat="6.88378" lon="125.40796">
        <ele>990.97</ele>
      </trkpt>
      <trkpt lat="6.88391" lon="125.40799">
        <ele>997.54</ele>
      </trkpt>
      <trkpt lat="6.88401" lon="125.40803">
        <ele>1003.04</ele>
      </trkpt>
      <trkpt lat="6.88418" lon="125.40808">
        <ele>1009.41</ele>
      </trkpt>
      <trkpt lat="6.88425" lon="125.40796">
        <ele>1004.67</ele>
      </trkpt>
      <trkpt lat="6.88429" lon="125.40792">
        <ele>1002.18</ele>
      </trkpt>
      <trkpt lat="6.88425" lon="125.40796">
        <ele>1004.67</ele>
      </trkpt>
      <trkpt lat="6.88418" lon="125.40808">
        <ele>1009.41</ele>
      </trkpt>
      <trkpt lat="6.88401" lon="125.40803">
        <ele>1003.04</ele>
      </trkpt>
      <trkpt lat="6.88391" lon="125.40799">
        <ele>997.54</ele>
      </trkpt>
      <trkpt lat="6.88378" lon="125.40796">
        <ele>990.97</ele>
      </trkpt>
      <trkpt lat="6.88369" lon="125.40793">
        <ele>986.3</ele>
      </trkpt>
      <trkpt lat="6.88362" lon="125.40791">
        <ele>982.78</ele>
      </trkpt>
      <trkpt lat="6.88358" lon="125.40789">
        <ele>980.7</ele>
      </trkpt>
      <trkpt lat="6.88353" lon="125.40787">
        <ele>978.25</ele>
      </trkpt>
      <trkpt lat="6.88349" lon="125.40787">
        <ele>976.57</ele>
      </trkpt>
      <trkpt lat="6.88345" lon="125.40785">
        <ele>974.62</ele>
      </trkpt>
      <trkpt lat="6.88341" lon="125.40784">
        <ele>972.83</ele>
      </trkpt>
      <trkpt lat="6.88338" lon="125.40782">
        <ele>971.36</ele>
      </trkpt>
      <trkpt lat="6.88337" lon="125.40782">
        <ele>970.95</ele>
      </trkpt>
      <trkpt lat="6.88335" lon="125.40782">
        <ele>970.13</ele>
      </trkpt>
      <trkpt lat="6.88333" lon="125.40781">
        <ele>969.18</ele>
      </trkpt>
      <trkpt lat="6.88329" lon="125.4078">
        <ele>967.02</ele>
      </trkpt>
      <trkpt lat="6.88327" lon="125.40778">
        <ele>965.83</ele>
      </trkpt>
      <trkpt lat="6.8832" lon="125.40778">
        <ele>962.29</ele>
      </trkpt>
      <trkpt lat="6.88316" lon="125.40775">
        <ele>960.15</ele>
      </trkpt>
      <trkpt lat="6.88311" lon="125.40775">
        <ele>957.69</ele>
      </trkpt>
      <trkpt lat="6.88309" lon="125.40774">
        <ele>956.69</ele>
      </trkpt>
      <trkpt lat="6.88307" lon="125.40774">
        <ele>955.71</ele>
      </trkpt>
      <trkpt lat="6.88303" lon="125.40775">
        <ele>953.74</ele>
      </trkpt>
      <trkpt lat="6.88299" lon="125.40773">
        <ele>951.82</ele>
      </trkpt>
      <trkpt lat="6.88294" lon="125.40773">
        <ele>949.39</ele>
      </trkpt>
      <trkpt lat="6.88284" lon="125.40773">
        <ele>944.54</ele>
      </trkpt>
      <trkpt lat="6.8828" lon="125.40772">
        <ele>942.69</ele>
      </trkpt>
      <trkpt lat="6.88276" lon="125.4077">
        <ele>940.95</ele>
      </trkpt>
      <trkpt lat="6.88268" lon="125.40767">
        <ele>937.43</ele>
      </trkpt>
      <trkpt lat="6.88267" lon="125.40767">
        <ele>936.95</ele>
      </trkpt>
      <trkpt lat="6.88266" lon="125.40767">
        <ele>936.46</ele>
      </trkpt>
      <trkpt lat="6.88262" lon="125.40765">
        <ele>934.91</ele>
      </trkpt>
      <trkpt lat="6.88262" lon="125.40764">
        <ele>935.09</ele>
      </trkpt>
      <trkpt lat="6.88262" lon="125.40763">
        <ele>935.28</ele>
      </trkpt>
      <trkpt lat="6.88259" lon="125.40761">
        <ele>934.31</ele>
      </trkpt>
      <trkpt lat="6.88256" lon="125.4076">
        <ele>933.17</ele>
      </trkpt>
      <trkpt lat="6.88251" lon="125.4076">
        <ele>930.93</ele>
      </trkpt>
      <trkpt lat="6.88248" lon="125.4076">
        <ele>929.54</ele>
      </trkpt>
      <trkpt lat="6.88244" lon="125.4076">
        <ele>927.65</ele>
      </trkpt>
      <trkpt lat="6.88241" lon="125.40759">
        <ele>926.53</ele>
      </trkpt>
      <trkpt lat="6.88239" lon="125.40758">
        <ele>925.89</ele>
      </trkpt>
      <trkpt lat="6.88235" lon="125.40752">
        <ele>925.9</ele>
      </trkpt>
      <trkpt lat="6.88232" lon="125.40751">
        <ele>924.9</ele>
      </trkpt>
      <trkpt lat="6.88225" lon="125.40748">
        <ele>921.03</ele>
      </trkpt>
      <trkpt lat="6.88219" lon="125.40748">
        <ele>918.47</ele>
      </trkpt>
      <trkpt lat="6.88214" lon="125.40746">
        <ele>915.23</ele>
      </trkpt>
      <trkpt lat="6.88209" lon="125.40744">
        <ele>912.04</ele>
      </trkpt>
      <trkpt lat="6.88204" lon="125.40745">
        <ele>910.48</ele>
      </trkpt>
      <trkpt lat="6.88198" lon="125.40744">
        <ele>907.46</ele>
      </trkpt>
      <trkpt lat="6.88196" lon="125.40743">
        <ele>906.12</ele>
      </trkpt>
      <trkpt lat="6.88195" lon="125.40741">
        <ele>904.69</ele>
      </trkpt>
      <trkpt lat="6.88193" lon="125.40739">
        <ele>902.87</ele>
      </trkpt>
      <trkpt lat="6.8819" lon="125.40737">
        <ele>900.68</ele>
      </trkpt>
      <trkpt lat="6.88185" lon="125.40735">
        <ele>897.73</ele>
      </trkpt>
      <trkpt lat="6.8818" lon="125.40732">
        <ele>894.36</ele>
      </trkpt>
      <trkpt lat="6.88178" lon="125.40728">
        <ele>891.75</ele>
      </trkpt>
      <trkpt lat="6.88175" lon="125.40725">
        <ele>889.26</ele>
      </trkpt>
      <trkpt lat="6.88173" lon="125.40723">
        <ele>887.63</ele>
      </trkpt>
      <trkpt lat="6.88172" lon="125.40721">
        <ele>886.42</ele>
      </trkpt>
      <trkpt lat="6.88171" lon="125.40717">
        <ele>884.43</ele>
      </trkpt>
      <trkpt lat="6.88171" lon="125.40716">
        <ele>884.03</ele>
      </trkpt>
      <trkpt lat="6.88169" lon="125.40716">
        <ele>883.34</ele>
      </trkpt>
      <trkpt lat="6.88167" lon="125.40719">
        <ele>883.84</ele>
      </trkpt>
      <trkpt lat="6.88165" lon="125.40722">
        <ele>883.95</ele>
      </trkpt>
      <trkpt lat="6.88162" lon="125.40732">
        <ele>886.42</ele>
      </trkpt>
      <trkpt lat="6.88161" lon="125.40735">
        <ele>887.07</ele>
      </trkpt>
      <trkpt lat="6.88154" lon="125.40742">
        <ele>885.6</ele>
      </trkpt>
      <trkpt lat="6.88152" lon="125.40745">
        <ele>885.53</ele>
      </trkpt>
      <trkpt lat="6.88149" lon="125.40749">
        <ele>885.17</ele>
      </trkpt>
      <trkpt lat="6.88149" lon="125.40752">
        <ele>884.49</ele>
      </trkpt>
      <trkpt lat="6.88149" lon="125.40756">
        <ele>882.37</ele>
      </trkpt>
      <trkpt lat="6.88147" lon="125.40759">
        <ele>879.53</ele>
      </trkpt>
      <trkpt lat="6.88144" lon="125.40759">
        <ele>877.66</ele>
      </trkpt>
      <trkpt lat="6.88136" lon="125.40756">
        <ele>874.25</ele>
      </trkpt>
      <trkpt lat="6.88135" lon="125.40756">
        <ele>873.66</ele>
      </trkpt>
      <trkpt lat="6.88126" lon="125.40756">
        <ele>868.29</ele>
      </trkpt>
      <trkpt lat="6.88124" lon="125.40755">
        <ele>867.56</ele>
      </trkpt>
      <trkpt lat="6.8812" lon="125.40755">
        <ele>865.16</ele>
      </trkpt>
      <trkpt lat="6.88114" lon="125.40755">
        <ele>861.57</ele>
      </trkpt>
      <trkpt lat="6.88112" lon="125.40756">
        <ele>859.94</ele>
      </trkpt>
      <trkpt lat="6.88109" lon="125.40756">
        <ele>858.07</ele>
      </trkpt>
      <trkpt lat="6.88103" lon="125.40756">
        <ele>854.28</ele>
      </trkpt>
      <trkpt lat="6.88095" lon="125.40756">
        <ele>849.22</ele>
      </trkpt>
      <trkpt lat="6.88087" lon="125.40757">
        <ele>843.79</ele>
      </trkpt>
      <trkpt lat="6.88084" lon="125.40759">
        <ele>841.18</ele>
      </trkpt>
      <trkpt lat="6.88081" lon="125.40761">
        <ele>839.05</ele>
      </trkpt>
      <trkpt lat="6.88068" lon="125.40766">
        <ele>831.53</ele>
      </trkpt>
      <trkpt lat="6.88064" lon="125.40766">
        <ele>829.78</ele>
      </trkpt>
      <trkpt lat="6.88058" lon="125.40764">
        <ele>828.01</ele>
      </trkpt>
      <trkpt lat="6.88049" lon="125.40763">
        <ele>824.55</ele>
      </trkpt>
      <trkpt lat="6.88043" lon="125.40762">
        <ele>822.39</ele>
      </trkpt>
      <trkpt lat="6.88038" lon="125.40761">
        <ele>820.66</ele>
      </trkpt>
      <trkpt lat="6.88036" lon="125.4076">
        <ele>820.23</ele>
      </trkpt>
      <trkpt lat="6.88034" lon="125.40759">
        <ele>819.8</ele>
      </trkpt>
      <trkpt lat="6.88028" lon="125.4076">
        <ele>816.78</ele>
      </trkpt>
      <trkpt lat="6.88024" lon="125.40759">
        <ele>815.53</ele>
      </trkpt>
      <trkpt lat="6.88019" lon="125.40759">
        <ele>813.43</ele>
      </trkpt>
      <trkpt lat="6.88017" lon="125.40758">
        <ele>813.05</ele>
      </trkpt>
      <trkpt lat="6.88009" lon="125.4076">
        <ele>808.76</ele>
      </trkpt>
      <trkpt lat="6.88004" lon="125.40762">
        <ele>805.66</ele>
      </trkpt>
      <trkpt lat="6.88" lon="125.40762">
        <ele>803.95</ele>
      </trkpt>
      <trkpt lat="6.87997" lon="125.40762">
        <ele>802.87</ele>
      </trkpt>
      <trkpt lat="6.87994" lon="125.40763">
        <ele>801.29</ele>
      </trkpt>
      <trkpt lat="6.87988" lon="125.40762">
        <ele>799.63</ele>
      </trkpt>
      <trkpt lat="6.8798" lon="125.40764">
        <ele>795.74</ele>
      </trkpt>
      <trkpt lat="6.87978" lon="125.40764">
        <ele>795.02</ele>
      </trkpt>
      <trkpt lat="6.87974" lon="125.40764">
        <ele>793.58</ele>
      </trkpt>
      <trkpt lat="6.87967" lon="125.40766">
        <ele>790.08</ele>
      </trkpt>
      <trkpt lat="6.87962" lon="125.40766">
        <ele>788.31</ele>
      </trkpt>
      <trkpt lat="6.87961" lon="125.40767">
        <ele>787.48</ele>
      </trkpt>
      <trkpt lat="6.87957" lon="125.40767">
        <ele>786.07</ele>
      </trkpt>
      <trkpt lat="6.87954" lon="125.40769">
        <ele>784.11</ele>
      </trkpt>
      <trkpt lat="6.87946" lon="125.40771">
        <ele>780.46</ele>
      </trkpt>
      <trkpt lat="6.87936" lon="125.40771">
        <ele>776.89</ele>
      </trkpt>
      <trkpt lat="6.87932" lon="125.40772">
        <ele>775.02</ele>
      </trkpt>
      <trkpt lat="6.87931" lon="125.40772">
        <ele>774.66</ele>
      </trkpt>
      <trkpt lat="6.87925" lon="125.4077">
        <ele>773.36</ele>
      </trkpt>
      <trkpt lat="6.87916" lon="125.4077">
        <ele>770.15</ele>
      </trkpt>
      <trkpt lat="6.87906" lon="125.40772">
        <ele>766.26</ele>
      </trkpt>
      <trkpt lat="6.87902" lon="125.40771">
        <ele>765.45</ele>
      </trkpt>
      <trkpt lat="6.87899" lon="125.40772">
        <ele>764.14</ele>
      </trkpt>
      <trkpt lat="6.87897" lon="125.40772">
        <ele>763.54</ele>
      </trkpt>
      <trkpt lat="6.8789" lon="125.40773">
        <ele>761.05</ele>
      </trkpt>
      <trkpt lat="6.87879" lon="125.40777">
        <ele>756.42</ele>
      </trkpt>
      <trkpt lat="6.87876" lon="125.40777">
        <ele>755.56</ele>
      </trkpt>
      <trkpt lat="6.87872" lon="125.40778">
        <ele>754.06</ele>
      </trkpt>
      <trkpt lat="6.87868" lon="125.40779">
        <ele>752.58</ele>
      </trkpt>
      <trkpt lat="6.87863" lon="125.40779">
        <ele>751.15</ele>
      </trkpt>
      <trkpt lat="6.87859" lon="125.4078">
        <ele>749.61</ele>
      </trkpt>
      <trkpt lat="6.87856" lon="125.4078">
        <ele>748.65</ele>
      </trkpt>
      <trkpt lat="6.87852" lon="125.4078">
        <ele>747.38</ele>
      </trkpt>
      <trkpt lat="6.87847" lon="125.40777">
        <ele>746.67</ele>
      </trkpt>
      <trkpt lat="6.87845" lon="125.40777">
        <ele>746.02</ele>
      </trkpt>
      <trkpt lat="6.87844" lon="125.40777">
        <ele>745.69</ele>
      </trkpt>
      <trkpt lat="6.87842" lon="125.40776">
        <ele>745.34</ele>
      </trkpt>
      <trkpt lat="6.8784" lon="125.40775">
        <ele>744.98</ele>
      </trkpt>
      <trkpt lat="6.87836" lon="125.40774">
        <ele>743.97</ele>
      </trkpt>
      <trkpt lat="6.87834" lon="125.40775">
        <ele>743.02</ele>
      </trkpt>
      <trkpt lat="6.87831" lon="125.40777">
        <ele>741.55</ele>
      </trkpt>
      <trkpt lat="6.8783" lon="125.40776">
        <ele>741.54</ele>
      </trkpt>
      <trkpt lat="6.87825" lon="125.40777">
        <ele>739.82</ele>
      </trkpt>
      <trkpt lat="6.87822" lon="125.40777">
        <ele>738.95</ele>
      </trkpt>
      <trkpt lat="6.87817" lon="125.40775">
        <ele>738.04</ele>
      </trkpt>
      <trkpt lat="6.87813" lon="125.40774">
        <ele>737.13</ele>
      </trkpt>
      <trkpt lat="6.87807" lon="125.40774">
        <ele>735.38</ele>
      </trkpt>
      <trkpt lat="6.87803" lon="125.40774">
        <ele>734.12</ele>
      </trkpt>
      <trkpt lat="6.87801" lon="125.40775">
        <ele>733.22</ele>
      </trkpt>
      <trkpt lat="6.87798" lon="125.40774">
        <ele>732.5</ele>
      </trkpt>
      <trkpt lat="6.87795" lon="125.40774">
        <ele>731.53</ele>
      </trkpt>
      <trkpt lat="6.87794" lon="125.40773">
        <ele>731.46</ele>
      </trkpt>
      <trkpt lat="6.87789" lon="125.40775">
        <ele>729.34</ele>
      </trkpt>
      <trkpt lat="6.87786" lon="125.40775">
        <ele>728.36</ele>
      </trkpt>
      <trkpt lat="6.87783" lon="125.40776">
        <ele>727.14</ele>
      </trkpt>
      <trkpt lat="6.87782" lon="125.40776">
        <ele>726.82</ele>
      </trkpt>
      <trkpt lat="6.87779" lon="125.40775">
        <ele>726.1</ele>
      </trkpt>
      <trkpt lat="6.87776" lon="125.40776">
        <ele>724.93</ele>
      </trkpt>
      <trkpt lat="6.87774" lon="125.40775">
        <ele>724.6</ele>
      </trkpt>
      <trkpt lat="6.87769" lon="125.40775">
        <ele>723.14</ele>
      </trkpt>
      <trkpt lat="6.87768" lon="125.40774">
        <ele>723.09</ele>
      </trkpt>
      <trkpt lat="6.87764" lon="125.40773">
        <ele>722.15</ele>
      </trkpt>
      <trkpt lat="6.8776" lon="125.40773">
        <ele>720.97</ele>
      </trkpt>
      <trkpt lat="6.87757" lon="125.40773">
        <ele>720.09</ele>
      </trkpt>
      <trkpt lat="6.87754" lon="125.40772">
        <ele>719.43</ele>
      </trkpt>
      <trkpt lat="6.87751" lon="125.40772">
        <ele>718.54</ele>
      </trkpt>
      <trkpt lat="6.87748" lon="125.40772">
        <ele>717.67</ele>
      </trkpt>
      <trkpt lat="6.87743" lon="125.40771">
        <ele>716.45</ele>
      </trkpt>
      <trkpt lat="6.87738" lon="125.40771">
        <ele>715.01</ele>
      </trkpt>
      <trkpt lat="6.87737" lon="125.4077">
        <ele>714.94</ele>
      </trkpt>
      <trkpt lat="6.87735" lon="125.4077">
        <ele>714.36</ele>
      </trkpt>
      <trkpt lat="6.87731" lon="125.40771">
        <ele>712.99</ele>
      </trkpt>
      <trkpt lat="6.87729" lon="125.40769">
        <ele>712.85</ele>
      </trkpt>
      <trkpt lat="6.87724" lon="125.40769">
        <ele>711.41</ele>
      </trkpt>
      <trkpt lat="6.8772" lon="125.40766">
        <ele>710.94</ele>
      </trkpt>
      <trkpt lat="6.87717" lon="125.40767">
        <ele>709.9</ele>
      </trkpt>
      <trkpt lat="6.87715" lon="125.40766">
        <ele>709.57</ele>
      </trkpt>
      <trkpt lat="6.87713" lon="125.40766">
        <ele>709.03</ele>
      </trkpt>
      <trkpt lat="6.87707" lon="125.40768">
        <ele>706.92</ele>
      </trkpt>
      <trkpt lat="6.87699" lon="125.40773">
        <ele>703.49</ele>
      </trkpt>
      <trkpt lat="6.87695" lon="125.40774">
        <ele>702.11</ele>
      </trkpt>
      <trkpt lat="6.87692" lon="125.40774">
        <ele>701.25</ele>
      </trkpt>
      <trkpt lat="6.87689" lon="125.40775">
        <ele>700.13</ele>
      </trkpt>
      <trkpt lat="6.87685" lon="125.40778">
        <ele>698.22</ele>
      </trkpt>
      <trkpt lat="6.87683" lon="125.40778">
        <ele>697.64</ele>
      </trkpt>
      <trkpt lat="6.87675" lon="125.40778">
        <ele>695.34</ele>
      </trkpt>
      <trkpt lat="6.87673" lon="125.40777">
        <ele>695.02</ele>
      </trkpt>
      <trkpt lat="6.8767" lon="125.40776">
        <ele>694.41</ele>
      </trkpt>
      <trkpt lat="6.87668" lon="125.40775">
        <ele>694.08</ele>
      </trkpt>
      <trkpt lat="6.87661" lon="125.40774">
        <ele>691.68</ele>
      </trkpt>
      <trkpt lat="6.87646" lon="125.40773">
        <ele>685.89</ele>
      </trkpt>
      <trkpt lat="6.87613" lon="125.40786">
        <ele>672.92</ele>
      </trkpt>
      <trkpt lat="6.87597" lon="125.40792">
        <ele>667.4</ele>
      </trkpt>
      <trkpt lat="6.87587" lon="125.40795">
        <ele>664.37</ele>
      </trkpt>
      <trkpt lat="6.87582" lon="125.40794">
        <ele>663.14</ele>
      </trkpt>
      <trkpt lat="6.87582" lon="125.40793">
        <ele>663.17</ele>
      </trkpt>
      <trkpt lat="6.87577" lon="125.40793">
        <ele>662.11</ele>
      </trkpt>
      <trkpt lat="6.87571" lon="125.40791">
        <ele>660.84</ele>
      </trkpt>
      <trkpt lat="6.87568" lon="125.40792">
        <ele>660.19</ele>
      </trkpt>
      <trkpt lat="6.87562" lon="125.40792">
        <ele>658.9</ele>
      </trkpt>
      <trkpt lat="6.87559" lon="125.40789">
        <ele>658.17</ele>
      </trkpt>
      <trkpt lat="6.87556" lon="125.40787">
        <ele>657.43</ele>
      </trkpt>
      <trkpt lat="6.87554" lon="125.40785">
        <ele>656.9</ele>
      </trkpt>
      <trkpt lat="6.8755" lon="125.40786">
        <ele>656.01</ele>
      </trkpt>
      <trkpt lat="6.87547" lon="125.40785">
        <ele>655.26</ele>
      </trkpt>
      <trkpt lat="6.87542" lon="125.40786">
        <ele>654.17</ele>
      </trkpt>
      <trkpt lat="6.87539" lon="125.40787">
        <ele>653.56</ele>
      </trkpt>
      <trkpt lat="6.87527" lon="125.4079">
        <ele>651.15</ele>
      </trkpt>
      <trkpt lat="6.87526" lon="125.40789">
        <ele>650.82</ele>
      </trkpt>
      <trkpt lat="6.87524" lon="125.4079">
        <ele>650.49</ele>
      </trkpt>
      <trkpt lat="6.87522" lon="125.4079">
        <ele>650.05</ele>
      </trkpt>
      <trkpt lat="6.8752" lon="125.40789">
        <ele>649.48</ele>
      </trkpt>
      <trkpt lat="6.87518" lon="125.40789">
        <ele>649.03</ele>
      </trkpt>
      <trkpt lat="6.87514" lon="125.40787">
        <ele>647.85</ele>
      </trkpt>
      <trkpt lat="6.87509" lon="125.40789">
        <ele>647.03</ele>
      </trkpt>
      <trkpt lat="6.87506" lon="125.40789">
        <ele>646.36</ele>
      </trkpt>
      <trkpt lat="6.87504" lon="125.4079">
        <ele>646.08</ele>
      </trkpt>
      <trkpt lat="6.87499" lon="125.4079">
        <ele>644.88</ele>
      </trkpt>
      <trkpt lat="6.87496" lon="125.40791">
        <ele>644.09</ele>
      </trkpt>
      <trkpt lat="6.87496" lon="125.40791">
        <ele>644.09</ele>
      </trkpt>
      <trkpt lat="6.87489" lon="125.40791">
        <ele>641.84</ele>
      </trkpt>
      <trkpt lat="6.87483" lon="125.40791">
        <ele>639.9</ele>
      </trkpt>
      <trkpt lat="6.87474" lon="125.40791">
        <ele>637.0</ele>
      </trkpt>
      <trkpt lat="6.87471" lon="125.4079">
        <ele>635.95</ele>
      </trkpt>
      <trkpt lat="6.87465" lon="125.4079">
        <ele>634.13</ele>
      </trkpt>
      <trkpt lat="6.87463" lon="125.40789">
        <ele>633.42</ele>
      </trkpt>
      <trkpt lat="6.87458" lon="125.40786">
        <ele>631.64</ele>
      </trkpt>
      <trkpt lat="6.87455" lon="125.40785">
        <ele>630.66</ele>
      </trkpt>
      <trkpt lat="6.87448" lon="125.40784">
        <ele>628.5</ele>
      </trkpt>
      <trkpt lat="6.87438" lon="125.4078">
        <ele>625.27</ele>
      </trkpt>
      <trkpt lat="6.87425" lon="125.40771">
        <ele>621.08</ele>
      </trkpt>
      <trkpt lat="6.87416" lon="125.40766">
        <ele>618.38</ele>
      </trkpt>
      <trkpt lat="6.87412" lon="125.40761">
        <ele>617.05</ele>
      </trkpt>
      <trkpt lat="6.8741" lon="125.40759">
        <ele>616.4</ele>
      </trkpt>
      <trkpt lat="6.87408" lon="125.40754">
        <ele>615.65</ele>
      </trkpt>
      <trkpt lat="6.87407" lon="125.40752">
        <ele>615.29</ele>
      </trkpt>
      <trkpt lat="6.87405" lon="125.40747">
        <ele>613.5</ele>
      </trkpt>
      <trkpt lat="6.87402" lon="125.40746">
        <ele>612.27</ele>
      </trkpt>
      <trkpt lat="6.8739" lon="125.40746">
        <ele>608.87</ele>
      </trkpt>
      <trkpt lat="6.87387" lon="125.40745">
        <ele>607.72</ele>
      </trkpt>
      <trkpt lat="6.87382" lon="125.40745">
        <ele>606.46</ele>
      </trkpt>
      <trkpt lat="6.8738" lon="125.40744">
        <ele>605.6</ele>
      </trkpt>
      <trkpt lat="6.87376" lon="125.40743">
        <ele>604.23</ele>
      </trkpt>
      <trkpt lat="6.87368" lon="125.40743">
        <ele>602.22</ele>
      </trkpt>
      <trkpt lat="6.87362" lon="125.40742">
        <ele>600.34</ele>
      </trkpt>
      <trkpt lat="6.87359" lon="125.40741">
        <ele>599.18</ele>
      </trkpt>
      <trkpt lat="6.87354" lon="125.40737">
        <ele>596.39</ele>
      </trkpt>
      <trkpt lat="6.87353" lon="125.40738">
        <ele>596.47</ele>
      </trkpt>
      <trkpt lat="6.87351" lon="125.40737">
        <ele>595.58</ele>
      </trkpt>
      <trkpt lat="6.87349" lon="125.40737">
        <ele>595.04</ele>
      </trkpt>
      <trkpt lat="6.87344" lon="125.40734">
        <ele>592.67</ele>
      </trkpt>
      <trkpt lat="6.87343" lon="125.40735">
        <ele>592.74</ele>
      </trkpt>
      <trkpt lat="6.87341" lon="125.40735">
        <ele>592.2</ele>
      </trkpt>
      <trkpt lat="6.87339" lon="125.40733">
        <ele>591.0</ele>
      </trkpt>
      <trkpt lat="6.87337" lon="125.4073">
        <ele>589.48</ele>
      </trkpt>
      <trkpt lat="6.87334" lon="125.40729">
        <ele>588.37</ele>
      </trkpt>
      <trkpt lat="6.87331" lon="125.40728">
        <ele>587.27</ele>
      </trkpt>
      <trkpt lat="6.87328" lon="125.40727">
        <ele>586.17</ele>
      </trkpt>
      <trkpt lat="6.87322" lon="125.40722">
        <ele>583.07</ele>
      </trkpt>
      <trkpt lat="6.87318" lon="125.40719">
        <ele>581.1</ele>
      </trkpt>
      <trkpt lat="6.87314" lon="125.40715">
        <ele>578.89</ele>
      </trkpt>
      <trkpt lat="6.87313" lon="125.40714">
        <ele>578.35</ele>
      </trkpt>
      <trkpt lat="6.87312" lon="125.40713">
        <ele>577.81</ele>
      </trkpt>
      <trkpt lat="6.87302" lon="125.4071">
        <ele>574.7</ele>
      </trkpt>
      <trkpt lat="6.87301" lon="125.4071">
        <ele>574.48</ele>
      </trkpt>
      <trkpt lat="6.87298" lon="125.40711">
        <ele>574.08</ele>
      </trkpt>
      <trkpt lat="6.87296" lon="125.4071">
        <ele>573.37</ele>
      </trkpt>
      <trkpt lat="6.87286" lon="125.4071">
        <ele>571.17</ele>
      </trkpt>
      <trkpt lat="6.87283" lon="125.40711">
        <ele>570.74</ele>
      </trkpt>
      <trkpt lat="6.87278" lon="125.40708">
        <ele>568.98</ele>
      </trkpt>
      <trkpt lat="6.87274" lon="125.40708">
        <ele>568.11</ele>
      </trkpt>
      <trkpt lat="6.87264" lon="125.40709">
        <ele>566.17</ele>
      </trkpt>
      <trkpt lat="6.87262" lon="125.40708">
        <ele>565.52</ele>
      </trkpt>
      <trkpt lat="6.87261" lon="125.40708">
        <ele>565.3</ele>
      </trkpt>
      <trkpt lat="6.87258" lon="125.40707">
        <ele>564.44</ele>
      </trkpt>
      <trkpt lat="6.87256" lon="125.40708">
        <ele>564.22</ele>
      </trkpt>
      <trkpt lat="6.87255" lon="125.40708">
        <ele>564.01</ele>
      </trkpt>
      <trkpt lat="6.87253" lon="125.40708">
        <ele>563.58</ele>
      </trkpt>
      <trkpt lat="6.87252" lon="125.40708">
        <ele>563.36</ele>
      </trkpt>
      <trkpt lat="6.87249" lon="125.40708">
        <ele>562.66</ele>
      </trkpt>
      <trkpt lat="6.87245" lon="125.40708">
        <ele>561.58</ele>
      </trkpt>
      <trkpt lat="6.87241" lon="125.4071">
        <ele>560.91</ele>
      </trkpt>
      <trkpt lat="6.87237" lon="125.40713">
        <ele>560.42</ele>
      </trkpt>
      <trkpt lat="6.87233" lon="125.40713">
        <ele>559.32</ele>
      </trkpt>
      <trkpt lat="6.87231" lon="125.40714">
        <ele>558.95</ele>
      </trkpt>
      <trkpt lat="6.87228" lon="125.40714">
        <ele>558.12</ele>
      </trkpt>
      <trkpt lat="6.87225" lon="125.40715">
        <ele>557.47</ele>
      </trkpt>
      <trkpt lat="6.87219" lon="125.40714">
        <ele>555.63</ele>
      </trkpt>
      <trkpt lat="6.87214" lon="125.40712">
        <ele>553.9</ele>
      </trkpt>
      <trkpt lat="6.87208" lon="125.40709">
        <ele>551.77</ele>
      </trkpt>
      <trkpt lat="6.87202" lon="125.40706">
        <ele>549.68</ele>
      </trkpt>
      <trkpt lat="6.87194" lon="125.40704">
        <ele>547.26</ele>
      </trkpt>
      <trkpt lat="6.87192" lon="125.40703">
        <ele>546.59</ele>
      </trkpt>
      <trkpt lat="6.87189" lon="125.40703">
        <ele>545.8</ele>
      </trkpt>
      <trkpt lat="6.87184" lon="125.40705">
        <ele>544.75</ele>
      </trkpt>
      <trkpt lat="6.87181" lon="125.40704">
        <ele>543.82</ele>
      </trkpt>
      <trkpt lat="6.87171" lon="125.40704">
        <ele>541.18</ele>
      </trkpt>
      <trkpt lat="6.87168" lon="125.40703">
        <ele>540.27</ele>
      </trkpt>
      <trkpt lat="6.87166" lon="125.40703">
        <ele>539.77</ele>
      </trkpt>
      <trkpt lat="6.87165" lon="125.40703">
        <ele>539.53</ele>
      </trkpt>
      <trkpt lat="6.87162" lon="125.40703">
        <ele>538.81</ele>
      </trkpt>
      <trkpt lat="6.8716" lon="125.40702">
        <ele>538.25</ele>
      </trkpt>
      <trkpt lat="6.87157" lon="125.40701">
        <ele>537.46</ele>
      </trkpt>
      <trkpt lat="6.8715" lon="125.40697">
        <ele>535.57</ele>
      </trkpt>
      <trkpt lat="6.87148" lon="125.40698">
        <ele>535.18</ele>
      </trkpt>
      <trkpt lat="6.87145" lon="125.40696">
        <ele>534.4</ele>
      </trkpt>
      <trkpt lat="6.87142" lon="125.40696">
        <ele>533.74</ele>
      </trkpt>
      <trkpt lat="6.87139" lon="125.40695">
        <ele>533.04</ele>
      </trkpt>
      <trkpt lat="6.87136" lon="125.40695">
        <ele>532.49</ele>
      </trkpt>
      <trkpt lat="6.87134" lon="125.40695">
        <ele>532.13</ele>
      </trkpt>
      <trkpt lat="6.87132" lon="125.40696">
        <ele>531.77</ele>
      </trkpt>
      <trkpt lat="6.87125" lon="125.40694">
        <ele>530.51</ele>
      </trkpt>
      <trkpt lat="6.87118" lon="125.40694">
        <ele>529.25</ele>
      </trkpt>
      <trkpt lat="6.87115" lon="125.40695">
        <ele>528.67</ele>
      </trkpt>
      <trkpt lat="6.87112" lon="125.40693">
        <ele>528.21</ele>
      </trkpt>
      <trkpt lat="6.87103" lon="125.4069">
        <ele>526.55</ele>
      </trkpt>
      <trkpt lat="6.87097" lon="125.40684">
        <ele>525.9</ele>
      </trkpt>
      <trkpt lat="6.87091" lon="125.40683">
        <ele>524.96</ele>
      </trkpt>
      <trkpt lat="6.87086" lon="125.40683">
        <ele>524.11</ele>
      </trkpt>
      <trkpt lat="6.87082" lon="125.40684">
        <ele>523.23</ele>
      </trkpt>
      <trkpt lat="6.87078" lon="125.40684">
        <ele>522.42</ele>
      </trkpt>
      <trkpt lat="6.87074" lon="125.40683">
        <ele>521.77</ele>
      </trkpt>
      <trkpt lat="6.87069" lon="125.40682">
        <ele>520.93</ele>
      </trkpt>
      <trkpt lat="6.87067" lon="125.4068">
        <ele>520.86</ele>
      </trkpt>
      <trkpt lat="6.87065" lon="125.4068">
        <ele>520.46</ele>
      </trkpt>
      <trkpt lat="6.87064" lon="125.40679">
        <ele>520.43</ele>
      </trkpt>
      <trkpt lat="6.87056" lon="125.40679">
        <ele>518.87</ele>
      </trkpt>
      <trkpt lat="6.87053" lon="125.4068">
        <ele>518.14</ele>
      </trkpt>
      <trkpt lat="6.87051" lon="125.40679">
        <ele>517.96</ele>
      </trkpt>
      <trkpt lat="6.8705" lon="125.40679">
        <ele>517.78</ele>
      </trkpt>
      <trkpt lat="6.87041" lon="125.40676">
        <ele>516.7</ele>
      </trkpt>
      <trkpt lat="6.87037" lon="125.40676">
        <ele>515.98</ele>
      </trkpt>
      <trkpt lat="6.8703" lon="125.40673">
        <ele>515.26</ele>
      </trkpt>
      <trkpt lat="6.87024" lon="125.40668">
        <ele>515.07</ele>
      </trkpt>
      <trkpt lat="6.87022" lon="125.40668">
        <ele>514.71</ele>
      </trkpt>
      <trkpt lat="6.8702" lon="125.40667">
        <ele>514.54</ele>
      </trkpt>
      <trkpt lat="6.87012" lon="125.40666">
        <ele>512.9</ele>
      </trkpt>
      <trkpt lat="6.87008" lon="125.40664">
        <ele>511.38</ele>
      </trkpt>
      <trkpt lat="6.87005" lon="125.40664">
        <ele>510.84</ele>
      </trkpt>
      <trkpt lat="6.87001" lon="125.40662">
        <ele>509.33</ele>
      </trkpt>
      <trkpt lat="6.86998" lon="125.40661">
        <ele>508.21</ele>
      </trkpt>
      <trkpt lat="6.86995" lon="125.4066">
        <ele>507.01</ele>
      </trkpt>
      <trkpt lat="6.86991" lon="125.4066">
        <ele>505.92</ele>
      </trkpt>
      <trkpt lat="6.86987" lon="125.40659">
        <ele>504.48</ele>
      </trkpt>
      <trkpt lat="6.86983" lon="125.40658">
        <ele>503.05</ele>
      </trkpt>
      <trkpt lat="6.86976" lon="125.40653">
        <ele>499.53</ele>
      </trkpt>
      <trkpt lat="6.86972" lon="125.40653">
        <ele>498.52</ele>
      </trkpt>
      <trkpt lat="6.86965" lon="125.4065">
        <ele>495.94</ele>
      </trkpt>
      <trkpt lat="6.86961" lon="125.40649">
        <ele>494.7</ele>
      </trkpt>
      <trkpt lat="6.86957" lon="125.40649">
        <ele>493.79</ele>
      </trkpt>
      <trkpt lat="6.86951" lon="125.40648">
        <ele>492.12</ele>
      </trkpt>
      <trkpt lat="6.86942" lon="125.40648">
        <ele>490.04</ele>
      </trkpt>
      <trkpt lat="6.86928" lon="125.40647">
        <ele>486.44</ele>
      </trkpt>
      <trkpt lat="6.86916" lon="125.40648">
        <ele>483.78</ele>
      </trkpt>
      <trkpt lat="6.8691" lon="125.40649">
        <ele>482.33</ele>
      </trkpt>
      <trkpt lat="6.86908" lon="125.4065">
        <ele>481.97</ele>
      </trkpt>
      <trkpt lat="6.86903" lon="125.40652">
        <ele>480.92</ele>
      </trkpt>
      <trkpt lat="6.86901" lon="125.40658">
        <ele>481.4</ele>
      </trkpt>
      <trkpt lat="6.869" lon="125.40665">
        <ele>482.31</ele>
      </trkpt>
      <trkpt lat="6.869" lon="125.40684">
        <ele>476.73</ele>
      </trkpt>
      <trkpt lat="6.86904" lon="125.40698">
        <ele>473.0</ele>
      </trkpt>
      <trkpt lat="6.86909" lon="125.40707">
        <ele>470.94</ele>
      </trkpt>
      <trkpt lat="6.86913" lon="125.40719">
        <ele>467.34</ele>
      </trkpt>
      <trkpt lat="6.86916" lon="125.40727">
        <ele>465.12</ele>
      </trkpt>
      <trkpt lat="6.86917" lon="125.4073">
        <ele>464.34</ele>
      </trkpt>
      <trkpt lat="6.86917" lon="125.40732">
        <ele>463.62</ele>
      </trkpt>
      <trkpt lat="6.86917" lon="125.40733">
        <ele>463.26</ele>
      </trkpt>
      <trkpt lat="6.86917" lon="125.40733">
        <ele>463.26</ele>
      </trkpt>
      <trkpt lat="6.86916" lon="125.40735">
        <ele>462.24</ele>
      </trkpt>
      <trkpt lat="6.86916" lon="125.40737">
        <ele>461.52</ele>
      </trkpt>
      <trkpt lat="6.86916" lon="125.40739">
        <ele>460.81</ele>
      </trkpt>
      <trkpt lat="6.86914" lon="125.40744">
        <ele>458.56</ele>
      </trkpt>
      <trkpt lat="6.86908" lon="125.40751">
        <ele>454.94</ele>
      </trkpt>
      <trkpt lat="6.86907" lon="125.40751">
        <ele>454.72</ele>
      </trkpt>
      <trkpt lat="6.86906" lon="125.40751">
        <ele>454.5</ele>
      </trkpt>
      <trkpt lat="6.86905" lon="125.40753">
        <ele>453.89</ele>
      </trkpt>
      <trkpt lat="6.86905" lon="125.40754">
        <ele>453.7</ele>
      </trkpt>
      <trkpt lat="6.86906" lon="125.40755">
        <ele>453.73</ele>
      </trkpt>
      <trkpt lat="6.86905" lon="125.40758">
        <ele>452.92</ele>
      </trkpt>
      <trkpt lat="6.86906" lon="125.4076">
        <ele>452.76</ele>
      </trkpt>
      <trkpt lat="6.86906" lon="125.40765">
        <ele>451.79</ele>
      </trkpt>
      <trkpt lat="6.86906" lon="125.40768">
        <ele>451.21</ele>
      </trkpt>
      <trkpt lat="6.86906" lon="125.40774">
        <ele>450.04</ele>
      </trkpt>
      <trkpt lat="6.86907" lon="125.40776">
        <ele>449.91</ele>
      </trkpt>
      <trkpt lat="6.86906" lon="125.4078">
        <ele>448.83</ele>
      </trkpt>
      <trkpt lat="6.86904" lon="125.40782">
        <ele>447.9</ele>
      </trkpt>
      <trkpt lat="6.86903" lon="125.40783">
        <ele>447.43</ele>
      </trkpt>
      <trkpt lat="6.86901" lon="125.40784">
        <ele>446.71</ele>
      </trkpt>
      <trkpt lat="6.86897" lon="125.40785">
        <ele>445.48</ele>
      </trkpt>
      <trkpt lat="6.86894" lon="125.40787">
        <ele>444.3</ele>
      </trkpt>
      <trkpt lat="6.8689" lon="125.4079">
        <ele>442.64</ele>
      </trkpt>
      <trkpt lat="6.86888" lon="125.4079">
        <ele>442.12</ele>
      </trkpt>
      <trkpt lat="6.86887" lon="125.40792">
        <ele>441.42</ele>
      </trkpt>
      <trkpt lat="6.86885" lon="125.40796">
        <ele>439.99</ele>
      </trkpt>
      <trkpt lat="6.86886" lon="125.40798">
        <ele>439.83</ele>
      </trkpt>
      <trkpt lat="6.86885" lon="125.408">
        <ele>439.11</ele>
      </trkpt>
      <trkpt lat="6.86884" lon="125.40801">
        <ele>438.6</ele>
      </trkpt>
      <trkpt lat="6.86882" lon="125.40802">
        <ele>437.82</ele>
      </trkpt>
      <trkpt lat="6.86881" lon="125.40803">
        <ele>437.31</ele>
      </trkpt>
      <trkpt lat="6.86878" lon="125.40804">
        <ele>436.22</ele>
      </trkpt>
      <trkpt lat="6.86874" lon="125.40805">
        <ele>434.84</ele>
      </trkpt>
      <trkpt lat="6.86871" lon="125.40808">
        <ele>433.26</ele>
      </trkpt>
      <trkpt lat="6.86868" lon="125.40809">
        <ele>432.15</ele>
      </trkpt>
      <trkpt lat="6.86866" lon="125.40811">
        <ele>431.07</ele>
      </trkpt>
      <trkpt lat="6.86863" lon="125.40813">
        <ele>429.69</ele>
      </trkpt>
      <trkpt lat="6.86861" lon="125.40814">
        <ele>428.84</ele>
      </trkpt>
      <trkpt lat="6.8686" lon="125.40813">
        <ele>428.83</ele>
      </trkpt>
      <trkpt lat="6.86859" lon="125.40814">
        <ele>428.32</ele>
      </trkpt>
      <trkpt lat="6.86857" lon="125.40814">
        <ele>427.79</ele>
      </trkpt>
      <trkpt lat="6.86851" lon="125.40815">
        <ele>425.95</ele>
      </trkpt>
      <trkpt lat="6.86849" lon="125.40817">
        <ele>424.88</ele>
      </trkpt>
      <trkpt lat="6.86848" lon="125.4082">
        <ele>423.81</ele>
      </trkpt>
      <trkpt lat="6.86846" lon="125.4082">
        <ele>423.27</ele>
      </trkpt>
      <trkpt lat="6.86846" lon="125.40822">
        <ele>422.73</ele>
      </trkpt>
      <trkpt lat="6.86843" lon="125.40823">
        <ele>421.63</ele>
      </trkpt>
      <trkpt lat="6.86841" lon="125.40825">
        <ele>420.53</ele>
      </trkpt>
      <trkpt lat="6.86834" lon="125.40828">
        <ele>417.72</ele>
      </trkpt>
      <trkpt lat="6.86831" lon="125.40829">
        <ele>416.56</ele>
      </trkpt>
      <trkpt lat="6.86827" lon="125.4083">
        <ele>415.11</ele>
      </trkpt>
      <trkpt lat="6.86824" lon="125.40829">
        <ele>414.51</ele>
      </trkpt>
      <trkpt lat="6.8681" lon="125.40829">
        <ele>410.4</ele>
      </trkpt>
      <trkpt lat="6.86808" lon="125.4083">
        <ele>409.55</ele>
      </trkpt>
      <trkpt lat="6.86806" lon="125.40829">
        <ele>409.22</ele>
      </trkpt>
      <trkpt lat="6.86802" lon="125.4083">
        <ele>407.69</ele>
      </trkpt>
      <trkpt lat="6.86799" lon="125.40831">
        <ele>406.46</ele>
      </trkpt>
      <trkpt lat="6.86796" lon="125.40832">
        <ele>405.24</ele>
      </trkpt>
      <trkpt lat="6.86793" lon="125.40833">
        <ele>404.02</ele>
      </trkpt>
      <trkpt lat="6.86788" lon="125.40835">
        <ele>402.09</ele>
      </trkpt>
      <trkpt lat="6.86785" lon="125.40834">
        <ele>401.26</ele>
      </trkpt>
      <trkpt lat="6.86781" lon="125.40834">
        <ele>399.97</ele>
      </trkpt>
      <trkpt lat="6.86778" lon="125.40832">
        <ele>399.41</ele>
      </trkpt>
      <trkpt lat="6.86775" lon="125.40831">
        <ele>398.13</ele>
      </trkpt>
      <trkpt lat="6.86772" lon="125.40831">
        <ele>396.56</ele>
      </trkpt>
      <trkpt lat="6.86765" lon="125.40834">
        <ele>392.01</ele>
      </trkpt>
      <trkpt lat="6.86762" lon="125.40833">
        <ele>390.6</ele>
      </trkpt>
      <trkpt lat="6.86757" lon="125.40833">
        <ele>387.91</ele>
      </trkpt>
      <trkpt lat="6.86749" lon="125.40834">
        <ele>383.44</ele>
      </trkpt>
      <trkpt lat="6.86745" lon="125.40834">
        <ele>381.69</ele>
      </trkpt>
      <trkpt lat="6.86736" lon="125.40831">
        <ele>378.96</ele>
      </trkpt>
      <trkpt lat="6.86732" lon="125.40831">
        <ele>377.23</ele>
      </trkpt>
      <trkpt lat="6.86727" lon="125.40829">
        <ele>375.94</ele>
      </trkpt>
      <trkpt lat="6.86724" lon="125.40829">
        <ele>374.64</ele>
      </trkpt>
      <trkpt lat="6.86718" lon="125.40828">
        <ele>373.15</ele>
      </trkpt>
      <trkpt lat="6.86714" lon="125.40828">
        <ele>372.06</ele>
      </trkpt>
      <trkpt lat="6.8671" lon="125.40828">
        <ele>370.97</ele>
      </trkpt>
      <trkpt lat="6.86707" lon="125.40828">
        <ele>370.15</ele>
      </trkpt>
      <trkpt lat="6.86705" lon="125.40828">
        <ele>369.61</ele>
      </trkpt>
      <trkpt lat="6.86702" lon="125.40827">
        <ele>369.14</ele>
      </trkpt>
      <trkpt lat="6.86693" lon="125.40827">
        <ele>366.74</ele>
      </trkpt>
      <trkpt lat="6.86687" lon="125.40825">
        <ele>366.04</ele>
      </trkpt>
      <trkpt lat="6.8668" lon="125.40825">
        <ele>364.48</ele>
      </trkpt>
      <trkpt lat="6.86678" lon="125.40825">
        <ele>364.03</ele>
      </trkpt>
      <trkpt lat="6.86676" lon="125.40825">
        <ele>363.58</ele>
      </trkpt>
      <trkpt lat="6.86668" lon="125.40825">
        <ele>361.8</ele>
      </trkpt>
      <trkpt lat="6.8666" lon="125.40827">
        <ele>359.61</ele>
      </trkpt>
      <trkpt lat="6.86657" lon="125.40827">
        <ele>358.92</ele>
      </trkpt>
      <trkpt lat="6.86655" lon="125.40826">
        <ele>358.55</ele>
      </trkpt>
      <trkpt lat="6.86647" lon="125.40826">
        <ele>356.66</ele>
      </trkpt>
      <trkpt lat="6.86637" lon="125.40823">
        <ele>354.17</ele>
      </trkpt>
      <trkpt lat="6.86634" lon="125.40823">
        <ele>353.44</ele>
      </trkpt>
      <trkpt lat="6.86629" lon="125.40822">
        <ele>352.17</ele>
      </trkpt>
      <trkpt lat="6.86626" lon="125.40822">
        <ele>351.43</ele>
      </trkpt>
      <trkpt lat="6.86623" lon="125.40821">
        <ele>350.62</ele>
      </trkpt>
      <trkpt lat="6.86617" lon="125.40821">
        <ele>349.13</ele>
      </trkpt>
      <trkpt lat="6.8661" lon="125.4082">
        <ele>347.3</ele>
      </trkpt>
      <trkpt lat="6.86602" lon="125.40819">
        <ele>345.33</ele>
      </trkpt>
      <trkpt lat="6.86599" lon="125.40819">
        <ele>344.62</ele>
      </trkpt>
      <trkpt lat="6.8659" lon="125.40815">
        <ele>342.2</ele>
      </trkpt>
      <trkpt lat="6.86586" lon="125.40814">
        <ele>341.21</ele>
      </trkpt>
      <trkpt lat="6.86581" lon="125.40811">
        <ele>340.34</ele>
      </trkpt>
      <trkpt lat="6.86576" lon="125.40809">
        <ele>340.15</ele>
      </trkpt>
      <trkpt lat="6.86573" lon="125.4081">
        <ele>340.14</ele>
      </trkpt>
      <trkpt lat="6.86569" lon="125.40809">
        <ele>340.06</ele>
      </trkpt>
      <trkpt lat="6.86559" lon="125.40803">
        <ele>340.48</ele>
      </trkpt>
      <trkpt lat="6.86554" lon="125.40801">
        <ele>340.57</ele>
      </trkpt>
      <trkpt lat="6.8655" lon="125.40801">
        <ele>339.92</ele>
      </trkpt>
      <trkpt lat="6.86544" lon="125.40805">
        <ele>338.41</ele>
      </trkpt>
      <trkpt lat="6.86542" lon="125.40804">
        <ele>338.25</ele>
      </trkpt>
      <trkpt lat="6.8654" lon="125.40804">
        <ele>337.95</ele>
      </trkpt>
      <trkpt lat="6.86538" lon="125.40805">
        <ele>337.53</ele>
      </trkpt>
      <trkpt lat="6.86535" lon="125.40805">
        <ele>337.1</ele>
      </trkpt>
      <trkpt lat="6.86532" lon="125.40805">
        <ele>336.66</ele>
      </trkpt>
      <trkpt lat="6.86529" lon="125.40805">
        <ele>336.22</ele>
      </trkpt>
      <trkpt lat="6.86524" lon="125.40807">
        <ele>335.46</ele>
      </trkpt>
      <trkpt lat="6.86517" lon="125.40807">
        <ele>334.47</ele>
      </trkpt>
      <trkpt lat="6.86512" lon="125.40806">
        <ele>333.74</ele>
      </trkpt>
      <trkpt lat="6.86508" lon="125.40807">
        <ele>333.19</ele>
      </trkpt>
      <trkpt lat="6.86504" lon="125.40807">
        <ele>332.62</ele>
      </trkpt>
      <trkpt lat="6.86501" lon="125.40808">
        <ele>332.23</ele>
      </trkpt>
      <trkpt lat="6.86498" lon="125.40807">
        <ele>331.55</ele>
      </trkpt>
      <trkpt lat="6.86486" lon="125.40806">
        <ele>328.5</ele>
      </trkpt>
      <trkpt lat="6.86481" lon="125.40804">
        <ele>327.55</ele>
      </trkpt>
      <trkpt lat="6.86465" lon="125.40804">
        <ele>325.32</ele>
      </trkpt>
      <trkpt lat="6.86458" lon="125.40803">
        <ele>325.5</ele>
      </trkpt>
      <trkpt lat="6.86452" lon="125.40803">
        <ele>325.49</ele>
      </trkpt>
      <trkpt lat="6.86448" lon="125.40802">
        <ele>325.66</ele>
      </trkpt>
      <trkpt lat="6.86444" lon="125.40802">
        <ele>325.67</ele>
      </trkpt>
      <trkpt lat="6.8644" lon="125.40802">
        <ele>325.98</ele>
      </trkpt>
      <trkpt lat="6.86435" lon="125.40802">
        <ele>326.36</ele>
      </trkpt>
      <trkpt lat="6.86429" lon="125.408">
        <ele>326.89</ele>
      </trkpt>
      <trkpt lat="6.86426" lon="125.408">
        <ele>327.06</ele>
      </trkpt>
      <trkpt lat="6.86416" lon="125.40798">
        <ele>327.37</ele>
      </trkpt>
      <trkpt lat="6.86411" lon="125.40797">
        <ele>326.65</ele>
      </trkpt>
      <trkpt lat="6.86398" lon="125.40797">
        <ele>324.95</ele>
      </trkpt>
      <trkpt lat="6.86384" lon="125.40794">
        <ele>321.49</ele>
      </trkpt>
      <trkpt lat="6.8638" lon="125.40793">
        <ele>319.9</ele>
      </trkpt>
      <trkpt lat="6.86375" lon="125.40792">
        <ele>318.01</ele>
      </trkpt>
      <trkpt lat="6.86366" lon="125.40791">
        <ele>314.78</ele>
      </trkpt>
      <trkpt lat="6.86361" lon="125.4079">
        <ele>313.11</ele>
      </trkpt>
      <trkpt lat="6.86357" lon="125.40789">
        <ele>312.89</ele>
      </trkpt>
      <trkpt lat="6.86351" lon="125.40785">
        <ele>313.26</ele>
      </trkpt>
      <trkpt lat="6.86343" lon="125.4078">
        <ele>314.62</ele>
      </trkpt>
      <trkpt lat="6.86335" lon="125.40776">
        <ele>316.08</ele>
      </trkpt>
      <trkpt lat="6.86329" lon="125.40775">
        <ele>315.41</ele>
      </trkpt>
      <trkpt lat="6.86321" lon="125.40775">
        <ele>313.77</ele>
      </trkpt>
      <trkpt lat="6.86317" lon="125.40776">
        <ele>312.78</ele>
      </trkpt>
      <trkpt lat="6.86313" lon="125.40775">
        <ele>312.13</ele>
      </trkpt>
      <trkpt lat="6.86309" lon="125.40776">
        <ele>311.1</ele>
      </trkpt>
      <trkpt lat="6.86306" lon="125.40774">
        <ele>310.91</ele>
      </trkpt>
      <trkpt lat="6.86302" lon="125.40774">
        <ele>311.04</ele>
      </trkpt>
      <trkpt lat="6.86299" lon="125.40775">
        <ele>311.02</ele>
      </trkpt>
      <trkpt lat="6.86295" lon="125.40774">
        <ele>311.47</ele>
      </trkpt>
      <trkpt lat="6.86293" lon="125.40775">
        <ele>311.41</ele>
      </trkpt>
      <trkpt lat="6.86289" lon="125.40774">
        <ele>311.85</ele>
      </trkpt>
      <trkpt lat="6.86287" lon="125.40773">
        <ele>312.14</ele>
      </trkpt>
      <trkpt lat="6.86282" lon="125.40772">
        <ele>312.59</ele>
      </trkpt>
      <trkpt lat="6.86277" lon="125.40771">
        <ele>313.04</ele>
      </trkpt>
      <trkpt lat="6.86271" lon="125.4077">
        <ele>313.68</ele>
      </trkpt>
      <trkpt lat="6.86267" lon="125.4077">
        <ele>314.0</ele>
      </trkpt>
      <trkpt lat="6.86263" lon="125.4077">
        <ele>314.33</ele>
      </trkpt>
      <trkpt lat="6.8626" lon="125.40769">
        <ele>314.75</ele>
      </trkpt>
      <trkpt lat="6.86254" lon="125.40769">
        <ele>315.25</ele>
      </trkpt>
      <trkpt lat="6.86252" lon="125.40768">
        <ele>315.59</ele>
      </trkpt>
      <trkpt lat="6.86248" lon="125.40767">
        <ele>315.71</ele>
      </trkpt>
      <trkpt lat="6.86245" lon="125.40765">
        <ele>315.69</ele>
      </trkpt>
      <trkpt lat="6.8624" lon="125.40764">
        <ele>315.22</ele>
      </trkpt>
      <trkpt lat="6.86235" lon="125.4076">
        <ele>315.08</ele>
      </trkpt>
      <trkpt lat="6.86229" lon="125.4076">
        <ele>314.24</ele>
      </trkpt>
      <trkpt lat="6.86228" lon="125.4076">
        <ele>314.1</ele>
      </trkpt>
      <trkpt lat="6.86225" lon="125.40758">
        <ele>313.84</ele>
      </trkpt>
      <trkpt lat="6.86223" lon="125.40756">
        <ele>313.69</ele>
      </trkpt>
      <trkpt lat="6.86221" lon="125.40755">
        <ele>313.3</ele>
      </trkpt>
      <trkpt lat="6.86218" lon="125.40751">
        <ele>312.72</ele>
      </trkpt>
      <trkpt lat="6.86212" lon="125.40745">
        <ele>310.91</ele>
      </trkpt>
      <trkpt lat="6.86206" lon="125.40741">
        <ele>309.49</ele>
      </trkpt>
      <trkpt lat="6.86198" lon="125.40739">
        <ele>307.91</ele>
      </trkpt>
      <trkpt lat="6.86193" lon="125.40738">
        <ele>306.86</ele>
      </trkpt>
      <trkpt lat="6.86189" lon="125.40738">
        <ele>305.64</ele>
      </trkpt>
      <trkpt lat="6.86187" lon="125.40734">
        <ele>305.43</ele>
      </trkpt>
      <trkpt lat="6.86185" lon="125.40728">
        <ele>305.39</ele>
      </trkpt>
      <trkpt lat="6.8618" lon="125.40726">
        <ele>303.98</ele>
      </trkpt>
      <trkpt lat="6.86177" lon="125.40725">
        <ele>303.11</ele>
      </trkpt>
      <trkpt lat="6.86174" lon="125.40724">
        <ele>302.23</ele>
      </trkpt>
      <trkpt lat="6.86171" lon="125.40725">
        <ele>301.19</ele>
      </trkpt>
      <trkpt lat="6.86165" lon="125.40725">
        <ele>299.1</ele>
      </trkpt>
      <trkpt lat="6.8616" lon="125.40724">
        <ele>297.04</ele>
      </trkpt>
      <trkpt lat="6.86154" lon="125.40723">
        <ele>294.51</ele>
      </trkpt>
      <trkpt lat="6.86148" lon="125.4072">
        <ele>291.78</ele>
      </trkpt>
      <trkpt lat="6.86147" lon="125.4072">
        <ele>291.34</ele>
      </trkpt>
      <trkpt lat="6.86144" lon="125.4072">
        <ele>290.05</ele>
      </trkpt>
      <trkpt lat="6.86143" lon="125.4072">
        <ele>289.62</ele>
      </trkpt>
      <trkpt lat="6.86141" lon="125.40719">
        <ele>288.68</ele>
      </trkpt>
      <trkpt lat="6.8614" lon="125.4072">
        <ele>288.32</ele>
      </trkpt>
      <trkpt lat="6.86139" lon="125.40719">
        <ele>287.82</ele>
      </trkpt>
      <trkpt lat="6.86132" lon="125.40719">
        <ele>286.16</ele>
      </trkpt>
      <trkpt lat="6.86129" lon="125.4072">
        <ele>285.59</ele>
      </trkpt>
      <trkpt lat="6.86125" lon="125.40721">
        <ele>284.82</ele>
      </trkpt>
      <trkpt lat="6.86118" lon="125.40718">
        <ele>282.73</ele>
      </trkpt>
      <trkpt lat="6.86113" lon="125.40716">
        <ele>281.12</ele>
      </trkpt>
      <trkpt lat="6.86107" lon="125.40715">
        <ele>279.49</ele>
      </trkpt>
      <trkpt lat="6.86103" lon="125.40715">
        <ele>278.56</ele>
      </trkpt>
      <trkpt lat="6.86098" lon="125.40715">
        <ele>277.4</ele>
      </trkpt>
      <trkpt lat="6.86095" lon="125.40714">
        <ele>276.61</ele>
      </trkpt>
      <trkpt lat="6.86086" lon="125.40714">
        <ele>274.6</ele>
      </trkpt>
      <trkpt lat="6.86078" lon="125.40715">
        <ele>273.47</ele>
      </trkpt>
      <trkpt lat="6.86075" lon="125.40714">
        <ele>273.19</ele>
      </trkpt>
      <trkpt lat="6.86073" lon="125.40714">
        <ele>272.99</ele>
      </trkpt>
      <trkpt lat="6.86065" lon="125.40716">
        <ele>272.17</ele>
      </trkpt>
      <trkpt lat="6.86061" lon="125.40714">
        <ele>271.83</ele>
      </trkpt>
      <trkpt lat="6.86055" lon="125.40715">
        <ele>271.21</ele>
      </trkpt>
      <trkpt lat="6.86051" lon="125.40714">
        <ele>270.92</ele>
      </trkpt>
      <trkpt lat="6.86048" lon="125.40715">
        <ele>270.65</ele>
      </trkpt>
      <trkpt lat="6.86042" lon="125.40716">
        <ele>270.14</ele>
      </trkpt>
      <trkpt lat="6.86039" lon="125.40717">
        <ele>269.88</ele>
      </trkpt>
      <trkpt lat="6.8603" lon="125.40719">
        <ele>269.17</ele>
      </trkpt>
      <trkpt lat="6.86024" lon="125.4072">
        <ele>268.32</ele>
      </trkpt>
      <trkpt lat="6.86019" lon="125.4072">
        <ele>267.42</ele>
      </trkpt>
      <trkpt lat="6.86016" lon="125.4072">
        <ele>266.88</ele>
      </trkpt>
      <trkpt lat="6.86013" lon="125.40721">
        <ele>266.34</ele>
      </trkpt>
      <trkpt lat="6.85998" lon="125.40721">
        <ele>263.43</ele>
      </trkpt>
      <trkpt lat="6.85995" lon="125.40722">
        <ele>262.56</ele>
      </trkpt>
      <trkpt lat="6.85992" lon="125.40723">
        <ele>261.57</ele>
      </trkpt>
      <trkpt lat="6.85984" lon="125.40722">
        <ele>259.4</ele>
      </trkpt>
      <trkpt lat="6.85974" lon="125.40719">
        <ele>256.73</ele>
      </trkpt>
      <trkpt lat="6.85966" lon="125.40715">
        <ele>255.67</ele>
      </trkpt>
      <trkpt lat="6.85964" lon="125.40716">
        <ele>255.36</ele>
      </trkpt>
      <trkpt lat="6.85961" lon="125.40716">
        <ele>254.96</ele>
      </trkpt>
      <trkpt lat="6.85954" lon="125.40717">
        <ele>254.04</ele>
      </trkpt>
      <trkpt lat="6.85951" lon="125.40719">
        <ele>253.67</ele>
      </trkpt>
      <trkpt lat="6.85948" lon="125.40719">
        <ele>253.31</ele>
      </trkpt>
      <trkpt lat="6.85946" lon="125.4072">
        <ele>253.1</ele>
      </trkpt>
      <trkpt lat="6.85944" lon="125.40721">
        <ele>252.96</ele>
      </trkpt>
      <trkpt lat="6.85942" lon="125.40721">
        <ele>252.95</ele>
      </trkpt>
      <trkpt lat="6.85939" lon="125.40723">
        <ele>253.08</ele>
      </trkpt>
      <trkpt lat="6.85936" lon="125.40724">
        <ele>253.16</ele>
      </trkpt>
      <trkpt lat="6.85931" lon="125.40726">
        <ele>253.21</ele>
      </trkpt>
      <trkpt lat="6.85925" lon="125.40728">
        <ele>253.1</ele>
      </trkpt>
      <trkpt lat="6.8592" lon="125.4073">
        <ele>252.89</ele>
      </trkpt>
      <trkpt lat="6.85914" lon="125.40734">
        <ele>252.17</ele>
      </trkpt>
      <trkpt lat="6.85911" lon="125.40735">
        <ele>251.6</ele>
      </trkpt>
      <trkpt lat="6.85907" lon="125.40737">
        <ele>250.62</ele>
      </trkpt>
      <trkpt lat="6.85896" lon="125.40741">
        <ele>247.29</ele>
      </trkpt>
      <trkpt lat="6.85893" lon="125.40742">
        <ele>246.22</ele>
      </trkpt>
      <trkpt lat="6.85885" lon="125.40745">
        <ele>244.2</ele>
      </trkpt>
      <trkpt lat="6.85883" lon="125.40746">
        <ele>243.98</ele>
      </trkpt>
      <trkpt lat="6.85881" lon="125.40747">
        <ele>243.79</ele>
      </trkpt>
      <trkpt lat="6.85872" lon="125.4075">
        <ele>243.82</ele>
      </trkpt>
      <trkpt lat="6.85868" lon="125.40753">
        <ele>244.28</ele>
      </trkpt>
      <trkpt lat="6.85859" lon="125.40757">
        <ele>244.83</ele>
      </trkpt>
      <trkpt lat="6.85856" lon="125.40759">
        <ele>244.63</ele>
      </trkpt>
      <trkpt lat="6.85853" lon="125.4076">
        <ele>244.44</ele>
      </trkpt>
      <trkpt lat="6.85849" lon="125.40761">
        <ele>244.21</ele>
      </trkpt>
      <trkpt lat="6.85844" lon="125.40763">
        <ele>244.02</ele>
      </trkpt>
      <trkpt lat="6.85839" lon="125.40766">
        <ele>243.99</ele>
      </trkpt>
      <trkpt lat="6.85833" lon="125.40769">
        <ele>244.01</ele>
      </trkpt>
      <trkpt lat="6.85826" lon="125.40769">
        <ele>243.02</ele>
      </trkpt>
      <trkpt lat="6.85822" lon="125.4077">
        <ele>242.66</ele>
      </trkpt>
      <trkpt lat="6.85817" lon="125.4077">
        <ele>242.0</ele>
      </trkpt>
      <trkpt lat="6.85813" lon="125.40769">
        <ele>241.2</ele>
      </trkpt>
      <trkpt lat="6.8581" lon="125.40766">
        <ele>239.91</ele>
      </trkpt>
      <trkpt lat="6.85806" lon="125.40765">
        <ele>238.94</ele>
      </trkpt>
      <trkpt lat="6.85804" lon="125.40764">
        <ele>238.2</ele>
      </trkpt>
      <trkpt lat="6.85801" lon="125.40763">
        <ele>237.24</ele>
      </trkpt>
      <trkpt lat="6.8579" lon="125.40753">
        <ele>232.05</ele>
      </trkpt>
      <trkpt lat="6.85779" lon="125.40748">
        <ele>229.08</ele>
      </trkpt>
      <trkpt lat="6.85773" lon="125.40744">
        <ele>227.54</ele>
      </trkpt>
      <trkpt lat="6.8577" lon="125.40743">
        <ele>226.82</ele>
      </trkpt>
      <trkpt lat="6.85767" lon="125.40741">
        <ele>226.02</ele>
      </trkpt>
      <trkpt lat="6.85763" lon="125.40739">
        <ele>225.02</ele>
      </trkpt>
      <trkpt lat="6.85756" lon="125.40736">
        <ele>223.29</ele>
      </trkpt>
      <trkpt lat="6.85749" lon="125.40733">
        <ele>221.48</ele>
      </trkpt>
      <trkpt lat="6.85745" lon="125.40731">
        <ele>220.2</ele>
      </trkpt>
      <trkpt lat="6.85735" lon="125.40726">
        <ele>217.27</ele>
      </trkpt>
      <trkpt lat="6.85727" lon="125.40722">
        <ele>215.23</ele>
      </trkpt>
      <trkpt lat="6.8572" lon="125.40719">
        <ele>214.15</ele>
      </trkpt>
      <trkpt lat="6.85703" lon="125.4071">
        <ele>213.3</ele>
      </trkpt>
      <trkpt lat="6.85692" lon="125.40705">
        <ele>212.66</ele>
      </trkpt>
      <trkpt lat="6.85686" lon="125.40703">
        <ele>211.94</ele>
      </trkpt>
      <trkpt lat="6.85681" lon="125.40701">
        <ele>211.4</ele>
      </trkpt>
      <trkpt lat="6.85676" lon="125.407">
        <ele>210.68</ele>
      </trkpt>
      <trkpt lat="6.85673" lon="125.40699">
        <ele>210.32</ele>
      </trkpt>
      <trkpt lat="6.85661" lon="125.40698">
        <ele>209.16</ele>
      </trkpt>
      <trkpt lat="6.85644" lon="125.40701">
        <ele>208.0</ele>
      </trkpt>
      <trkpt lat="6.85626" lon="125.40703">
        <ele>206.82</ele>
      </trkpt>
      <trkpt lat="6.85615" lon="125.40707">
        <ele>205.8</ele>
      </trkpt>
      <trkpt lat="6.8561" lon="125.40709">
        <ele>205.27</ele>
      </trkpt>
      <trkpt lat="6.85606" lon="125.40711">
        <ele>204.51</ele>
      </trkpt>
      <trkpt lat="6.85602" lon="125.40712">
        <ele>203.88</ele>
      </trkpt>
      <trkpt lat="6.856" lon="125.40713">
        <ele>203.53</ele>
      </trkpt>
      <trkpt lat="6.85597" lon="125.40713">
        <ele>203.13</ele>
      </trkpt>
      <trkpt lat="6.85594" lon="125.40715">
        <ele>202.61</ele>
      </trkpt>
      <trkpt lat="6.85576" lon="125.40718">
        <ele>200.81</ele>
      </trkpt>
      <trkpt lat="6.8557" lon="125.4072">
        <ele>200.52</ele>
      </trkpt>
      <trkpt lat="6.85564" lon="125.40721">
        <ele>200.29</ele>
      </trkpt>
      <trkpt lat="6.8556" lon="125.40722">
        <ele>200.15</ele>
      </trkpt>
      <trkpt lat="6.85558" lon="125.40723">
        <ele>199.94</ele>
      </trkpt>
      <trkpt lat="6.85555" lon="125.40724">
        <ele>199.6</ele>
      </trkpt>
      <trkpt lat="6.85551" lon="125.40725">
        <ele>198.86</ele>
      </trkpt>
      <trkpt lat="6.8554" lon="125.40727">
        <ele>197.0</ele>
      </trkpt>
      <trkpt lat="6.85535" lon="125.40727">
        <ele>196.31</ele>
      </trkpt>
      <trkpt lat="6.8553" lon="125.40728">
        <ele>195.47</ele>
      </trkpt>
      <trkpt lat="6.85524" lon="125.40728">
        <ele>194.22</ele>
      </trkpt>
      <trkpt lat="6.85514" lon="125.4073">
        <ele>191.61</ele>
      </trkpt>
      <trkpt lat="6.85507" lon="125.40731">
        <ele>189.93</ele>
      </trkpt>
      <trkpt lat="6.85497" lon="125.40732">
        <ele>187.56</ele>
      </trkpt>
      <trkpt lat="6.85486" lon="125.40735">
        <ele>184.89</ele>
      </trkpt>
      <trkpt lat="6.85482" lon="125.40735">
        <ele>183.87</ele>
      </trkpt>
      <trkpt lat="6.85476" lon="125.40737">
        <ele>182.54</ele>
      </trkpt>
      <trkpt lat="6.8547" lon="125.4074">
        <ele>181.69</ele>
      </trkpt>
      <trkpt lat="6.85455" lon="125.40743">
        <ele>180.23</ele>
      </trkpt>
      <trkpt lat="6.85445" lon="125.40746">
        <ele>179.07</ele>
      </trkpt>
      <trkpt lat="6.8544" lon="125.40746">
        <ele>178.59</ele>
      </trkpt>
      <trkpt lat="6.85437" lon="125.40748">
        <ele>178.25</ele>
      </trkpt>
      <trkpt lat="6.85433" lon="125.4075">
        <ele>177.76</ele>
      </trkpt>
      <trkpt lat="6.85428" lon="125.40752">
        <ele>177.07</ele>
      </trkpt>
      <trkpt lat="6.85427" lon="125.40752">
        <ele>176.95</ele>
      </trkpt>
      <trkpt lat="6.85426" lon="125.40752">
        <ele>176.84</ele>
      </trkpt>
      <trkpt lat="6.85423" lon="125.40754">
        <ele>176.32</ele>
      </trkpt>
      <trkpt lat="6.85418" lon="125.40755">
        <ele>175.62</ele>
      </trkpt>
      <trkpt lat="6.85413" lon="125.40757">
        <ele>174.78</ele>
      </trkpt>
      <trkpt lat="6.85408" lon="125.40759">
        <ele>173.98</ele>
      </trkpt>
      <trkpt lat="6.85404" lon="125.4076">
        <ele>173.42</ele>
      </trkpt>
      <trkpt lat="6.85393" lon="125.40764">
        <ele>171.94</ele>
      </trkpt>
      <trkpt lat="6.85387" lon="125.40765">
        <ele>171.4</ele>
      </trkpt>
      <trkpt lat="6.85381" lon="125.40765">
        <ele>171.22</ele>
      </trkpt>
      <trkpt lat="6.85375" lon="125.40766">
        <ele>171.08</ele>
      </trkpt>
      <trkpt lat="6.85372" lon="125.40766">
        <ele>171.0</ele>
      </trkpt>
      <trkpt lat="6.85363" lon="125.40767">
        <ele>170.87</ele>
      </trkpt>
      <trkpt lat="6.85353" lon="125.40767">
        <ele>169.76</ele>
      </trkpt>
      <trkpt lat="6.85346" lon="125.40767">
        <ele>168.84</ele>
      </trkpt>
      <trkpt lat="6.85342" lon="125.40768">
        <ele>168.27</ele>
      </trkpt>
      <trkpt lat="6.85339" lon="125.40768">
        <ele>167.85</ele>
      </trkpt>
      <trkpt lat="6.85332" lon="125.40769">
        <ele>166.56</ele>
      </trkpt>
      <trkpt lat="6.85319" lon="125.40772">
        <ele>162.5</ele>
      </trkpt>
      <trkpt lat="6.85294" lon="125.40775">
        <ele>156.8</ele>
      </trkpt>
      <trkpt lat="6.85292" lon="125.40776">
        <ele>156.54</ele>
      </trkpt>
      <trkpt lat="6.85288" lon="125.40777">
        <ele>156.08</ele>
      </trkpt>
      <trkpt lat="6.8527" lon="125.40777">
        <ele>154.08</ele>
      </trkpt>
      <trkpt lat="6.85265" lon="125.40778">
        <ele>153.65</ele>
      </trkpt>
      <trkpt lat="6.8526" lon="125.40779">
        <ele>153.19</ele>
      </trkpt>
      <trkpt lat="6.85256" lon="125.40779">
        <ele>152.73</ele>
      </trkpt>
      <trkpt lat="6.85252" lon="125.4078">
        <ele>152.32</ele>
      </trkpt>
      <trkpt lat="6.85249" lon="125.4078">
        <ele>151.94</ele>
      </trkpt>
      <trkpt lat="6.85246" lon="125.40781">
        <ele>151.56</ele>
      </trkpt>
      <trkpt lat="6.8524" lon="125.40782">
        <ele>150.77</ele>
      </trkpt>
      <trkpt lat="6.85234" lon="125.40784">
        <ele>150.05</ele>
      </trkpt>
      <trkpt lat="6.85229" lon="125.40784">
        <ele>149.37</ele>
      </trkpt>
      <trkpt lat="6.85226" lon="125.40785">
        <ele>149.03</ele>
      </trkpt>
      <trkpt lat="6.85222" lon="125.40786">
        <ele>148.56</ele>
      </trkpt>
      <trkpt lat="6.85218" lon="125.40788">
        <ele>148.14</ele>
      </trkpt>
      <trkpt lat="6.85211" lon="125.40789">
        <ele>147.28</ele>
      </trkpt>
      <trkpt lat="6.85199" lon="125.4079">
        <ele>145.8</ele>
      </trkpt>
      <trkpt lat="6.85188" lon="125.40793">
        <ele>145.3</ele>
      </trkpt>
      <trkpt lat="6.85184" lon="125.40793">
        <ele>145.02</ele>
      </trkpt>
      <trkpt lat="6.85174" lon="125.40796">
        <ele>145.04</ele>
      </trkpt>
      <trkpt lat="6.85166" lon="125.40797">
        <ele>144.72</ele>
      </trkpt>
      <trkpt lat="6.85159" lon="125.40799">
        <ele>143.71</ele>
      </trkpt>
      <trkpt lat="6.85154" lon="125.408">
        <ele>142.68</ele>
      </trkpt>
      <trkpt lat="6.85148" lon="125.40801">
        <ele>141.24</ele>
      </trkpt>
      <trkpt lat="6.85144" lon="125.40803">
        <ele>139.99</ele>
      </trkpt>
      <trkpt lat="6.85141" lon="125.40804">
        <ele>138.96</ele>
      </trkpt>
      <trkpt lat="6.85139" lon="125.40805">
        <ele>138.15</ele>
      </trkpt>
      <trkpt lat="6.85136" lon="125.40805">
        <ele>137.28</ele>
      </trkpt>
      <trkpt lat="6.85132" lon="125.40807">
        <ele>135.61</ele>
      </trkpt>
      <trkpt lat="6.85129" lon="125.40806">
        <ele>135.04</ele>
      </trkpt>
      <trkpt lat="6.85127" lon="125.40806">
        <ele>134.47</ele>
      </trkpt>
      <trkpt lat="6.85118" lon="125.4081">
        <ele>131.15</ele>
      </trkpt>
      <trkpt lat="6.85113" lon="125.40812">
        <ele>129.54</ele>
      </trkpt>
      <trkpt lat="6.85109" lon="125.40814">
        <ele>128.25</ele>
      </trkpt>
      <trkpt lat="6.851" lon="125.40816">
        <ele>125.75</ele>
      </trkpt>
      <trkpt lat="6.85086" lon="125.40821">
        <ele>122.05</ele>
      </trkpt>
      <trkpt lat="6.85077" lon="125.40823">
        <ele>120.4</ele>
      </trkpt>
      <trkpt lat="6.85072" lon="125.40825">
        <ele>119.5</ele>
      </trkpt>
      <trkpt lat="6.85064" lon="125.40827">
        <ele>118.07</ele>
      </trkpt>
      <trkpt lat="6.85051" lon="125.40829">
        <ele>115.75</ele>
      </trkpt>
      <trkpt lat="6.85044" lon="125.40832">
        <ele>114.14</ele>
      </trkpt>
      <trkpt lat="6.85038" lon="125.40835">
        <ele>112.88</ele>
      </trkpt>
      <trkpt lat="6.85032" lon="125.40837">
        <ele>111.8</ele>
      </trkpt>
      <trkpt lat="6.85023" lon="125.4084">
        <ele>111.49</ele>
      </trkpt>
      <trkpt lat="6.85008" lon="125.40845">
        <ele>111.87</ele>
      </trkpt>
      <trkpt lat="6.84998" lon="125.40847">
        <ele>111.54</ele>
      </trkpt>
      <trkpt lat="6.84991" lon="125.40848">
        <ele>111.08</ele>
      </trkpt>
      <trkpt lat="6.84986" lon="125.40849">
        <ele>110.64</ele>
      </trkpt>
      <trkpt lat="6.84979" lon="125.40851">
        <ele>109.8</ele>
      </trkpt>
      <trkpt lat="6.84968" lon="125.40855">
        <ele>108.49</ele>
      </trkpt>
      <trkpt lat="6.84963" lon="125.40858">
        <ele>107.93</ele>
      </trkpt>
      <trkpt lat="6.84952" lon="125.40863">
        <ele>107.71</ele>
      </trkpt>
      <trkpt lat="6.84924" lon="125.40874">
        <ele>101.97</ele>
      </trkpt>
      <trkpt lat="6.84916" lon="125.40878">
        <ele>100.11</ele>
      </trkpt>
      <trkpt lat="6.8491" lon="125.40882">
        <ele>98.96</ele>
      </trkpt>
      <trkpt lat="6.84903" lon="125.40885">
        <ele>97.66</ele>
      </trkpt>
      <trkpt lat="6.84897" lon="125.40887">
        <ele>96.52</ele>
      </trkpt>
      <trkpt lat="6.84887" lon="125.40891">
        <ele>94.04</ele>
      </trkpt>
      <trkpt lat="6.84875" lon="125.40895">
        <ele>91.8</ele>
      </trkpt>
      <trkpt lat="6.84872" lon="125.40897">
        <ele>90.93</ele>
      </trkpt>
      <trkpt lat="6.8487" lon="125.40898">
        <ele>90.48</ele>
      </trkpt>
      <trkpt lat="6.84868" lon="125.409">
        <ele>89.7</ele>
      </trkpt>
      <trkpt lat="6.8486" lon="125.40903">
        <ele>88.37</ele>
      </trkpt>
      <trkpt lat="6.84844" lon="125.4091">
        <ele>86.36</ele>
      </trkpt>
      <trkpt lat="6.8484" lon="125.40912">
        <ele>86.14</ele>
      </trkpt>
      <trkpt lat="6.84833" lon="125.40916">
        <ele>85.95</ele>
      </trkpt>
      <trkpt lat="6.84827" lon="125.40918">
        <ele>83.91</ele>
      </trkpt>
      <trkpt lat="6.84823" lon="125.4092">
        <ele>82.45</ele>
      </trkpt>
      <trkpt lat="6.8482" lon="125.40922">
        <ele>81.37</ele>
      </trkpt>
      <trkpt lat="6.84813" lon="125.40926">
        <ele>79.27</ele>
      </trkpt>
      <trkpt lat="6.84804" lon="125.40931">
        <ele>77.2</ele>
      </trkpt>
      <trkpt lat="6.848" lon="125.40934">
        <ele>76.33</ele>
      </trkpt>
      <trkpt lat="6.84796" lon="125.40936">
        <ele>75.45</ele>
      </trkpt>
      <trkpt lat="6.84792" lon="125.40939">
        <ele>74.46</ele>
      </trkpt>
      <trkpt lat="6.84786" lon="125.40942">
        <ele>72.99</ele>
      </trkpt>
      <trkpt lat="6.84777" lon="125.40949">
        <ele>70.25</ele>
      </trkpt>
      <trkpt lat="6.84773" lon="125.40951">
        <ele>69.42</ele>
      </trkpt>
      <trkpt lat="6.84766" lon="125.40955">
        <ele>67.72</ele>
      </trkpt>
      <trkpt lat="6.84764" lon="125.40956">
        <ele>67.23</ele>
      </trkpt>
      <trkpt lat="6.84759" lon="125.40958">
        <ele>66.03</ele>
      </trkpt>
      <trkpt lat="6.84754" lon="125.40962">
        <ele>64.28</ele>
      </trkpt>
      <trkpt lat="6.84749" lon="125.40965">
        <ele>62.76</ele>
      </trkpt>
      <trkpt lat="6.84742" lon="125.40969">
        <ele>61.27</ele>
      </trkpt>
      <trkpt lat="6.84733" lon="125.40974">
        <ele>59.56</ele>
      </trkpt>
      <trkpt lat="6.8472" lon="125.40981">
        <ele>57.47</ele>
      </trkpt>
      <trkpt lat="6.84715" lon="125.40984">
        <ele>57.03</ele>
      </trkpt>
      <trkpt lat="6.84708" lon="125.40986">
        <ele>56.78</ele>
      </trkpt>
      <trkpt lat="6.84698" lon="125.40991">
        <ele>55.9</ele>
      </trkpt>
      <trkpt lat="6.8469" lon="125.40996">
        <ele>54.66</ele>
      </trkpt>
      <trkpt lat="6.84687" lon="125.40997">
        <ele>54.39</ele>
      </trkpt>
      <trkpt lat="6.84677" lon="125.41003">
        <ele>53.72</ele>
      </trkpt>
      <trkpt lat="6.8467" lon="125.41007">
        <ele>53.27</ele>
      </trkpt>
      <trkpt lat="6.84664" lon="125.41009">
        <ele>52.74</ele>
      </trkpt>
      <trkpt lat="6.84657" lon="125.41013">
        <ele>51.55</ele>
      </trkpt>
      <trkpt lat="6.84646" lon="125.41018">
        <ele>49.82</ele>
      </trkpt>
      <trkpt lat="6.84632" lon="125.41026">
        <ele>46.94</ele>
      </trkpt>
      <trkpt lat="6.84627" lon="125.41029">
        <ele>45.63</ele>
      </trkpt>
      <trkpt lat="6.84621" lon="125.41032">
        <ele>43.83</ele>
      </trkpt>
      <trkpt lat="6.8461" lon="125.41036">
        <ele>40.25</ele>
      </trkpt>
      <trkpt lat="6.84608" lon="125.41036">
        <ele>39.57</ele>
      </trkpt>
      <trkpt lat="6.84603" lon="125.41036">
        <ele>37.85</ele>
      </trkpt>
      <trkpt lat="6.84596" lon="125.4104">
        <ele>34.69</ele>
      </trkpt>
      <trkpt lat="6.8459" lon="125.41044">
        <ele>32.19</ele>
      </trkpt>
      <trkpt lat="6.84585" lon="125.41046">
        <ele>30.5</ele>
      </trkpt>
      <trkpt lat="6.84574" lon="125.41052">
        <ele>29.21</ele>
      </trkpt>
      <trkpt lat="6.84557" lon="125.4106">
        <ele>29.15</ele>
      </trkpt>
      <trkpt lat="6.84544" lon="125.41066">
        <ele>31.09</ele>
      </trkpt>
      <trkpt lat="6.84537" lon="125.41069">
        <ele>32.46</ele>
      </trkpt>
      <trkpt lat="6.84523" lon="125.41076">
        <ele>34.47</ele>
      </trkpt>
      <trkpt lat="6.84504" lon="125.41087">
        <ele>33.47</ele>
      </trkpt>
      <trkpt lat="6.84502" lon="125.41088">
        <ele>33.32</ele>
      </trkpt>
      <trkpt lat="6.84465" lon="125.41108">
        <ele>27.59</ele>
      </trkpt>
      <trkpt lat="6.84462" lon="125.4111">
        <ele>27.3</ele>
      </trkpt>
      <trkpt lat="6.84462" lon="125.41109">
        <ele>27.34</ele>
      </trkpt>
      <trkpt lat="6.84447" lon="125.41117">
        <ele>26.34</ele>
      </trkpt>
      <trkpt lat="6.8443" lon="125.41126">
        <ele>23.86</ele>
      </trkpt>
      <trkpt lat="6.84426" lon="125.41129">
        <ele>22.94</ele>
      </trkpt>
    </trkseg>
  </trk>
</gpx>
