<?xml version="1.0"?>
<gpx xmlns="http://www.topografix.com/GPX/1/1" xmlns:xsi="http://www.w3.org/2001/XMLSchema-instance" version="1.1" creator="AllTrails.com" xsi:schemaLocation="http://www.topografix.com/GPX/1/1 http://www.topografix.com/GPX/1/1/gpx.xsd">
  <metadata>
    <name><![CDATA[Mount Megatong]]></name>
    <desc><![CDATA[]]></desc>
    <link href="http://www.alltrails.com">
      <text>AllTrails, LLC</text>
    </link>
    <bounds minlat="7.57041" minlon="125.55175" maxlat="7.58737" maxlon="125.58228"/>
  </metadata>
  <trk>
    <name><![CDATA[Mount Megatong]]></name>
    <src>AllTrails</src>
    <trkseg>
      <trkpt lat="7.57047" lon="125.58227">
        <ele>185.69</ele>
      </trkpt>
      <trkpt lat="7.57046" lon="125.58228">
        <ele>185.31</ele>
      </trkpt>
      <trkpt lat="7.57041" lon="125.58221">
        <ele>186.61</ele>
      </trkpt>
      <trkpt lat="7.57043" lon="125.58218">
        <ele>187.24</ele>
      </trkpt>
      <trkpt lat="7.57047" lon="125.58205">
        <ele>189.32</ele>
      </trkpt>
      <trkpt lat="7.57056" lon="125.58199">
        <ele>190.35</ele>
      </trkpt>
      <trkpt lat="7.57064" lon="125.5819">
        <ele>187.35</ele>
      </trkpt>
      <trkpt lat="7.57081" lon="125.58177">
        <ele>181.0</ele>
      </trkpt>
      <trkpt lat="7.57096" lon="125.58165">
        <ele>175.85</ele>
      </trkpt>
      <trkpt lat="7.57104" lon="125.58158">
        <ele>173.53</ele>
      </trkpt>
      <trkpt lat="7.5712" lon="125.58147">
        <ele>168.66</ele>
      </trkpt>
      <trkpt lat="7.5713" lon="125.58139">
        <ele>166.18</ele>
      </trkpt>
      <trkpt lat="7.57133" lon="125.58136">
        <ele>165.14</ele>
      </trkpt>
      <trkpt lat="7.57135" lon="125.58134">
        <ele>164.48</ele>
      </trkpt>
      <trkpt lat="7.57139" lon="125.58132">
        <ele>163.23</ele>
      </trkpt>
      <trkpt lat="7.57155" lon="125.58125">
        <ele>162.05</ele>
      </trkpt>
      <trkpt lat="7.5716" lon="125.58124">
        <ele>161.83</ele>
      </trkpt>
      <trkpt lat="7.57171" lon="125.58123">
        <ele>160.77</ele>
      </trkpt>
      <trkpt lat="7.57173" lon="125.58122">
        <ele>160.73</ele>
      </trkpt>
      <trkpt lat="7.57179" lon="125.58118">
        <ele>161.13</ele>
      </trkpt>
      <trkpt lat="7.57185" lon="125.58112">
        <ele>162.66</ele>
      </trkpt>
      <trkpt lat="7.57192" lon="125.58106">
        <ele>163.27</ele>
      </trkpt>
      <trkpt lat="7.57198" lon="125.58103">
        <ele>163.3</ele>
      </trkpt>
      <trkpt lat="7.57202" lon="125.58101">
        <ele>163.32</ele>
      </trkpt>
      <trkpt lat="7.57204" lon="125.581">
        <ele>163.37</ele>
      </trkpt>
      <trkpt lat="7.57211" lon="125.58092">
        <ele>165.2</ele>
      </trkpt>
      <trkpt lat="7.57219" lon="125.58078">
        <ele>168.17</ele>
      </trkpt>
      <trkpt lat="7.57226" lon="125.5807">
        <ele>168.06</ele>
      </trkpt>
      <trkpt lat="7.57229" lon="125.58068">
        <ele>167.9</ele>
      </trkpt>
      <trkpt lat="7.57234" lon="125.58063">
        <ele>168.05</ele>
      </trkpt>
      <trkpt lat="7.57237" lon="125.58061">
        <ele>168.18</ele>
      </trkpt>
      <trkpt lat="7.57237" lon="125.5806">
        <ele>168.33</ele>
      </trkpt>
      <trkpt lat="7.57244" lon="125.58055">
        <ele>169.15</ele>
      </trkpt>
      <trkpt lat="7.57253" lon="125.5805">
        <ele>170.32</ele>
      </trkpt>
      <trkpt lat="7.57262" lon="125.58044">
        <ele>170.92</ele>
      </trkpt>
      <trkpt lat="7.57268" lon="125.5804">
        <ele>171.1</ele>
      </trkpt>
      <trkpt lat="7.57286" lon="125.58024">
        <ele>171.23</ele>
      </trkpt>
      <trkpt lat="7.57289" lon="125.58022">
        <ele>170.9</ele>
      </trkpt>
      <trkpt lat="7.57296" lon="125.58019">
        <ele>170.16</ele>
      </trkpt>
      <trkpt lat="7.57301" lon="125.58016">
        <ele>169.55</ele>
      </trkpt>
      <trkpt lat="7.57306" lon="125.58016">
        <ele>169.14</ele>
      </trkpt>
      <trkpt lat="7.57308" lon="125.58015">
        <ele>169.03</ele>
      </trkpt>
      <trkpt lat="7.5731" lon="125.58014">
        <ele>168.93</ele>
      </trkpt>
      <trkpt lat="7.57313" lon="125.58012">
        <ele>168.78</ele>
      </trkpt>
      <trkpt lat="7.57318" lon="125.58009">
        <ele>168.66</ele>
      </trkpt>
      <trkpt lat="7.57326" lon="125.58005">
        <ele>168.7</ele>
      </trkpt>
      <trkpt lat="7.57335" lon="125.58">
        <ele>168.7</ele>
      </trkpt>
      <trkpt lat="7.5734" lon="125.57988">
        <ele>168.09</ele>
      </trkpt>
      <trkpt lat="7.57344" lon="125.57982">
        <ele>168.17</ele>
      </trkpt>
      <trkpt lat="7.57346" lon="125.57978">
        <ele>168.46</ele>
      </trkpt>
      <trkpt lat="7.57353" lon="125.57965">
        <ele>170.23</ele>
      </trkpt>
      <trkpt lat="7.57356" lon="125.57955">
        <ele>171.77</ele>
      </trkpt>
      <trkpt lat="7.57356" lon="125.57952">
        <ele>172.14</ele>
      </trkpt>
      <trkpt lat="7.57355" lon="125.57947">
        <ele>172.59</ele>
      </trkpt>
      <trkpt lat="7.57354" lon="125.57942">
        <ele>172.83</ele>
      </trkpt>
      <trkpt lat="7.57354" lon="125.5794">
        <ele>172.92</ele>
      </trkpt>
      <trkpt lat="7.57353" lon="125.57929">
        <ele>173.26</ele>
      </trkpt>
      <trkpt lat="7.57354" lon="125.57916">
        <ele>174.21</ele>
      </trkpt>
      <trkpt lat="7.57356" lon="125.5791">
        <ele>176.75</ele>
      </trkpt>
      <trkpt lat="7.57363" lon="125.57897">
        <ele>183.26</ele>
      </trkpt>
      <trkpt lat="7.57364" lon="125.57895">
        <ele>183.95</ele>
      </trkpt>
      <trkpt lat="7.57364" lon="125.57893">
        <ele>184.78</ele>
      </trkpt>
      <trkpt lat="7.57362" lon="125.57889">
        <ele>186.79</ele>
      </trkpt>
      <trkpt lat="7.57359" lon="125.57884">
        <ele>186.43</ele>
      </trkpt>
      <trkpt lat="7.57347" lon="125.57876">
        <ele>182.5</ele>
      </trkpt>
      <trkpt lat="7.57345" lon="125.57873">
        <ele>182.26</ele>
      </trkpt>
      <trkpt lat="7.57343" lon="125.57869">
        <ele>182.29</ele>
      </trkpt>
      <trkpt lat="7.57341" lon="125.57866">
        <ele>182.22</ele>
      </trkpt>
      <trkpt lat="7.5734" lon="125.57861">
        <ele>182.95</ele>
      </trkpt>
      <trkpt lat="7.5734" lon="125.57861">
        <ele>182.95</ele>
      </trkpt>
      <trkpt lat="7.5734" lon="125.5786">
        <ele>183.27</ele>
      </trkpt>
      <trkpt lat="7.57341" lon="125.57857">
        <ele>184.41</ele>
      </trkpt>
      <trkpt lat="7.57342" lon="125.57851">
        <ele>186.27</ele>
      </trkpt>
      <trkpt lat="7.57344" lon="125.57841">
        <ele>188.87</ele>
      </trkpt>
      <trkpt lat="7.57344" lon="125.57837">
        <ele>189.82</ele>
      </trkpt>
      <trkpt lat="7.57345" lon="125.57834">
        <ele>190.33</ele>
      </trkpt>
      <trkpt lat="7.57344" lon="125.57828">
        <ele>190.13</ele>
      </trkpt>
      <trkpt lat="7.57345" lon="125.57824">
        <ele>189.59</ele>
      </trkpt>
      <trkpt lat="7.57346" lon="125.57818">
        <ele>188.97</ele>
      </trkpt>
      <trkpt lat="7.57348" lon="125.57814">
        <ele>188.6</ele>
      </trkpt>
      <trkpt lat="7.5735" lon="125.57811">
        <ele>188.44</ele>
      </trkpt>
      <trkpt lat="7.57353" lon="125.57806">
        <ele>188.42</ele>
      </trkpt>
      <trkpt lat="7.57357" lon="125.57791">
        <ele>187.29</ele>
      </trkpt>
      <trkpt lat="7.57357" lon="125.57786">
        <ele>186.8</ele>
      </trkpt>
      <trkpt lat="7.57355" lon="125.57776">
        <ele>186.01</ele>
      </trkpt>
      <trkpt lat="7.57354" lon="125.57773">
        <ele>186.05</ele>
      </trkpt>
      <trkpt lat="7.5735" lon="125.57767">
        <ele>186.39</ele>
      </trkpt>
      <trkpt lat="7.5735" lon="125.57762">
        <ele>186.57</ele>
      </trkpt>
      <trkpt lat="7.57348" lon="125.57756">
        <ele>187.07</ele>
      </trkpt>
      <trkpt lat="7.57348" lon="125.57739">
        <ele>184.91</ele>
      </trkpt>
      <trkpt lat="7.57349" lon="125.57732">
        <ele>183.42</ele>
      </trkpt>
      <trkpt lat="7.57348" lon="125.57729">
        <ele>182.68</ele>
      </trkpt>
      <trkpt lat="7.57348" lon="125.57729">
        <ele>182.68</ele>
      </trkpt>
      <trkpt lat="7.57348" lon="125.57721">
        <ele>181.02</ele>
      </trkpt>
      <trkpt lat="7.57347" lon="125.57718">
        <ele>180.42</ele>
      </trkpt>
      <trkpt lat="7.57345" lon="125.57703">
        <ele>178.04</ele>
      </trkpt>
      <trkpt lat="7.57343" lon="125.57698">
        <ele>176.9</ele>
      </trkpt>
      <trkpt lat="7.57342" lon="125.57696">
        <ele>176.39</ele>
      </trkpt>
      <trkpt lat="7.5734" lon="125.57692">
        <ele>176.04</ele>
      </trkpt>
      <trkpt lat="7.57338" lon="125.57689">
        <ele>176.02</ele>
      </trkpt>
      <trkpt lat="7.57337" lon="125.57686">
        <ele>176.28</ele>
      </trkpt>
      <trkpt lat="7.57335" lon="125.57683">
        <ele>176.38</ele>
      </trkpt>
      <trkpt lat="7.57332" lon="125.57677">
        <ele>176.86</ele>
      </trkpt>
      <trkpt lat="7.57331" lon="125.57674">
        <ele>177.16</ele>
      </trkpt>
      <trkpt lat="7.5733" lon="125.5767">
        <ele>177.6</ele>
      </trkpt>
      <trkpt lat="7.57331" lon="125.57668">
        <ele>178.18</ele>
      </trkpt>
      <trkpt lat="7.57333" lon="125.57663">
        <ele>180.49</ele>
      </trkpt>
      <trkpt lat="7.57335" lon="125.57659">
        <ele>182.33</ele>
      </trkpt>
      <trkpt lat="7.57338" lon="125.57648">
        <ele>186.44</ele>
      </trkpt>
      <trkpt lat="7.57337" lon="125.57642">
        <ele>188.88</ele>
      </trkpt>
      <trkpt lat="7.5734" lon="125.57636">
        <ele>189.31</ele>
      </trkpt>
      <trkpt lat="7.57344" lon="125.57631">
        <ele>188.77</ele>
      </trkpt>
      <trkpt lat="7.57346" lon="125.57627">
        <ele>188.87</ele>
      </trkpt>
      <trkpt lat="7.57349" lon="125.57618">
        <ele>189.89</ele>
      </trkpt>
      <trkpt lat="7.57349" lon="125.57614">
        <ele>190.43</ele>
      </trkpt>
      <trkpt lat="7.57352" lon="125.57608">
        <ele>191.43</ele>
      </trkpt>
      <trkpt lat="7.57354" lon="125.57605">
        <ele>191.73</ele>
      </trkpt>
      <trkpt lat="7.57355" lon="125.57604">
        <ele>191.84</ele>
      </trkpt>
      <trkpt lat="7.57355" lon="125.57604">
        <ele>191.84</ele>
      </trkpt>
      <trkpt lat="7.57358" lon="125.57601">
        <ele>192.04</ele>
      </trkpt>
      <trkpt lat="7.5736" lon="125.57598">
        <ele>192.01</ele>
      </trkpt>
      <trkpt lat="7.57362" lon="125.57591">
        <ele>191.39</ele>
      </trkpt>
      <trkpt lat="7.57363" lon="125.57588">
        <ele>191.05</ele>
      </trkpt>
      <trkpt lat="7.57375" lon="125.57579">
        <ele>189.5</ele>
      </trkpt>
      <trkpt lat="7.57379" lon="125.57576">
        <ele>188.99</ele>
      </trkpt>
      <trkpt lat="7.57385" lon="125.57574">
        <ele>188.18</ele>
      </trkpt>
      <trkpt lat="7.57392" lon="125.57572">
        <ele>187.58</ele>
      </trkpt>
      <trkpt lat="7.57397" lon="125.57573">
        <ele>187.47</ele>
      </trkpt>
      <trkpt lat="7.57409" lon="125.57576">
        <ele>186.41</ele>
      </trkpt>
      <trkpt lat="7.57414" lon="125.57578">
        <ele>185.37</ele>
      </trkpt>
      <trkpt lat="7.5742" lon="125.57578">
        <ele>184.63</ele>
      </trkpt>
      <trkpt lat="7.57427" lon="125.57579">
        <ele>183.23</ele>
      </trkpt>
      <trkpt lat="7.5743" lon="125.57578">
        <ele>183.19</ele>
      </trkpt>
      <trkpt lat="7.57434" lon="125.57578">
        <ele>182.62</ele>
      </trkpt>
      <trkpt lat="7.57438" lon="125.57577">
        <ele>182.44</ele>
      </trkpt>
      <trkpt lat="7.57442" lon="125.57575">
        <ele>182.65</ele>
      </trkpt>
      <trkpt lat="7.57447" lon="125.57569">
        <ele>184.07</ele>
      </trkpt>
      <trkpt lat="7.57449" lon="125.57565">
        <ele>185.12</ele>
      </trkpt>
      <trkpt lat="7.57454" lon="125.57561">
        <ele>185.29</ele>
      </trkpt>
      <trkpt lat="7.57456" lon="125.5756">
        <ele>185.11</ele>
      </trkpt>
      <trkpt lat="7.57457" lon="125.57557">
        <ele>185.88</ele>
      </trkpt>
      <trkpt lat="7.57458" lon="125.57555">
        <ele>186.05</ele>
      </trkpt>
      <trkpt lat="7.57458" lon="125.57553">
        <ele>185.91</ele>
      </trkpt>
      <trkpt lat="7.57461" lon="125.57549">
        <ele>184.9</ele>
      </trkpt>
      <trkpt lat="7.57462" lon="125.57548">
        <ele>184.62</ele>
      </trkpt>
      <trkpt lat="7.57465" lon="125.57545">
        <ele>183.87</ele>
      </trkpt>
      <trkpt lat="7.57471" lon="125.57535">
        <ele>182.9</ele>
      </trkpt>
      <trkpt lat="7.57473" lon="125.57531">
        <ele>182.83</ele>
      </trkpt>
      <trkpt lat="7.57476" lon="125.57526">
        <ele>182.84</ele>
      </trkpt>
      <trkpt lat="7.57479" lon="125.57519">
        <ele>182.99</ele>
      </trkpt>
      <trkpt lat="7.57484" lon="125.57513">
        <ele>182.76</ele>
      </trkpt>
      <trkpt lat="7.57485" lon="125.57511">
        <ele>182.73</ele>
      </trkpt>
      <trkpt lat="7.57486" lon="125.57508">
        <ele>182.73</ele>
      </trkpt>
      <trkpt lat="7.57486" lon="125.57504">
        <ele>182.87</ele>
      </trkpt>
      <trkpt lat="7.57487" lon="125.57502">
        <ele>182.8</ele>
      </trkpt>
      <trkpt lat="7.57487" lon="125.57499">
        <ele>182.72</ele>
      </trkpt>
      <trkpt lat="7.57492" lon="125.57486">
        <ele>180.42</ele>
      </trkpt>
      <trkpt lat="7.57492" lon="125.5748">
        <ele>179.68</ele>
      </trkpt>
      <trkpt lat="7.57496" lon="125.57473">
        <ele>178.93</ele>
      </trkpt>
      <trkpt lat="7.57497" lon="125.57468">
        <ele>177.83</ele>
      </trkpt>
      <trkpt lat="7.57497" lon="125.57466">
        <ele>177.32</ele>
      </trkpt>
      <trkpt lat="7.575" lon="125.57465">
        <ele>177.18</ele>
      </trkpt>
      <trkpt lat="7.57504" lon="125.57463">
        <ele>177.2</ele>
      </trkpt>
      <trkpt lat="7.57511" lon="125.57466">
        <ele>178.93</ele>
      </trkpt>
      <trkpt lat="7.57514" lon="125.57465">
        <ele>179.06</ele>
      </trkpt>
      <trkpt lat="7.5752" lon="125.57466">
        <ele>180.15</ele>
      </trkpt>
      <trkpt lat="7.57524" lon="125.57465">
        <ele>180.41</ele>
      </trkpt>
      <trkpt lat="7.57529" lon="125.5746">
        <ele>179.41</ele>
      </trkpt>
      <trkpt lat="7.57533" lon="125.57454">
        <ele>177.8</ele>
      </trkpt>
      <trkpt lat="7.57534" lon="125.57452">
        <ele>177.36</ele>
      </trkpt>
      <trkpt lat="7.57535" lon="125.57452">
        <ele>177.39</ele>
      </trkpt>
      <trkpt lat="7.57537" lon="125.57449">
        <ele>176.87</ele>
      </trkpt>
      <trkpt lat="7.57539" lon="125.57446">
        <ele>176.48</ele>
      </trkpt>
      <trkpt lat="7.57541" lon="125.57443">
        <ele>175.96</ele>
      </trkpt>
      <trkpt lat="7.57545" lon="125.5744">
        <ele>175.34</ele>
      </trkpt>
      <trkpt lat="7.57546" lon="125.57439">
        <ele>175.08</ele>
      </trkpt>
      <trkpt lat="7.57546" lon="125.57435">
        <ele>173.7</ele>
      </trkpt>
      <trkpt lat="7.57548" lon="125.57431">
        <ele>172.39</ele>
      </trkpt>
      <trkpt lat="7.57548" lon="125.57427">
        <ele>170.96</ele>
      </trkpt>
      <trkpt lat="7.5755" lon="125.57421">
        <ele>168.79</ele>
      </trkpt>
      <trkpt lat="7.57551" lon="125.57416">
        <ele>166.87</ele>
      </trkpt>
      <trkpt lat="7.57552" lon="125.57413">
        <ele>165.51</ele>
      </trkpt>
      <trkpt lat="7.57554" lon="125.57411">
        <ele>164.59</ele>
      </trkpt>
      <trkpt lat="7.57556" lon="125.5741">
        <ele>164.18</ele>
      </trkpt>
      <trkpt lat="7.5756" lon="125.5741">
        <ele>164.76</ele>
      </trkpt>
      <trkpt lat="7.57566" lon="125.57408">
        <ele>164.76</ele>
      </trkpt>
      <trkpt lat="7.57579" lon="125.57405">
        <ele>165.34</ele>
      </trkpt>
      <trkpt lat="7.57583" lon="125.57406">
        <ele>166.34</ele>
      </trkpt>
      <trkpt lat="7.57589" lon="125.5741">
        <ele>167.82</ele>
      </trkpt>
      <trkpt lat="7.57591" lon="125.5741">
        <ele>167.71</ele>
      </trkpt>
      <trkpt lat="7.57594" lon="125.5741">
        <ele>167.55</ele>
      </trkpt>
      <trkpt lat="7.57595" lon="125.5741">
        <ele>167.5</ele>
      </trkpt>
      <trkpt lat="7.57598" lon="125.57409">
        <ele>166.87</ele>
      </trkpt>
      <trkpt lat="7.57603" lon="125.57406">
        <ele>165.14</ele>
      </trkpt>
      <trkpt lat="7.57609" lon="125.57406">
        <ele>164.76</ele>
      </trkpt>
      <trkpt lat="7.57616" lon="125.57402">
        <ele>160.49</ele>
      </trkpt>
      <trkpt lat="7.57624" lon="125.574">
        <ele>155.94</ele>
      </trkpt>
      <trkpt lat="7.57627" lon="125.57399">
        <ele>154.08</ele>
      </trkpt>
      <trkpt lat="7.57628" lon="125.57393">
        <ele>150.35</ele>
      </trkpt>
      <trkpt lat="7.57628" lon="125.57388">
        <ele>147.68</ele>
      </trkpt>
      <trkpt lat="7.57628" lon="125.57385">
        <ele>146.28</ele>
      </trkpt>
      <trkpt lat="7.57627" lon="125.57382">
        <ele>145.34</ele>
      </trkpt>
      <trkpt lat="7.57626" lon="125.57375">
        <ele>142.53</ele>
      </trkpt>
      <trkpt lat="7.57628" lon="125.57369">
        <ele>138.79</ele>
      </trkpt>
      <trkpt lat="7.57631" lon="125.57362">
        <ele>134.11</ele>
      </trkpt>
      <trkpt lat="7.57631" lon="125.57357">
        <ele>133.25</ele>
      </trkpt>
      <trkpt lat="7.5763" lon="125.5735">
        <ele>132.96</ele>
      </trkpt>
      <trkpt lat="7.57629" lon="125.57344">
        <ele>132.78</ele>
      </trkpt>
      <trkpt lat="7.57629" lon="125.57344">
        <ele>132.78</ele>
      </trkpt>
      <trkpt lat="7.57629" lon="125.57341">
        <ele>132.46</ele>
      </trkpt>
      <trkpt lat="7.57628" lon="125.57335">
        <ele>132.28</ele>
      </trkpt>
      <trkpt lat="7.57627" lon="125.57326">
        <ele>133.77</ele>
      </trkpt>
      <trkpt lat="7.5762" lon="125.57314">
        <ele>138.85</ele>
      </trkpt>
      <trkpt lat="7.57619" lon="125.57308">
        <ele>140.22</ele>
      </trkpt>
      <trkpt lat="7.57617" lon="125.57303">
        <ele>141.31</ele>
      </trkpt>
      <trkpt lat="7.57617" lon="125.57296">
        <ele>140.91</ele>
      </trkpt>
      <trkpt lat="7.57618" lon="125.57294">
        <ele>140.4</ele>
      </trkpt>
      <trkpt lat="7.57622" lon="125.57287">
        <ele>138.48</ele>
      </trkpt>
      <trkpt lat="7.57628" lon="125.57281">
        <ele>136.01</ele>
      </trkpt>
      <trkpt lat="7.5763" lon="125.57278">
        <ele>135.21</ele>
      </trkpt>
      <trkpt lat="7.57631" lon="125.57275">
        <ele>134.67</ele>
      </trkpt>
      <trkpt lat="7.57632" lon="125.57271">
        <ele>133.99</ele>
      </trkpt>
      <trkpt lat="7.57632" lon="125.57261">
        <ele>133.26</ele>
      </trkpt>
      <trkpt lat="7.57632" lon="125.5726">
        <ele>133.19</ele>
      </trkpt>
      <trkpt lat="7.57632" lon="125.5726">
        <ele>133.19</ele>
      </trkpt>
      <trkpt lat="7.57633" lon="125.57254">
        <ele>132.15</ele>
      </trkpt>
      <trkpt lat="7.57633" lon="125.57249">
        <ele>131.85</ele>
      </trkpt>
      <trkpt lat="7.57632" lon="125.57242">
        <ele>132.61</ele>
      </trkpt>
      <trkpt lat="7.57633" lon="125.57237">
        <ele>132.23</ele>
      </trkpt>
      <trkpt lat="7.57633" lon="125.57232">
        <ele>132.39</ele>
      </trkpt>
      <trkpt lat="7.57633" lon="125.57215">
        <ele>133.05</ele>
      </trkpt>
      <trkpt lat="7.57635" lon="125.57208">
        <ele>132.93</ele>
      </trkpt>
      <trkpt lat="7.5764" lon="125.572">
        <ele>132.26</ele>
      </trkpt>
      <trkpt lat="7.57643" lon="125.5719">
        <ele>132.33</ele>
      </trkpt>
      <trkpt lat="7.57645" lon="125.57185">
        <ele>132.27</ele>
      </trkpt>
      <trkpt lat="7.57645" lon="125.57182">
        <ele>132.67</ele>
      </trkpt>
      <trkpt lat="7.57648" lon="125.57173">
        <ele>132.39</ele>
      </trkpt>
      <trkpt lat="7.57648" lon="125.57173">
        <ele>132.39</ele>
      </trkpt>
      <trkpt lat="7.57648" lon="125.5717">
        <ele>132.72</ele>
      </trkpt>
      <trkpt lat="7.57648" lon="125.57167">
        <ele>133.04</ele>
      </trkpt>
      <trkpt lat="7.57648" lon="125.57164">
        <ele>133.79</ele>
      </trkpt>
      <trkpt lat="7.57648" lon="125.57161">
        <ele>134.58</ele>
      </trkpt>
      <trkpt lat="7.57648" lon="125.57158">
        <ele>135.38</ele>
      </trkpt>
      <trkpt lat="7.57644" lon="125.57151">
        <ele>140.05</ele>
      </trkpt>
      <trkpt lat="7.57643" lon="125.57146">
        <ele>142.34</ele>
      </trkpt>
      <trkpt lat="7.57641" lon="125.57142">
        <ele>145.2</ele>
      </trkpt>
      <trkpt lat="7.57641" lon="125.57139">
        <ele>146.21</ele>
      </trkpt>
      <trkpt lat="7.57641" lon="125.57134">
        <ele>147.25</ele>
      </trkpt>
      <trkpt lat="7.57643" lon="125.5713">
        <ele>146.62</ele>
      </trkpt>
      <trkpt lat="7.57644" lon="125.57129">
        <ele>146.14</ele>
      </trkpt>
      <trkpt lat="7.57645" lon="125.57125">
        <ele>146.43</ele>
      </trkpt>
      <trkpt lat="7.5765" lon="125.57116">
        <ele>145.89</ele>
      </trkpt>
      <trkpt lat="7.57656" lon="125.57108">
        <ele>145.36</ele>
      </trkpt>
      <trkpt lat="7.57662" lon="125.57103">
        <ele>144.61</ele>
      </trkpt>
      <trkpt lat="7.57666" lon="125.57098">
        <ele>145.35</ele>
      </trkpt>
      <trkpt lat="7.57669" lon="125.57093">
        <ele>146.52</ele>
      </trkpt>
      <trkpt lat="7.57672" lon="125.57086">
        <ele>148.89</ele>
      </trkpt>
      <trkpt lat="7.57674" lon="125.5708">
        <ele>152.04</ele>
      </trkpt>
      <trkpt lat="7.57675" lon="125.57076">
        <ele>154.5</ele>
      </trkpt>
      <trkpt lat="7.57674" lon="125.57073">
        <ele>157.1</ele>
      </trkpt>
      <trkpt lat="7.57673" lon="125.57069">
        <ele>160.52</ele>
      </trkpt>
      <trkpt lat="7.5767" lon="125.57066">
        <ele>164.45</ele>
      </trkpt>
      <trkpt lat="7.57664" lon="125.57048">
        <ele>177.01</ele>
      </trkpt>
      <trkpt lat="7.57664" lon="125.57035">
        <ele>181.13</ele>
      </trkpt>
      <trkpt lat="7.57663" lon="125.57031">
        <ele>182.19</ele>
      </trkpt>
      <trkpt lat="7.57663" lon="125.57026">
        <ele>183.41</ele>
      </trkpt>
      <trkpt lat="7.57662" lon="125.57017">
        <ele>184.22</ele>
      </trkpt>
      <trkpt lat="7.57662" lon="125.57012">
        <ele>184.79</ele>
      </trkpt>
      <trkpt lat="7.57664" lon="125.57007">
        <ele>185.74</ele>
      </trkpt>
      <trkpt lat="7.57664" lon="125.57006">
        <ele>185.85</ele>
      </trkpt>
      <trkpt lat="7.57664" lon="125.57005">
        <ele>185.96</ele>
      </trkpt>
      <trkpt lat="7.57667" lon="125.57001">
        <ele>186.8</ele>
      </trkpt>
      <trkpt lat="7.57669" lon="125.56997">
        <ele>186.08</ele>
      </trkpt>
      <trkpt lat="7.57672" lon="125.56993">
        <ele>185.18</ele>
      </trkpt>
      <trkpt lat="7.57674" lon="125.56989">
        <ele>184.72</ele>
      </trkpt>
      <trkpt lat="7.57677" lon="125.56982">
        <ele>184.46</ele>
      </trkpt>
      <trkpt lat="7.57678" lon="125.56973">
        <ele>184.62</ele>
      </trkpt>
      <trkpt lat="7.5768" lon="125.56969">
        <ele>185.32</ele>
      </trkpt>
      <trkpt lat="7.57683" lon="125.56957">
        <ele>187.41</ele>
      </trkpt>
      <trkpt lat="7.57683" lon="125.56953">
        <ele>187.96</ele>
      </trkpt>
      <trkpt lat="7.57685" lon="125.56942">
        <ele>189.69</ele>
      </trkpt>
      <trkpt lat="7.57687" lon="125.56935">
        <ele>190.11</ele>
      </trkpt>
      <trkpt lat="7.57688" lon="125.5693">
        <ele>190.14</ele>
      </trkpt>
      <trkpt lat="7.57689" lon="125.56927">
        <ele>190.1</ele>
      </trkpt>
      <trkpt lat="7.5769" lon="125.56921">
        <ele>189.83</ele>
      </trkpt>
      <trkpt lat="7.57691" lon="125.56914">
        <ele>189.8</ele>
      </trkpt>
      <trkpt lat="7.57694" lon="125.56904">
        <ele>191.23</ele>
      </trkpt>
      <trkpt lat="7.57696" lon="125.56894">
        <ele>192.65</ele>
      </trkpt>
      <trkpt lat="7.57697" lon="125.56891">
        <ele>192.79</ele>
      </trkpt>
      <trkpt lat="7.57699" lon="125.56888">
        <ele>191.89</ele>
      </trkpt>
      <trkpt lat="7.577" lon="125.56886">
        <ele>190.5</ele>
      </trkpt>
      <trkpt lat="7.57704" lon="125.56878">
        <ele>185.37</ele>
      </trkpt>
      <trkpt lat="7.57705" lon="125.56875">
        <ele>183.72</ele>
      </trkpt>
      <trkpt lat="7.57707" lon="125.56867">
        <ele>179.72</ele>
      </trkpt>
      <trkpt lat="7.57708" lon="125.56863">
        <ele>177.85</ele>
      </trkpt>
      <trkpt lat="7.57712" lon="125.56857">
        <ele>176.81</ele>
      </trkpt>
      <trkpt lat="7.57713" lon="125.56853">
        <ele>176.76</ele>
      </trkpt>
      <trkpt lat="7.57714" lon="125.56849">
        <ele>176.67</ele>
      </trkpt>
      <trkpt lat="7.57715" lon="125.56843">
        <ele>176.55</ele>
      </trkpt>
      <trkpt lat="7.57716" lon="125.56835">
        <ele>176.35</ele>
      </trkpt>
      <trkpt lat="7.57717" lon="125.5683">
        <ele>175.15</ele>
      </trkpt>
      <trkpt lat="7.57715" lon="125.56825">
        <ele>173.99</ele>
      </trkpt>
      <trkpt lat="7.57712" lon="125.5682">
        <ele>172.79</ele>
      </trkpt>
      <trkpt lat="7.57709" lon="125.56815">
        <ele>171.35</ele>
      </trkpt>
      <trkpt lat="7.57707" lon="125.5681">
        <ele>169.65</ele>
      </trkpt>
      <trkpt lat="7.57705" lon="125.56805">
        <ele>167.7</ele>
      </trkpt>
      <trkpt lat="7.57703" lon="125.56802">
        <ele>166.2</ele>
      </trkpt>
      <trkpt lat="7.57699" lon="125.56796">
        <ele>163.65</ele>
      </trkpt>
      <trkpt lat="7.57693" lon="125.56791">
        <ele>162.19</ele>
      </trkpt>
      <trkpt lat="7.57687" lon="125.56789">
        <ele>161.23</ele>
      </trkpt>
      <trkpt lat="7.57685" lon="125.56787">
        <ele>160.43</ele>
      </trkpt>
      <trkpt lat="7.57684" lon="125.56785">
        <ele>159.66</ele>
      </trkpt>
      <trkpt lat="7.57683" lon="125.5678">
        <ele>157.81</ele>
      </trkpt>
      <trkpt lat="7.57682" lon="125.56779">
        <ele>157.44</ele>
      </trkpt>
      <trkpt lat="7.57675" lon="125.56774">
        <ele>156.09</ele>
      </trkpt>
      <trkpt lat="7.57672" lon="125.56768">
        <ele>154.98</ele>
      </trkpt>
      <trkpt lat="7.5767" lon="125.56763">
        <ele>154.3</ele>
      </trkpt>
      <trkpt lat="7.57669" lon="125.56762">
        <ele>154.3</ele>
      </trkpt>
      <trkpt lat="7.57667" lon="125.56757">
        <ele>153.93</ele>
      </trkpt>
      <trkpt lat="7.57663" lon="125.56752">
        <ele>152.66</ele>
      </trkpt>
      <trkpt lat="7.5766" lon="125.5675">
        <ele>151.8</ele>
      </trkpt>
      <trkpt lat="7.57658" lon="125.56748">
        <ele>150.76</ele>
      </trkpt>
      <trkpt lat="7.57657" lon="125.56746">
        <ele>149.93</ele>
      </trkpt>
      <trkpt lat="7.57657" lon="125.56743">
        <ele>148.94</ele>
      </trkpt>
      <trkpt lat="7.57656" lon="125.56741">
        <ele>148.19</ele>
      </trkpt>
      <trkpt lat="7.57646" lon="125.56729">
        <ele>144.71</ele>
      </trkpt>
      <trkpt lat="7.57639" lon="125.56723">
        <ele>144.1</ele>
      </trkpt>
      <trkpt lat="7.5763" lon="125.56717">
        <ele>141.25</ele>
      </trkpt>
      <trkpt lat="7.57626" lon="125.56713">
        <ele>140.04</ele>
      </trkpt>
      <trkpt lat="7.57619" lon="125.56709">
        <ele>138.45</ele>
      </trkpt>
      <trkpt lat="7.57614" lon="125.56707">
        <ele>137.5</ele>
      </trkpt>
      <trkpt lat="7.57608" lon="125.56706">
        <ele>137.93</ele>
      </trkpt>
      <trkpt lat="7.57605" lon="125.56705">
        <ele>138.87</ele>
      </trkpt>
      <trkpt lat="7.57604" lon="125.56705">
        <ele>139.17</ele>
      </trkpt>
      <trkpt lat="7.57599" lon="125.56702">
        <ele>140.89</ele>
      </trkpt>
      <trkpt lat="7.57596" lon="125.56699">
        <ele>142.08</ele>
      </trkpt>
      <trkpt lat="7.57593" lon="125.56695">
        <ele>143.47</ele>
      </trkpt>
      <trkpt lat="7.5759" lon="125.56691">
        <ele>145.02</ele>
      </trkpt>
      <trkpt lat="7.57588" lon="125.56686">
        <ele>146.13</ele>
      </trkpt>
      <trkpt lat="7.57587" lon="125.56681">
        <ele>146.8</ele>
      </trkpt>
      <trkpt lat="7.57587" lon="125.56675">
        <ele>147.3</ele>
      </trkpt>
      <trkpt lat="7.57588" lon="125.56671">
        <ele>147.58</ele>
      </trkpt>
      <trkpt lat="7.57587" lon="125.56667">
        <ele>147.97</ele>
      </trkpt>
      <trkpt lat="7.57586" lon="125.56661">
        <ele>148.41</ele>
      </trkpt>
      <trkpt lat="7.57586" lon="125.56657">
        <ele>148.7</ele>
      </trkpt>
      <trkpt lat="7.57585" lon="125.56653">
        <ele>148.98</ele>
      </trkpt>
      <trkpt lat="7.57585" lon="125.56648">
        <ele>149.34</ele>
      </trkpt>
      <trkpt lat="7.57585" lon="125.56645">
        <ele>149.56</ele>
      </trkpt>
      <trkpt lat="7.57584" lon="125.5664">
        <ele>149.92</ele>
      </trkpt>
      <trkpt lat="7.57584" lon="125.56636">
        <ele>150.2</ele>
      </trkpt>
      <trkpt lat="7.57584" lon="125.56633">
        <ele>150.41</ele>
      </trkpt>
      <trkpt lat="7.57582" lon="125.56623">
        <ele>151.17</ele>
      </trkpt>
      <trkpt lat="7.57581" lon="125.56622">
        <ele>151.27</ele>
      </trkpt>
      <trkpt lat="7.57581" lon="125.5661">
        <ele>152.04</ele>
      </trkpt>
      <trkpt lat="7.5758" lon="125.56605">
        <ele>151.9</ele>
      </trkpt>
      <trkpt lat="7.5758" lon="125.56588">
        <ele>151.29</ele>
      </trkpt>
      <trkpt lat="7.5758" lon="125.56585">
        <ele>151.18</ele>
      </trkpt>
      <trkpt lat="7.57579" lon="125.5658">
        <ele>150.81</ele>
      </trkpt>
      <trkpt lat="7.57579" lon="125.56576">
        <ele>150.41</ele>
      </trkpt>
      <trkpt lat="7.57578" lon="125.56571">
        <ele>149.95</ele>
      </trkpt>
      <trkpt lat="7.57578" lon="125.56546">
        <ele>150.53</ele>
      </trkpt>
      <trkpt lat="7.57578" lon="125.56542">
        <ele>151.43</ele>
      </trkpt>
      <trkpt lat="7.57578" lon="125.56537">
        <ele>152.55</ele>
      </trkpt>
      <trkpt lat="7.57577" lon="125.56533">
        <ele>153.4</ele>
      </trkpt>
      <trkpt lat="7.57577" lon="125.56532">
        <ele>153.62</ele>
      </trkpt>
      <trkpt lat="7.57576" lon="125.5653">
        <ele>154.0</ele>
      </trkpt>
      <trkpt lat="7.57576" lon="125.56525">
        <ele>153.95</ele>
      </trkpt>
      <trkpt lat="7.57576" lon="125.56521">
        <ele>153.19</ele>
      </trkpt>
      <trkpt lat="7.57577" lon="125.56518">
        <ele>152.7</ele>
      </trkpt>
      <trkpt lat="7.57579" lon="125.56516">
        <ele>152.5</ele>
      </trkpt>
      <trkpt lat="7.57584" lon="125.56511">
        <ele>151.89</ele>
      </trkpt>
      <trkpt lat="7.5759" lon="125.56505">
        <ele>150.36</ele>
      </trkpt>
      <trkpt lat="7.57595" lon="125.56499">
        <ele>149.56</ele>
      </trkpt>
      <trkpt lat="7.57599" lon="125.56496">
        <ele>149.26</ele>
      </trkpt>
      <trkpt lat="7.57604" lon="125.5649">
        <ele>148.54</ele>
      </trkpt>
      <trkpt lat="7.57618" lon="125.5648">
        <ele>145.61</ele>
      </trkpt>
      <trkpt lat="7.57623" lon="125.56477">
        <ele>144.72</ele>
      </trkpt>
      <trkpt lat="7.57636" lon="125.56472">
        <ele>143.32</ele>
      </trkpt>
      <trkpt lat="7.5764" lon="125.56468">
        <ele>143.5</ele>
      </trkpt>
      <trkpt lat="7.57644" lon="125.56466">
        <ele>144.26</ele>
      </trkpt>
      <trkpt lat="7.5765" lon="125.56464">
        <ele>145.16</ele>
      </trkpt>
      <trkpt lat="7.57653" lon="125.56464">
        <ele>145.59</ele>
      </trkpt>
      <trkpt lat="7.57661" lon="125.56461">
        <ele>146.33</ele>
      </trkpt>
      <trkpt lat="7.57665" lon="125.56457">
        <ele>146.13</ele>
      </trkpt>
      <trkpt lat="7.57675" lon="125.5645">
        <ele>144.58</ele>
      </trkpt>
      <trkpt lat="7.57682" lon="125.56446">
        <ele>145.26</ele>
      </trkpt>
      <trkpt lat="7.57691" lon="125.56441">
        <ele>146.57</ele>
      </trkpt>
      <trkpt lat="7.57703" lon="125.56435">
        <ele>142.58</ele>
      </trkpt>
      <trkpt lat="7.57707" lon="125.56432">
        <ele>141.25</ele>
      </trkpt>
      <trkpt lat="7.57714" lon="125.56428">
        <ele>139.57</ele>
      </trkpt>
      <trkpt lat="7.57716" lon="125.56426">
        <ele>139.58</ele>
      </trkpt>
      <trkpt lat="7.57718" lon="125.56424">
        <ele>139.74</ele>
      </trkpt>
      <trkpt lat="7.57721" lon="125.56419">
        <ele>141.14</ele>
      </trkpt>
      <trkpt lat="7.57725" lon="125.56414">
        <ele>143.25</ele>
      </trkpt>
      <trkpt lat="7.57729" lon="125.56411">
        <ele>144.65</ele>
      </trkpt>
      <trkpt lat="7.57732" lon="125.56408">
        <ele>146.06</ele>
      </trkpt>
      <trkpt lat="7.57735" lon="125.56405">
        <ele>147.46</ele>
      </trkpt>
      <trkpt lat="7.57738" lon="125.56401">
        <ele>149.33</ele>
      </trkpt>
      <trkpt lat="7.57746" lon="125.56396">
        <ele>151.67</ele>
      </trkpt>
      <trkpt lat="7.57747" lon="125.56394">
        <ele>152.61</ele>
      </trkpt>
      <trkpt lat="7.57751" lon="125.56387">
        <ele>155.18</ele>
      </trkpt>
      <trkpt lat="7.57761" lon="125.56377">
        <ele>156.88</ele>
      </trkpt>
      <trkpt lat="7.57766" lon="125.56374">
        <ele>157.89</ele>
      </trkpt>
      <trkpt lat="7.57773" lon="125.5637">
        <ele>159.74</ele>
      </trkpt>
      <trkpt lat="7.57775" lon="125.56366">
        <ele>161.53</ele>
      </trkpt>
      <trkpt lat="7.57777" lon="125.56365">
        <ele>162.21</ele>
      </trkpt>
      <trkpt lat="7.57777" lon="125.56365">
        <ele>162.21</ele>
      </trkpt>
      <trkpt lat="7.57784" lon="125.56358">
        <ele>163.5</ele>
      </trkpt>
      <trkpt lat="7.57787" lon="125.5635">
        <ele>164.4</ele>
      </trkpt>
      <trkpt lat="7.57791" lon="125.56344">
        <ele>165.38</ele>
      </trkpt>
      <trkpt lat="7.57798" lon="125.56334">
        <ele>168.01</ele>
      </trkpt>
      <trkpt lat="7.57803" lon="125.56329">
        <ele>170.4</ele>
      </trkpt>
      <trkpt lat="7.57805" lon="125.56324">
        <ele>172.62</ele>
      </trkpt>
      <trkpt lat="7.57807" lon="125.56321">
        <ele>174.01</ele>
      </trkpt>
      <trkpt lat="7.5781" lon="125.56315">
        <ele>177.0</ele>
      </trkpt>
      <trkpt lat="7.57813" lon="125.56312">
        <ele>178.97</ele>
      </trkpt>
      <trkpt lat="7.57815" lon="125.56302">
        <ele>184.42</ele>
      </trkpt>
      <trkpt lat="7.57815" lon="125.56294">
        <ele>188.24</ele>
      </trkpt>
      <trkpt lat="7.57819" lon="125.56287">
        <ele>191.97</ele>
      </trkpt>
      <trkpt lat="7.5782" lon="125.56284">
        <ele>193.35</ele>
      </trkpt>
      <trkpt lat="7.57823" lon="125.56281">
        <ele>194.73</ele>
      </trkpt>
      <trkpt lat="7.5783" lon="125.56276">
        <ele>195.82</ele>
      </trkpt>
      <trkpt lat="7.57835" lon="125.56272">
        <ele>195.13</ele>
      </trkpt>
      <trkpt lat="7.57838" lon="125.56268">
        <ele>194.14</ele>
      </trkpt>
      <trkpt lat="7.57841" lon="125.56265">
        <ele>193.16</ele>
      </trkpt>
      <trkpt lat="7.57845" lon="125.5626">
        <ele>191.48</ele>
      </trkpt>
      <trkpt lat="7.57849" lon="125.56259">
        <ele>190.37</ele>
      </trkpt>
      <trkpt lat="7.57852" lon="125.56258">
        <ele>189.46</ele>
      </trkpt>
      <trkpt lat="7.57854" lon="125.56258">
        <ele>188.98</ele>
      </trkpt>
      <trkpt lat="7.57856" lon="125.56256">
        <ele>188.0</ele>
      </trkpt>
      <trkpt lat="7.57859" lon="125.56251">
        <ele>185.88</ele>
      </trkpt>
      <trkpt lat="7.57862" lon="125.56246">
        <ele>185.46</ele>
      </trkpt>
      <trkpt lat="7.57867" lon="125.56239">
        <ele>185.99</ele>
      </trkpt>
      <trkpt lat="7.57868" lon="125.56237">
        <ele>186.23</ele>
      </trkpt>
      <trkpt lat="7.57872" lon="125.56235">
        <ele>186.23</ele>
      </trkpt>
      <trkpt lat="7.57875" lon="125.56234">
        <ele>186.17</ele>
      </trkpt>
      <trkpt lat="7.5788" lon="125.56234">
        <ele>185.76</ele>
      </trkpt>
      <trkpt lat="7.57885" lon="125.56233">
        <ele>185.59</ele>
      </trkpt>
      <trkpt lat="7.57894" lon="125.56231">
        <ele>186.54</ele>
      </trkpt>
      <trkpt lat="7.57898" lon="125.5623">
        <ele>187.46</ele>
      </trkpt>
      <trkpt lat="7.57902" lon="125.56228">
        <ele>188.79</ele>
      </trkpt>
      <trkpt lat="7.57905" lon="125.56227">
        <ele>189.68</ele>
      </trkpt>
      <trkpt lat="7.57914" lon="125.56227">
        <ele>191.29</ele>
      </trkpt>
      <trkpt lat="7.57923" lon="125.56227">
        <ele>192.72</ele>
      </trkpt>
      <trkpt lat="7.57931" lon="125.56225">
        <ele>194.82</ele>
      </trkpt>
      <trkpt lat="7.57935" lon="125.56223">
        <ele>196.29</ele>
      </trkpt>
      <trkpt lat="7.57938" lon="125.5622">
        <ele>197.79</ele>
      </trkpt>
      <trkpt lat="7.57942" lon="125.56215">
        <ele>199.99</ele>
      </trkpt>
      <trkpt lat="7.57948" lon="125.56209">
        <ele>201.0</ele>
      </trkpt>
      <trkpt lat="7.57952" lon="125.56203">
        <ele>201.51</ele>
      </trkpt>
      <trkpt lat="7.57954" lon="125.562">
        <ele>201.76</ele>
      </trkpt>
      <trkpt lat="7.57958" lon="125.56192">
        <ele>202.82</ele>
      </trkpt>
      <trkpt lat="7.57959" lon="125.56192">
        <ele>202.48</ele>
      </trkpt>
      <trkpt lat="7.57964" lon="125.56182">
        <ele>204.09</ele>
      </trkpt>
      <trkpt lat="7.57969" lon="125.56176">
        <ele>205.0</ele>
      </trkpt>
      <trkpt lat="7.57972" lon="125.56172">
        <ele>205.93</ele>
      </trkpt>
      <trkpt lat="7.57972" lon="125.56169">
        <ele>207.11</ele>
      </trkpt>
      <trkpt lat="7.57972" lon="125.56166">
        <ele>208.25</ele>
      </trkpt>
      <trkpt lat="7.57971" lon="125.56163">
        <ele>209.31</ele>
      </trkpt>
      <trkpt lat="7.57969" lon="125.56159">
        <ele>210.63</ele>
      </trkpt>
      <trkpt lat="7.57968" lon="125.56154">
        <ele>212.02</ele>
      </trkpt>
      <trkpt lat="7.57968" lon="125.56148">
        <ele>213.63</ele>
      </trkpt>
      <trkpt lat="7.57969" lon="125.56141">
        <ele>215.71</ele>
      </trkpt>
      <trkpt lat="7.57971" lon="125.56136">
        <ele>216.56</ele>
      </trkpt>
      <trkpt lat="7.57971" lon="125.56132">
        <ele>216.31</ele>
      </trkpt>
      <trkpt lat="7.57976" lon="125.56123">
        <ele>214.46</ele>
      </trkpt>
      <trkpt lat="7.57983" lon="125.5611">
        <ele>211.59</ele>
      </trkpt>
      <trkpt lat="7.57983" lon="125.56109">
        <ele>211.66</ele>
      </trkpt>
      <trkpt lat="7.57984" lon="125.56104">
        <ele>211.73</ele>
      </trkpt>
      <trkpt lat="7.57986" lon="125.56091">
        <ele>212.33</ele>
      </trkpt>
      <trkpt lat="7.57986" lon="125.56072">
        <ele>214.44</ele>
      </trkpt>
      <trkpt lat="7.57985" lon="125.5607">
        <ele>214.82</ele>
      </trkpt>
      <trkpt lat="7.57985" lon="125.56068">
        <ele>215.07</ele>
      </trkpt>
      <trkpt lat="7.57983" lon="125.56064">
        <ele>215.81</ele>
      </trkpt>
      <trkpt lat="7.57981" lon="125.56061">
        <ele>216.4</ele>
      </trkpt>
      <trkpt lat="7.5798" lon="125.56058">
        <ele>216.87</ele>
      </trkpt>
      <trkpt lat="7.57979" lon="125.56051">
        <ele>217.76</ele>
      </trkpt>
      <trkpt lat="7.57977" lon="125.56045">
        <ele>218.51</ele>
      </trkpt>
      <trkpt lat="7.57977" lon="125.56041">
        <ele>218.89</ele>
      </trkpt>
      <trkpt lat="7.57975" lon="125.56036">
        <ele>219.39</ele>
      </trkpt>
      <trkpt lat="7.57972" lon="125.56028">
        <ele>219.94</ele>
      </trkpt>
      <trkpt lat="7.57969" lon="125.56024">
        <ele>220.53</ele>
      </trkpt>
      <trkpt lat="7.57969" lon="125.56022">
        <ele>221.18</ele>
      </trkpt>
      <trkpt lat="7.57967" lon="125.56019">
        <ele>221.72</ele>
      </trkpt>
      <trkpt lat="7.57966" lon="125.56012">
        <ele>223.77</ele>
      </trkpt>
      <trkpt lat="7.57966" lon="125.56006">
        <ele>225.71</ele>
      </trkpt>
      <trkpt lat="7.57971" lon="125.55998">
        <ele>228.91</ele>
      </trkpt>
      <trkpt lat="7.57976" lon="125.55992">
        <ele>228.76</ele>
      </trkpt>
      <trkpt lat="7.57982" lon="125.55983">
        <ele>228.11</ele>
      </trkpt>
      <trkpt lat="7.57985" lon="125.55976">
        <ele>227.97</ele>
      </trkpt>
      <trkpt lat="7.57989" lon="125.55968">
        <ele>228.87</ele>
      </trkpt>
      <trkpt lat="7.5799" lon="125.5596">
        <ele>231.52</ele>
      </trkpt>
      <trkpt lat="7.5799" lon="125.5595">
        <ele>235.1</ele>
      </trkpt>
      <trkpt lat="7.57991" lon="125.55942">
        <ele>237.82</ele>
      </trkpt>
      <trkpt lat="7.57992" lon="125.55939">
        <ele>238.77</ele>
      </trkpt>
      <trkpt lat="7.57993" lon="125.55938">
        <ele>239.02</ele>
      </trkpt>
      <trkpt lat="7.57994" lon="125.55935">
        <ele>239.97</ele>
      </trkpt>
      <trkpt lat="7.57995" lon="125.55927">
        <ele>242.71</ele>
      </trkpt>
      <trkpt lat="7.57994" lon="125.55924">
        <ele>243.85</ele>
      </trkpt>
      <trkpt lat="7.5799" lon="125.55913">
        <ele>247.52</ele>
      </trkpt>
      <trkpt lat="7.57987" lon="125.55904">
        <ele>249.86</ele>
      </trkpt>
      <trkpt lat="7.57987" lon="125.55896">
        <ele>251.7</ele>
      </trkpt>
      <trkpt lat="7.57988" lon="125.55887">
        <ele>253.68</ele>
      </trkpt>
      <trkpt lat="7.57988" lon="125.55878">
        <ele>256.18</ele>
      </trkpt>
      <trkpt lat="7.57986" lon="125.55874">
        <ele>257.53</ele>
      </trkpt>
      <trkpt lat="7.57985" lon="125.55873">
        <ele>257.92</ele>
      </trkpt>
      <trkpt lat="7.57983" lon="125.55862">
        <ele>260.99</ele>
      </trkpt>
      <trkpt lat="7.57981" lon="125.55855">
        <ele>263.12</ele>
      </trkpt>
      <trkpt lat="7.57979" lon="125.55852">
        <ele>264.05</ele>
      </trkpt>
      <trkpt lat="7.57979" lon="125.55851">
        <ele>264.33</ele>
      </trkpt>
      <trkpt lat="7.57975" lon="125.55846">
        <ele>265.77</ele>
      </trkpt>
      <trkpt lat="7.57974" lon="125.55841">
        <ele>267.08</ele>
      </trkpt>
      <trkpt lat="7.57973" lon="125.55834">
        <ele>268.86</ele>
      </trkpt>
      <trkpt lat="7.57975" lon="125.55831">
        <ele>269.37</ele>
      </trkpt>
      <trkpt lat="7.57976" lon="125.5583">
        <ele>269.53</ele>
      </trkpt>
      <trkpt lat="7.57983" lon="125.55826">
        <ele>270.38</ele>
      </trkpt>
      <trkpt lat="7.57988" lon="125.55823">
        <ele>271.11</ele>
      </trkpt>
      <trkpt lat="7.57991" lon="125.5582">
        <ele>271.76</ele>
      </trkpt>
      <trkpt lat="7.57995" lon="125.55819">
        <ele>272.21</ele>
      </trkpt>
      <trkpt lat="7.57996" lon="125.55819">
        <ele>272.29</ele>
      </trkpt>
      <trkpt lat="7.58002" lon="125.55818">
        <ele>272.4</ele>
      </trkpt>
      <trkpt lat="7.58011" lon="125.55815">
        <ele>271.32</ele>
      </trkpt>
      <trkpt lat="7.58013" lon="125.55815">
        <ele>270.96</ele>
      </trkpt>
      <trkpt lat="7.5802" lon="125.55816">
        <ele>269.52</ele>
      </trkpt>
      <trkpt lat="7.58029" lon="125.55814">
        <ele>268.62</ele>
      </trkpt>
      <trkpt lat="7.58038" lon="125.55811">
        <ele>269.89</ele>
      </trkpt>
      <trkpt lat="7.58045" lon="125.55809">
        <ele>270.54</ele>
      </trkpt>
      <trkpt lat="7.58051" lon="125.55808">
        <ele>270.91</ele>
      </trkpt>
      <trkpt lat="7.58059" lon="125.55808">
        <ele>272.12</ele>
      </trkpt>
      <trkpt lat="7.58069" lon="125.55806">
        <ele>274.87</ele>
      </trkpt>
      <trkpt lat="7.58072" lon="125.55806">
        <ele>275.73</ele>
      </trkpt>
      <trkpt lat="7.58076" lon="125.55807">
        <ele>276.84</ele>
      </trkpt>
      <trkpt lat="7.58084" lon="125.55806">
        <ele>279.04</ele>
      </trkpt>
      <trkpt lat="7.58093" lon="125.55807">
        <ele>279.9</ele>
      </trkpt>
      <trkpt lat="7.58097" lon="125.55806">
        <ele>280.43</ele>
      </trkpt>
      <trkpt lat="7.58103" lon="125.55807">
        <ele>280.95</ele>
      </trkpt>
      <trkpt lat="7.58111" lon="125.55806">
        <ele>281.92</ele>
      </trkpt>
      <trkpt lat="7.58118" lon="125.55804">
        <ele>280.75</ele>
      </trkpt>
      <trkpt lat="7.58123" lon="125.55802">
        <ele>279.99</ele>
      </trkpt>
      <trkpt lat="7.58127" lon="125.55801">
        <ele>279.47</ele>
      </trkpt>
      <trkpt lat="7.58127" lon="125.55801">
        <ele>279.47</ele>
      </trkpt>
      <trkpt lat="7.58131" lon="125.558">
        <ele>279.02</ele>
      </trkpt>
      <trkpt lat="7.58139" lon="125.55797">
        <ele>278.53</ele>
      </trkpt>
      <trkpt lat="7.58145" lon="125.5579">
        <ele>279.02</ele>
      </trkpt>
      <trkpt lat="7.58151" lon="125.55786">
        <ele>278.91</ele>
      </trkpt>
      <trkpt lat="7.58156" lon="125.55783">
        <ele>278.71</ele>
      </trkpt>
      <trkpt lat="7.58159" lon="125.5578">
        <ele>278.76</ele>
      </trkpt>
      <trkpt lat="7.58162" lon="125.55777">
        <ele>278.48</ele>
      </trkpt>
      <trkpt lat="7.58163" lon="125.55775">
        <ele>277.82</ele>
      </trkpt>
      <trkpt lat="7.58164" lon="125.55771">
        <ele>276.6</ele>
      </trkpt>
      <trkpt lat="7.58168" lon="125.55756">
        <ele>270.93</ele>
      </trkpt>
      <trkpt lat="7.58168" lon="125.55751">
        <ele>269.51</ele>
      </trkpt>
      <trkpt lat="7.5817" lon="125.55745">
        <ele>268.23</ele>
      </trkpt>
      <trkpt lat="7.58174" lon="125.55737">
        <ele>266.64</ele>
      </trkpt>
      <trkpt lat="7.58175" lon="125.55732">
        <ele>266.56</ele>
      </trkpt>
      <trkpt lat="7.58175" lon="125.55732">
        <ele>266.56</ele>
      </trkpt>
      <trkpt lat="7.58175" lon="125.5573">
        <ele>266.71</ele>
      </trkpt>
      <trkpt lat="7.58174" lon="125.5572">
        <ele>268.66</ele>
      </trkpt>
      <trkpt lat="7.5817" lon="125.55705">
        <ele>277.62</ele>
      </trkpt>
      <trkpt lat="7.58166" lon="125.55696">
        <ele>284.33</ele>
      </trkpt>
      <trkpt lat="7.58162" lon="125.55689">
        <ele>288.04</ele>
      </trkpt>
      <trkpt lat="7.58157" lon="125.55682">
        <ele>291.94</ele>
      </trkpt>
      <trkpt lat="7.58156" lon="125.55679">
        <ele>293.33</ele>
      </trkpt>
      <trkpt lat="7.58153" lon="125.55674">
        <ele>296.15</ele>
      </trkpt>
      <trkpt lat="7.58153" lon="125.55669">
        <ele>298.04</ele>
      </trkpt>
      <trkpt lat="7.58154" lon="125.55666">
        <ele>298.73</ele>
      </trkpt>
      <trkpt lat="7.58155" lon="125.55659">
        <ele>300.13</ele>
      </trkpt>
      <trkpt lat="7.58157" lon="125.55655">
        <ele>300.42</ele>
      </trkpt>
      <trkpt lat="7.58161" lon="125.55652">
        <ele>299.74</ele>
      </trkpt>
      <trkpt lat="7.58162" lon="125.5565">
        <ele>299.88</ele>
      </trkpt>
      <trkpt lat="7.58162" lon="125.5565">
        <ele>299.88</ele>
      </trkpt>
      <trkpt lat="7.58163" lon="125.55646">
        <ele>300.53</ele>
      </trkpt>
      <trkpt lat="7.58166" lon="125.55638">
        <ele>301.56</ele>
      </trkpt>
      <trkpt lat="7.58168" lon="125.55635">
        <ele>301.87</ele>
      </trkpt>
      <trkpt lat="7.58173" lon="125.55631">
        <ele>301.27</ele>
      </trkpt>
      <trkpt lat="7.58176" lon="125.55627">
        <ele>301.44</ele>
      </trkpt>
      <trkpt lat="7.58179" lon="125.55622">
        <ele>301.93</ele>
      </trkpt>
      <trkpt lat="7.58181" lon="125.55617">
        <ele>302.8</ele>
      </trkpt>
      <trkpt lat="7.58184" lon="125.55613">
        <ele>302.87</ele>
      </trkpt>
      <trkpt lat="7.58186" lon="125.55609">
        <ele>303.55</ele>
      </trkpt>
      <trkpt lat="7.58188" lon="125.55605">
        <ele>304.51</ele>
      </trkpt>
      <trkpt lat="7.58189" lon="125.55601">
        <ele>305.95</ele>
      </trkpt>
      <trkpt lat="7.58192" lon="125.55599">
        <ele>305.89</ele>
      </trkpt>
      <trkpt lat="7.58195" lon="125.55596">
        <ele>306.41</ele>
      </trkpt>
      <trkpt lat="7.58198" lon="125.55593">
        <ele>306.69</ele>
      </trkpt>
      <trkpt lat="7.58202" lon="125.55591">
        <ele>305.93</ele>
      </trkpt>
      <trkpt lat="7.58207" lon="125.55589">
        <ele>304.55</ele>
      </trkpt>
      <trkpt lat="7.58212" lon="125.55587">
        <ele>302.97</ele>
      </trkpt>
      <trkpt lat="7.58218" lon="125.55586">
        <ele>300.44</ele>
      </trkpt>
      <trkpt lat="7.58219" lon="125.55586">
        <ele>299.96</ele>
      </trkpt>
      <trkpt lat="7.5822" lon="125.55585">
        <ele>299.72</ele>
      </trkpt>
      <trkpt lat="7.58224" lon="125.55585">
        <ele>297.88</ele>
      </trkpt>
      <trkpt lat="7.5823" lon="125.55582">
        <ele>295.84</ele>
      </trkpt>
      <trkpt lat="7.58236" lon="125.55576">
        <ele>294.36</ele>
      </trkpt>
      <trkpt lat="7.58237" lon="125.55575">
        <ele>294.15</ele>
      </trkpt>
      <trkpt lat="7.58238" lon="125.55572">
        <ele>294.33</ele>
      </trkpt>
      <trkpt lat="7.58241" lon="125.55569">
        <ele>293.83</ele>
      </trkpt>
      <trkpt lat="7.58252" lon="125.55564">
        <ele>291.04</ele>
      </trkpt>
      <trkpt lat="7.58254" lon="125.55562">
        <ele>290.63</ele>
      </trkpt>
      <trkpt lat="7.5826" lon="125.55556">
        <ele>288.89</ele>
      </trkpt>
      <trkpt lat="7.58278" lon="125.55542">
        <ele>280.92</ele>
      </trkpt>
      <trkpt lat="7.58286" lon="125.55535">
        <ele>279.77</ele>
      </trkpt>
      <trkpt lat="7.5829" lon="125.55534">
        <ele>279.06</ele>
      </trkpt>
      <trkpt lat="7.58294" lon="125.55532">
        <ele>278.51</ele>
      </trkpt>
      <trkpt lat="7.58305" lon="125.5553">
        <ele>276.7</ele>
      </trkpt>
      <trkpt lat="7.58317" lon="125.55526">
        <ele>278.12</ele>
      </trkpt>
      <trkpt lat="7.58323" lon="125.55525">
        <ele>278.73</ele>
      </trkpt>
      <trkpt lat="7.58328" lon="125.55523">
        <ele>279.7</ele>
      </trkpt>
      <trkpt lat="7.58333" lon="125.55521">
        <ele>280.67</ele>
      </trkpt>
      <trkpt lat="7.58337" lon="125.55519">
        <ele>281.29</ele>
      </trkpt>
      <trkpt lat="7.58342" lon="125.55518">
        <ele>281.49</ele>
      </trkpt>
      <trkpt lat="7.58349" lon="125.55518">
        <ele>281.17</ele>
      </trkpt>
      <trkpt lat="7.58356" lon="125.55516">
        <ele>281.95</ele>
      </trkpt>
      <trkpt lat="7.58361" lon="125.55512">
        <ele>284.09</ele>
      </trkpt>
      <trkpt lat="7.58366" lon="125.55511">
        <ele>285.93</ele>
      </trkpt>
      <trkpt lat="7.58373" lon="125.55508">
        <ele>289.57</ele>
      </trkpt>
      <trkpt lat="7.58376" lon="125.55507">
        <ele>290.99</ele>
      </trkpt>
      <trkpt lat="7.58377" lon="125.55506">
        <ele>291.87</ele>
      </trkpt>
      <trkpt lat="7.5838" lon="125.55503">
        <ele>294.57</ele>
      </trkpt>
      <trkpt lat="7.58384" lon="125.55499">
        <ele>297.76</ele>
      </trkpt>
      <trkpt lat="7.58388" lon="125.55496">
        <ele>299.45</ele>
      </trkpt>
      <trkpt lat="7.58389" lon="125.55493">
        <ele>300.27</ele>
      </trkpt>
      <trkpt lat="7.5839" lon="125.55492">
        <ele>300.58</ele>
      </trkpt>
      <trkpt lat="7.58398" lon="125.55488">
        <ele>302.52</ele>
      </trkpt>
      <trkpt lat="7.58407" lon="125.55486">
        <ele>304.47</ele>
      </trkpt>
      <trkpt lat="7.58415" lon="125.55482">
        <ele>307.17</ele>
      </trkpt>
      <trkpt lat="7.58428" lon="125.55477">
        <ele>311.03</ele>
      </trkpt>
      <trkpt lat="7.58433" lon="125.55473">
        <ele>314.08</ele>
      </trkpt>
      <trkpt lat="7.58439" lon="125.55467">
        <ele>318.28</ele>
      </trkpt>
      <trkpt lat="7.5844" lon="125.55467">
        <ele>318.56</ele>
      </trkpt>
      <trkpt lat="7.58443" lon="125.55465">
        <ele>320.45</ele>
      </trkpt>
      <trkpt lat="7.58447" lon="125.55465">
        <ele>322.22</ele>
      </trkpt>
      <trkpt lat="7.58452" lon="125.55463">
        <ele>325.7</ele>
      </trkpt>
      <trkpt lat="7.58452" lon="125.55463">
        <ele>325.7</ele>
      </trkpt>
      <trkpt lat="7.58454" lon="125.55462">
        <ele>327.1</ele>
      </trkpt>
      <trkpt lat="7.58461" lon="125.55458">
        <ele>331.76</ele>
      </trkpt>
      <trkpt lat="7.58472" lon="125.55449">
        <ele>338.11</ele>
      </trkpt>
      <trkpt lat="7.58489" lon="125.55434">
        <ele>349.85</ele>
      </trkpt>
      <trkpt lat="7.58497" lon="125.55426">
        <ele>352.51</ele>
      </trkpt>
      <trkpt lat="7.58516" lon="125.55408">
        <ele>353.43</ele>
      </trkpt>
      <trkpt lat="7.5852" lon="125.55404">
        <ele>354.16</ele>
      </trkpt>
      <trkpt lat="7.5853" lon="125.55395">
        <ele>356.25</ele>
      </trkpt>
      <trkpt lat="7.58543" lon="125.55379">
        <ele>359.65</ele>
      </trkpt>
      <trkpt lat="7.58555" lon="125.55373">
        <ele>363.29</ele>
      </trkpt>
      <trkpt lat="7.58556" lon="125.55372">
        <ele>363.77</ele>
      </trkpt>
      <trkpt lat="7.58566" lon="125.55364">
        <ele>368.64</ele>
      </trkpt>
      <trkpt lat="7.58572" lon="125.55349">
        <ele>370.63</ele>
      </trkpt>
      <trkpt lat="7.58579" lon="125.5534">
        <ele>372.19</ele>
      </trkpt>
      <trkpt lat="7.5858" lon="125.5534">
        <ele>372.49</ele>
      </trkpt>
      <trkpt lat="7.58609" lon="125.55326">
        <ele>379.11</ele>
      </trkpt>
      <trkpt lat="7.58623" lon="125.55319">
        <ele>379.66</ele>
      </trkpt>
      <trkpt lat="7.58633" lon="125.55314">
        <ele>380.84</ele>
      </trkpt>
      <trkpt lat="7.5865" lon="125.55299">
        <ele>389.84</ele>
      </trkpt>
      <trkpt lat="7.58657" lon="125.55293">
        <ele>392.56</ele>
      </trkpt>
      <trkpt lat="7.5866" lon="125.55291">
        <ele>393.23</ele>
      </trkpt>
      <trkpt lat="7.58669" lon="125.55282">
        <ele>394.38</ele>
      </trkpt>
      <trkpt lat="7.5868" lon="125.55271">
        <ele>397.11</ele>
      </trkpt>
      <trkpt lat="7.58685" lon="125.55264">
        <ele>399.11</ele>
      </trkpt>
      <trkpt lat="7.58688" lon="125.55255">
        <ele>401.18</ele>
      </trkpt>
      <trkpt lat="7.5869" lon="125.55242">
        <ele>408.11</ele>
      </trkpt>
      <trkpt lat="7.58691" lon="125.55228">
        <ele>418.64</ele>
      </trkpt>
      <trkpt lat="7.58694" lon="125.55215">
        <ele>427.73</ele>
      </trkpt>
      <trkpt lat="7.58697" lon="125.55205">
        <ele>430.93</ele>
      </trkpt>
      <trkpt lat="7.58702" lon="125.55191">
        <ele>433.04</ele>
      </trkpt>
      <trkpt lat="7.58707" lon="125.55182">
        <ele>432.36</ele>
      </trkpt>
      <trkpt lat="7.58737" lon="125.55175">
        <ele>432.92</ele>
      </trkpt>
      <trkpt lat="7.58707" lon="125.55182">
        <ele>432.36</ele>
      </trkpt>
      <trkpt lat="7.58702" lon="125.55191">
        <ele>433.04</ele>
      </trkpt>
      <trkpt lat="7.58697" lon="125.55205">
        <ele>430.93</ele>
      </trkpt>
      <trkpt lat="7.58694" lon="125.55215">
        <ele>427.73</ele>
      </trkpt>
      <trkpt lat="7.58691" lon="125.55228">
        <ele>418.64</ele>
      </trkpt>
      <trkpt lat="7.5869" lon="125.55242">
        <ele>408.11</ele>
      </trkpt>
      <trkpt lat="7.58688" lon="125.55255">
        <ele>401.18</ele>
      </trkpt>
      <trkpt lat="7.58685" lon="125.55264">
        <ele>399.11</ele>
      </trkpt>
      <trkpt lat="7.5868" lon="125.55271">
        <ele>397.11</ele>
      </trkpt>
      <trkpt lat="7.58669" lon="125.55282">
        <ele>394.38</ele>
      </trkpt>
      <trkpt lat="7.5866" lon="125.55291">
        <ele>393.23</ele>
      </trkpt>
      <trkpt lat="7.58657" lon="125.55293">
        <ele>392.56</ele>
      </trkpt>
      <trkpt lat="7.5865" lon="125.55299">
        <ele>389.84</ele>
      </trkpt>
      <trkpt lat="7.58633" lon="125.55314">
        <ele>380.84</ele>
      </trkpt>
      <trkpt lat="7.58623" lon="125.55319">
        <ele>379.66</ele>
      </trkpt>
      <trkpt lat="7.58609" lon="125.55326">
        <ele>379.11</ele>
      </trkpt>
      <trkpt lat="7.5858" lon="125.5534">
        <ele>372.49</ele>
      </trkpt>
      <trkpt lat="7.58579" lon="125.5534">
        <ele>372.19</ele>
      </trkpt>
      <trkpt lat="7.58572" lon="125.55349">
        <ele>370.63</ele>
      </trkpt>
      <trkpt lat="7.58566" lon="125.55364">
        <ele>368.64</ele>
      </trkpt>
      <trkpt lat="7.58556" lon="125.55372">
        <ele>363.77</ele>
      </trkpt>
      <trkpt lat="7.58555" lon="125.55373">
        <ele>363.29</ele>
      </trkpt>
      <trkpt lat="7.58543" lon="125.55379">
        <ele>359.65</ele>
      </trkpt>
      <trkpt lat="7.5853" lon="125.55395">
        <ele>356.25</ele>
      </trkpt>
      <trkpt lat="7.5852" lon="125.55404">
        <ele>354.16</ele>
      </trkpt>
      <trkpt lat="7.58516" lon="125.55408">
        <ele>353.43</ele>
      </trkpt>
      <trkpt lat="7.58497" lon="125.55426">
        <ele>352.51</ele>
      </trkpt>
      <trkpt lat="7.58489" lon="125.55434">
        <ele>349.85</ele>
      </trkpt>
      <trkpt lat="7.58472" lon="125.55449">
        <ele>338.11</ele>
      </trkpt>
      <trkpt lat="7.58461" lon="125.55458">
        <ele>331.76</ele>
      </trkpt>
      <trkpt lat="7.58454" lon="125.55462">
        <ele>327.1</ele>
      </trkpt>
      <trkpt lat="7.58452" lon="125.55463">
        <ele>325.7</ele>
      </trkpt>
      <trkpt lat="7.58452" lon="125.55463">
        <ele>325.7</ele>
      </trkpt>
      <trkpt lat="7.58447" lon="125.55465">
        <ele>322.22</ele>
      </trkpt>
      <trkpt lat="7.58443" lon="125.55465">
        <ele>320.45</ele>
      </trkpt>
      <trkpt lat="7.5844" lon="125.55467">
        <ele>318.56</ele>
      </trkpt>
      <trkpt lat="7.58439" lon="125.55467">
        <ele>318.28</ele>
      </trkpt>
      <trkpt lat="7.58433" lon="125.55473">
        <ele>314.08</ele>
      </trkpt>
      <trkpt lat="7.58428" lon="125.55477">
        <ele>311.03</ele>
      </trkpt>
      <trkpt lat="7.58415" lon="125.55482">
        <ele>307.17</ele>
      </trkpt>
      <trkpt lat="7.58407" lon="125.55486">
        <ele>304.47</ele>
      </trkpt>
      <trkpt lat="7.58398" lon="125.55488">
        <ele>302.52</ele>
      </trkpt>
      <trkpt lat="7.5839" lon="125.55492">
        <ele>300.58</ele>
      </trkpt>
      <trkpt lat="7.58389" lon="125.55493">
        <ele>300.27</ele>
      </trkpt>
      <trkpt lat="7.58388" lon="125.55496">
        <ele>299.45</ele>
      </trkpt>
      <trkpt lat="7.58384" lon="125.55499">
        <ele>297.76</ele>
      </trkpt>
      <trkpt lat="7.5838" lon="125.55503">
        <ele>294.57</ele>
      </trkpt>
      <trkpt lat="7.58377" lon="125.55506">
        <ele>291.87</ele>
      </trkpt>
      <trkpt lat="7.58376" lon="125.55507">
        <ele>290.99</ele>
      </trkpt>
      <trkpt lat="7.58373" lon="125.55508">
        <ele>289.57</ele>
      </trkpt>
      <trkpt lat="7.58366" lon="125.55511">
        <ele>285.93</ele>
      </trkpt>
      <trkpt lat="7.58361" lon="125.55512">
        <ele>284.09</ele>
      </trkpt>
      <trkpt lat="7.58356" lon="125.55516">
        <ele>281.95</ele>
      </trkpt>
      <trkpt lat="7.58349" lon="125.55518">
        <ele>281.17</ele>
      </trkpt>
      <trkpt lat="7.58342" lon="125.55518">
        <ele>281.49</ele>
      </trkpt>
      <trkpt lat="7.58337" lon="125.55519">
        <ele>281.29</ele>
      </trkpt>
      <trkpt lat="7.58333" lon="125.55521">
        <ele>280.67</ele>
      </trkpt>
      <trkpt lat="7.58328" lon="125.55523">
        <ele>279.7</ele>
      </trkpt>
      <trkpt lat="7.58323" lon="125.55525">
        <ele>278.73</ele>
      </trkpt>
      <trkpt lat="7.58317" lon="125.55526">
        <ele>278.12</ele>
      </trkpt>
      <trkpt lat="7.58305" lon="125.5553">
        <ele>276.7</ele>
      </trkpt>
      <trkpt lat="7.58294" lon="125.55532">
        <ele>278.51</ele>
      </trkpt>
      <trkpt lat="7.5829" lon="125.55534">
        <ele>279.06</ele>
      </trkpt>
      <trkpt lat="7.58286" lon="125.55535">
        <ele>279.77</ele>
      </trkpt>
      <trkpt lat="7.58278" lon="125.55542">
        <ele>280.92</ele>
      </trkpt>
      <trkpt lat="7.5826" lon="125.55556">
        <ele>288.89</ele>
      </trkpt>
      <trkpt lat="7.58254" lon="125.55562">
        <ele>290.63</ele>
      </trkpt>
      <trkpt lat="7.58252" lon="125.55564">
        <ele>291.04</ele>
      </trkpt>
      <trkpt lat="7.58241" lon="125.55569">
        <ele>293.83</ele>
      </trkpt>
      <trkpt lat="7.58238" lon="125.55572">
        <ele>294.33</ele>
      </trkpt>
      <trkpt lat="7.58237" lon="125.55575">
        <ele>294.15</ele>
      </trkpt>
      <trkpt lat="7.58236" lon="125.55576">
        <ele>294.36</ele>
      </trkpt>
      <trkpt lat="7.5823" lon="125.55582">
        <ele>295.84</ele>
      </trkpt>
      <trkpt lat="7.58224" lon="125.55585">
        <ele>297.88</ele>
      </trkpt>
      <trkpt lat="7.5822" lon="125.55585">
        <ele>299.72</ele>
      </trkpt>
      <trkpt lat="7.58219" lon="125.55586">
        <ele>299.96</ele>
      </trkpt>
      <trkpt lat="7.58218" lon="125.55586">
        <ele>300.44</ele>
      </trkpt>
      <trkpt lat="7.58212" lon="125.55587">
        <ele>302.97</ele>
      </trkpt>
      <trkpt lat="7.58207" lon="125.55589">
        <ele>304.55</ele>
      </trkpt>
      <trkpt lat="7.58202" lon="125.55591">
        <ele>305.93</ele>
      </trkpt>
      <trkpt lat="7.58198" lon="125.55593">
        <ele>306.69</ele>
      </trkpt>
      <trkpt lat="7.58195" lon="125.55596">
        <ele>306.41</ele>
      </trkpt>
      <trkpt lat="7.58192" lon="125.55599">
        <ele>305.89</ele>
      </trkpt>
      <trkpt lat="7.58189" lon="125.55601">
        <ele>305.95</ele>
      </trkpt>
      <trkpt lat="7.58188" lon="125.55605">
        <ele>304.51</ele>
      </trkpt>
      <trkpt lat="7.58186" lon="125.55609">
        <ele>303.55</ele>
      </trkpt>
      <trkpt lat="7.58184" lon="125.55613">
        <ele>302.87</ele>
      </trkpt>
      <trkpt lat="7.58181" lon="125.55617">
        <ele>302.8</ele>
      </trkpt>
      <trkpt lat="7.58179" lon="125.55622">
        <ele>301.93</ele>
      </trkpt>
      <trkpt lat="7.58176" lon="125.55627">
        <ele>301.44</ele>
      </trkpt>
      <trkpt lat="7.58173" lon="125.55631">
        <ele>301.27</ele>
      </trkpt>
      <trkpt lat="7.58168" lon="125.55635">
        <ele>301.87</ele>
      </trkpt>
      <trkpt lat="7.58166" lon="125.55638">
        <ele>301.56</ele>
      </trkpt>
      <trkpt lat="7.58163" lon="125.55646">
        <ele>300.53</ele>
      </trkpt>
      <trkpt lat="7.58162" lon="125.5565">
        <ele>299.88</ele>
      </trkpt>
      <trkpt lat="7.58162" lon="125.5565">
        <ele>299.88</ele>
      </trkpt>
      <trkpt lat="7.58161" lon="125.55652">
        <ele>299.74</ele>
      </trkpt>
      <trkpt lat="7.58157" lon="125.55655">
        <ele>300.42</ele>
      </trkpt>
      <trkpt lat="7.58155" lon="125.55659">
        <ele>300.13</ele>
      </trkpt>
      <trkpt lat="7.58154" lon="125.55666">
        <ele>298.73</ele>
      </trkpt>
      <trkpt lat="7.58153" lon="125.55669">
        <ele>298.04</ele>
      </trkpt>
      <trkpt lat="7.58153" lon="125.55674">
        <ele>296.15</ele>
      </trkpt>
      <trkpt lat="7.58156" lon="125.55679">
        <ele>293.33</ele>
      </trkpt>
      <trkpt lat="7.58157" lon="125.55682">
        <ele>291.94</ele>
      </trkpt>
      <trkpt lat="7.58162" lon="125.55689">
        <ele>288.04</ele>
      </trkpt>
      <trkpt lat="7.58166" lon="125.55696">
        <ele>284.33</ele>
      </trkpt>
      <trkpt lat="7.5817" lon="125.55705">
        <ele>277.62</ele>
      </trkpt>
      <trkpt lat="7.58174" lon="125.5572">
        <ele>268.66</ele>
      </trkpt>
      <trkpt lat="7.58175" lon="125.5573">
        <ele>266.71</ele>
      </trkpt>
      <trkpt lat="7.58175" lon="125.55732">
        <ele>266.56</ele>
      </trkpt>
      <trkpt lat="7.58175" lon="125.55732">
        <ele>266.56</ele>
      </trkpt>
      <trkpt lat="7.58174" lon="125.55737">
        <ele>266.64</ele>
      </trkpt>
      <trkpt lat="7.5817" lon="125.55745">
        <ele>268.23</ele>
      </trkpt>
      <trkpt lat="7.58168" lon="125.55751">
        <ele>269.51</ele>
      </trkpt>
      <trkpt lat="7.58168" lon="125.55756">
        <ele>270.93</ele>
      </trkpt>
      <trkpt lat="7.58164" lon="125.55771">
        <ele>276.6</ele>
      </trkpt>
      <trkpt lat="7.58163" lon="125.55775">
        <ele>277.82</ele>
      </trkpt>
      <trkpt lat="7.58162" lon="125.55777">
        <ele>278.48</ele>
      </trkpt>
      <trkpt lat="7.58159" lon="125.5578">
        <ele>278.76</ele>
      </trkpt>
      <trkpt lat="7.58156" lon="125.55783">
        <ele>278.71</ele>
      </trkpt>
      <trkpt lat="7.58151" lon="125.55786">
        <ele>278.91</ele>
      </trkpt>
      <trkpt lat="7.58145" lon="125.5579">
        <ele>279.02</ele>
      </trkpt>
      <trkpt lat="7.58139" lon="125.55797">
        <ele>278.53</ele>
      </trkpt>
      <trkpt lat="7.58131" lon="125.558">
        <ele>279.02</ele>
      </trkpt>
      <trkpt lat="7.58127" lon="125.55801">
        <ele>279.47</ele>
      </trkpt>
      <trkpt lat="7.58127" lon="125.55801">
        <ele>279.47</ele>
      </trkpt>
      <trkpt lat="7.58123" lon="125.55802">
        <ele>279.99</ele>
      </trkpt>
      <trkpt lat="7.58118" lon="125.55804">
        <ele>280.75</ele>
      </trkpt>
      <trkpt lat="7.58111" lon="125.55806">
        <ele>281.92</ele>
      </trkpt>
      <trkpt lat="7.58103" lon="125.55807">
        <ele>280.95</ele>
      </trkpt>
      <trkpt lat="7.58097" lon="125.55806">
        <ele>280.43</ele>
      </trkpt>
      <trkpt lat="7.58093" lon="125.55807">
        <ele>279.9</ele>
      </trkpt>
      <trkpt lat="7.58084" lon="125.55806">
        <ele>279.04</ele>
      </trkpt>
      <trkpt lat="7.58076" lon="125.55807">
        <ele>276.84</ele>
      </trkpt>
      <trkpt lat="7.58072" lon="125.55806">
        <ele>275.73</ele>
      </trkpt>
      <trkpt lat="7.58069" lon="125.55806">
        <ele>274.87</ele>
      </trkpt>
      <trkpt lat="7.58059" lon="125.55808">
        <ele>272.12</ele>
      </trkpt>
      <trkpt lat="7.58051" lon="125.55808">
        <ele>270.91</ele>
      </trkpt>
      <trkpt lat="7.58045" lon="125.55809">
        <ele>270.54</ele>
      </trkpt>
      <trkpt lat="7.58038" lon="125.55811">
        <ele>269.89</ele>
      </trkpt>
      <trkpt lat="7.58029" lon="125.55814">
        <ele>268.62</ele>
      </trkpt>
      <trkpt lat="7.5802" lon="125.55816">
        <ele>269.52</ele>
      </trkpt>
      <trkpt lat="7.58013" lon="125.55815">
        <ele>270.96</ele>
      </trkpt>
      <trkpt lat="7.58011" lon="125.55815">
        <ele>271.32</ele>
      </trkpt>
      <trkpt lat="7.58002" lon="125.55818">
        <ele>272.4</ele>
      </trkpt>
      <trkpt lat="7.57996" lon="125.55819">
        <ele>272.29</ele>
      </trkpt>
      <trkpt lat="7.57995" lon="125.55819">
        <ele>272.21</ele>
      </trkpt>
      <trkpt lat="7.57991" lon="125.5582">
        <ele>271.76</ele>
      </trkpt>
      <trkpt lat="7.57988" lon="125.55823">
        <ele>271.11</ele>
      </trkpt>
      <trkpt lat="7.57983" lon="125.55826">
        <ele>270.38</ele>
      </trkpt>
      <trkpt lat="7.57976" lon="125.5583">
        <ele>269.53</ele>
      </trkpt>
      <trkpt lat="7.57975" lon="125.55831">
        <ele>269.37</ele>
      </trkpt>
      <trkpt lat="7.57973" lon="125.55834">
        <ele>268.86</ele>
      </trkpt>
      <trkpt lat="7.57974" lon="125.55841">
        <ele>267.08</ele>
      </trkpt>
      <trkpt lat="7.57975" lon="125.55846">
        <ele>265.77</ele>
      </trkpt>
      <trkpt lat="7.57979" lon="125.55851">
        <ele>264.33</ele>
      </trkpt>
      <trkpt lat="7.57979" lon="125.55852">
        <ele>264.05</ele>
      </trkpt>
      <trkpt lat="7.57981" lon="125.55855">
        <ele>263.12</ele>
      </trkpt>
      <trkpt lat="7.57983" lon="125.55862">
        <ele>260.99</ele>
      </trkpt>
      <trkpt lat="7.57985" lon="125.55873">
        <ele>257.92</ele>
      </trkpt>
      <trkpt lat="7.57986" lon="125.55874">
        <ele>257.53</ele>
      </trkpt>
      <trkpt lat="7.57988" lon="125.55878">
        <ele>256.18</ele>
      </trkpt>
      <trkpt lat="7.57988" lon="125.55887">
        <ele>253.68</ele>
      </trkpt>
      <trkpt lat="7.57987" lon="125.55896">
        <ele>251.7</ele>
      </trkpt>
      <trkpt lat="7.57987" lon="125.55904">
        <ele>249.86</ele>
      </trkpt>
      <trkpt lat="7.5799" lon="125.55913">
        <ele>247.52</ele>
      </trkpt>
      <trkpt lat="7.57994" lon="125.55924">
        <ele>243.85</ele>
      </trkpt>
      <trkpt lat="7.57995" lon="125.55927">
        <ele>242.71</ele>
      </trkpt>
      <trkpt lat="7.57994" lon="125.55935">
        <ele>239.97</ele>
      </trkpt>
      <trkpt lat="7.57993" lon="125.55938">
        <ele>239.02</ele>
      </trkpt>
      <trkpt lat="7.57992" lon="125.55939">
        <ele>238.77</ele>
      </trkpt>
      <trkpt lat="7.57991" lon="125.55942">
        <ele>237.82</ele>
      </trkpt>
      <trkpt lat="7.5799" lon="125.5595">
        <ele>235.1</ele>
      </trkpt>
      <trkpt lat="7.5799" lon="125.5596">
        <ele>231.52</ele>
      </trkpt>
      <trkpt lat="7.57989" lon="125.55968">
        <ele>228.87</ele>
      </trkpt>
      <trkpt lat="7.57985" lon="125.55976">
        <ele>227.97</ele>
      </trkpt>
      <trkpt lat="7.57982" lon="125.55983">
        <ele>228.11</ele>
      </trkpt>
      <trkpt lat="7.57976" lon="125.55992">
        <ele>228.76</ele>
      </trkpt>
      <trkpt lat="7.57971" lon="125.55998">
        <ele>228.91</ele>
      </trkpt>
      <trkpt lat="7.57966" lon="125.56006">
        <ele>225.71</ele>
      </trkpt>
      <trkpt lat="7.57966" lon="125.56012">
        <ele>223.77</ele>
      </trkpt>
      <trkpt lat="7.57967" lon="125.56019">
        <ele>221.72</ele>
      </trkpt>
      <trkpt lat="7.57969" lon="125.56022">
        <ele>221.18</ele>
      </trkpt>
      <trkpt lat="7.57969" lon="125.56024">
        <ele>220.53</ele>
      </trkpt>
      <trkpt lat="7.57972" lon="125.56028">
        <ele>219.94</ele>
      </trkpt>
      <trkpt lat="7.57975" lon="125.56036">
        <ele>219.39</ele>
      </trkpt>
      <trkpt lat="7.57977" lon="125.56041">
        <ele>218.89</ele>
      </trkpt>
      <trkpt lat="7.57977" lon="125.56045">
        <ele>218.51</ele>
      </trkpt>
      <trkpt lat="7.57979" lon="125.56051">
        <ele>217.76</ele>
      </trkpt>
      <trkpt lat="7.5798" lon="125.56058">
        <ele>216.87</ele>
      </trkpt>
      <trkpt lat="7.57981" lon="125.56061">
        <ele>216.4</ele>
      </trkpt>
      <trkpt lat="7.57983" lon="125.56064">
        <ele>215.81</ele>
      </trkpt>
      <trkpt lat="7.57985" lon="125.56068">
        <ele>215.07</ele>
      </trkpt>
      <trkpt lat="7.57985" lon="125.5607">
        <ele>214.82</ele>
      </trkpt>
      <trkpt lat="7.57986" lon="125.56072">
        <ele>214.44</ele>
      </trkpt>
      <trkpt lat="7.57986" lon="125.56091">
        <ele>212.33</ele>
      </trkpt>
      <trkpt lat="7.57984" lon="125.56104">
        <ele>211.73</ele>
      </trkpt>
      <trkpt lat="7.57983" lon="125.56109">
        <ele>211.66</ele>
      </trkpt>
      <trkpt lat="7.57983" lon="125.5611">
        <ele>211.59</ele>
      </trkpt>
      <trkpt lat="7.57976" lon="125.56123">
        <ele>214.46</ele>
      </trkpt>
      <trkpt lat="7.57971" lon="125.56132">
        <ele>216.31</ele>
      </trkpt>
      <trkpt lat="7.57971" lon="125.56136">
        <ele>216.56</ele>
      </trkpt>
      <trkpt lat="7.57969" lon="125.56141">
        <ele>215.71</ele>
      </trkpt>
      <trkpt lat="7.57968" lon="125.56148">
        <ele>213.63</ele>
      </trkpt>
      <trkpt lat="7.57968" lon="125.56154">
        <ele>212.02</ele>
      </trkpt>
      <trkpt lat="7.57969" lon="125.56159">
        <ele>210.63</ele>
      </trkpt>
      <trkpt lat="7.57971" lon="125.56163">
        <ele>209.31</ele>
      </trkpt>
      <trkpt lat="7.57972" lon="125.56166">
        <ele>208.25</ele>
      </trkpt>
      <trkpt lat="7.57972" lon="125.56169">
        <ele>207.11</ele>
      </trkpt>
      <trkpt lat="7.57972" lon="125.56172">
        <ele>205.93</ele>
      </trkpt>
      <trkpt lat="7.57969" lon="125.56176">
        <ele>205.0</ele>
      </trkpt>
      <trkpt lat="7.57964" lon="125.56182">
        <ele>204.09</ele>
      </trkpt>
      <trkpt lat="7.57959" lon="125.56192">
        <ele>202.48</ele>
      </trkpt>
      <trkpt lat="7.57958" lon="125.56192">
        <ele>202.82</ele>
      </trkpt>
      <trkpt lat="7.57954" lon="125.562">
        <ele>201.76</ele>
      </trkpt>
      <trkpt lat="7.57952" lon="125.56203">
        <ele>201.51</ele>
      </trkpt>
      <trkpt lat="7.57948" lon="125.56209">
        <ele>201.0</ele>
      </trkpt>
      <trkpt lat="7.57942" lon="125.56215">
        <ele>199.99</ele>
      </trkpt>
      <trkpt lat="7.57938" lon="125.5622">
        <ele>197.79</ele>
      </trkpt>
      <trkpt lat="7.57935" lon="125.56223">
        <ele>196.29</ele>
      </trkpt>
      <trkpt lat="7.57931" lon="125.56225">
        <ele>194.82</ele>
      </trkpt>
      <trkpt lat="7.57923" lon="125.56227">
        <ele>192.72</ele>
      </trkpt>
      <trkpt lat="7.57914" lon="125.56227">
        <ele>191.29</ele>
      </trkpt>
      <trkpt lat="7.57905" lon="125.56227">
        <ele>189.68</ele>
      </trkpt>
      <trkpt lat="7.57902" lon="125.56228">
        <ele>188.79</ele>
      </trkpt>
      <trkpt lat="7.57898" lon="125.5623">
        <ele>187.46</ele>
      </trkpt>
      <trkpt lat="7.57894" lon="125.56231">
        <ele>186.54</ele>
      </trkpt>
      <trkpt lat="7.57885" lon="125.56233">
        <ele>185.59</ele>
      </trkpt>
      <trkpt lat="7.5788" lon="125.56234">
        <ele>185.76</ele>
      </trkpt>
      <trkpt lat="7.57875" lon="125.56234">
        <ele>186.17</ele>
      </trkpt>
      <trkpt lat="7.57872" lon="125.56235">
        <ele>186.23</ele>
      </trkpt>
      <trkpt lat="7.57868" lon="125.56237">
        <ele>186.23</ele>
      </trkpt>
      <trkpt lat="7.57867" lon="125.56239">
        <ele>185.99</ele>
      </trkpt>
      <trkpt lat="7.57862" lon="125.56246">
        <ele>185.46</ele>
      </trkpt>
      <trkpt lat="7.57859" lon="125.56251">
        <ele>185.88</ele>
      </trkpt>
      <trkpt lat="7.57856" lon="125.56256">
        <ele>188.0</ele>
      </trkpt>
      <trkpt lat="7.57854" lon="125.56258">
        <ele>188.98</ele>
      </trkpt>
      <trkpt lat="7.57852" lon="125.56258">
        <ele>189.46</ele>
      </trkpt>
      <trkpt lat="7.57849" lon="125.56259">
        <ele>190.37</ele>
      </trkpt>
      <trkpt lat="7.57845" lon="125.5626">
        <ele>191.48</ele>
      </trkpt>
      <trkpt lat="7.57841" lon="125.56265">
        <ele>193.16</ele>
      </trkpt>
      <trkpt lat="7.57838" lon="125.56268">
        <ele>194.14</ele>
      </trkpt>
      <trkpt lat="7.57835" lon="125.56272">
        <ele>195.13</ele>
      </trkpt>
      <trkpt lat="7.5783" lon="125.56276">
        <ele>195.82</ele>
      </trkpt>
      <trkpt lat="7.57823" lon="125.56281">
        <ele>194.73</ele>
      </trkpt>
      <trkpt lat="7.5782" lon="125.56284">
        <ele>193.35</ele>
      </trkpt>
      <trkpt lat="7.57819" lon="125.56287">
        <ele>191.97</ele>
      </trkpt>
      <trkpt lat="7.57815" lon="125.56294">
        <ele>188.24</ele>
      </trkpt>
      <trkpt lat="7.57815" lon="125.56302">
        <ele>184.42</ele>
      </trkpt>
      <trkpt lat="7.57813" lon="125.56312">
        <ele>178.97</ele>
      </trkpt>
      <trkpt lat="7.5781" lon="125.56315">
        <ele>177.0</ele>
      </trkpt>
      <trkpt lat="7.57807" lon="125.56321">
        <ele>174.01</ele>
      </trkpt>
      <trkpt lat="7.57805" lon="125.56324">
        <ele>172.62</ele>
      </trkpt>
      <trkpt lat="7.57803" lon="125.56329">
        <ele>170.4</ele>
      </trkpt>
      <trkpt lat="7.57798" lon="125.56334">
        <ele>168.01</ele>
      </trkpt>
      <trkpt lat="7.57791" lon="125.56344">
        <ele>165.38</ele>
      </trkpt>
      <trkpt lat="7.57787" lon="125.5635">
        <ele>164.4</ele>
      </trkpt>
      <trkpt lat="7.57784" lon="125.56358">
        <ele>163.5</ele>
      </trkpt>
      <trkpt lat="7.57777" lon="125.56365">
        <ele>162.21</ele>
      </trkpt>
      <trkpt lat="7.57777" lon="125.56365">
        <ele>162.21</ele>
      </trkpt>
      <trkpt lat="7.57775" lon="125.56366">
        <ele>161.53</ele>
      </trkpt>
      <trkpt lat="7.57773" lon="125.5637">
        <ele>159.74</ele>
      </trkpt>
      <trkpt lat="7.57766" lon="125.56374">
        <ele>157.89</ele>
      </trkpt>
      <trkpt lat="7.57761" lon="125.56377">
        <ele>156.88</ele>
      </trkpt>
      <trkpt lat="7.57751" lon="125.56387">
        <ele>155.18</ele>
      </trkpt>
      <trkpt lat="7.57747" lon="125.56394">
        <ele>152.61</ele>
      </trkpt>
      <trkpt lat="7.57746" lon="125.56396">
        <ele>151.67</ele>
      </trkpt>
      <trkpt lat="7.57738" lon="125.56401">
        <ele>149.33</ele>
      </trkpt>
      <trkpt lat="7.57735" lon="125.56405">
        <ele>147.46</ele>
      </trkpt>
      <trkpt lat="7.57732" lon="125.56408">
        <ele>146.06</ele>
      </trkpt>
      <trkpt lat="7.57729" lon="125.56411">
        <ele>144.65</ele>
      </trkpt>
      <trkpt lat="7.57725" lon="125.56414">
        <ele>143.25</ele>
      </trkpt>
      <trkpt lat="7.57721" lon="125.56419">
        <ele>141.14</ele>
      </trkpt>
      <trkpt lat="7.57718" lon="125.56424">
        <ele>139.74</ele>
      </trkpt>
      <trkpt lat="7.57716" lon="125.56426">
        <ele>139.58</ele>
      </trkpt>
      <trkpt lat="7.57714" lon="125.56428">
        <ele>139.57</ele>
      </trkpt>
      <trkpt lat="7.57707" lon="125.56432">
        <ele>141.25</ele>
      </trkpt>
      <trkpt lat="7.57703" lon="125.56435">
        <ele>142.58</ele>
      </trkpt>
      <trkpt lat="7.57691" lon="125.56441">
        <ele>146.57</ele>
      </trkpt>
      <trkpt lat="7.57682" lon="125.56446">
        <ele>145.26</ele>
      </trkpt>
      <trkpt lat="7.57675" lon="125.5645">
        <ele>144.58</ele>
      </trkpt>
      <trkpt lat="7.57665" lon="125.56457">
        <ele>146.13</ele>
      </trkpt>
      <trkpt lat="7.57661" lon="125.56461">
        <ele>146.33</ele>
      </trkpt>
      <trkpt lat="7.57653" lon="125.56464">
        <ele>145.59</ele>
      </trkpt>
      <trkpt lat="7.5765" lon="125.56464">
        <ele>145.16</ele>
      </trkpt>
      <trkpt lat="7.57644" lon="125.56466">
        <ele>144.26</ele>
      </trkpt>
      <trkpt lat="7.5764" lon="125.56468">
        <ele>143.5</ele>
      </trkpt>
      <trkpt lat="7.57636" lon="125.56472">
        <ele>143.32</ele>
      </trkpt>
      <trkpt lat="7.57623" lon="125.56477">
        <ele>144.72</ele>
      </trkpt>
      <trkpt lat="7.57618" lon="125.5648">
        <ele>145.61</ele>
      </trkpt>
      <trkpt lat="7.57604" lon="125.5649">
        <ele>148.54</ele>
      </trkpt>
      <trkpt lat="7.57599" lon="125.56496">
        <ele>149.26</ele>
      </trkpt>
      <trkpt lat="7.57595" lon="125.56499">
        <ele>149.56</ele>
      </trkpt>
      <trkpt lat="7.5759" lon="125.56505">
        <ele>150.36</ele>
      </trkpt>
      <trkpt lat="7.57584" lon="125.56511">
        <ele>151.89</ele>
      </trkpt>
      <trkpt lat="7.57579" lon="125.56516">
        <ele>152.5</ele>
      </trkpt>
      <trkpt lat="7.57577" lon="125.56518">
        <ele>152.7</ele>
      </trkpt>
      <trkpt lat="7.57576" lon="125.56521">
        <ele>153.19</ele>
      </trkpt>
      <trkpt lat="7.57576" lon="125.56525">
        <ele>153.95</ele>
      </trkpt>
      <trkpt lat="7.57576" lon="125.5653">
        <ele>154.0</ele>
      </trkpt>
      <trkpt lat="7.57577" lon="125.56532">
        <ele>153.62</ele>
      </trkpt>
      <trkpt lat="7.57577" lon="125.56533">
        <ele>153.4</ele>
      </trkpt>
      <trkpt lat="7.57578" lon="125.56537">
        <ele>152.55</ele>
      </trkpt>
      <trkpt lat="7.57578" lon="125.56542">
        <ele>151.43</ele>
      </trkpt>
      <trkpt lat="7.57578" lon="125.56546">
        <ele>150.53</ele>
      </trkpt>
      <trkpt lat="7.57578" lon="125.56571">
        <ele>149.95</ele>
      </trkpt>
      <trkpt lat="7.57579" lon="125.56576">
        <ele>150.41</ele>
      </trkpt>
      <trkpt lat="7.57579" lon="125.5658">
        <ele>150.81</ele>
      </trkpt>
      <trkpt lat="7.5758" lon="125.56585">
        <ele>151.18</ele>
      </trkpt>
      <trkpt lat="7.5758" lon="125.56588">
        <ele>151.29</ele>
      </trkpt>
      <trkpt lat="7.5758" lon="125.56605">
        <ele>151.9</ele>
      </trkpt>
      <trkpt lat="7.57581" lon="125.5661">
        <ele>152.04</ele>
      </trkpt>
      <trkpt lat="7.57581" lon="125.56622">
        <ele>151.27</ele>
      </trkpt>
      <trkpt lat="7.57582" lon="125.56623">
        <ele>151.17</ele>
      </trkpt>
      <trkpt lat="7.57584" lon="125.56633">
        <ele>150.41</ele>
      </trkpt>
      <trkpt lat="7.57584" lon="125.56636">
        <ele>150.2</ele>
      </trkpt>
      <trkpt lat="7.57584" lon="125.5664">
        <ele>149.92</ele>
      </trkpt>
      <trkpt lat="7.57585" lon="125.56645">
        <ele>149.56</ele>
      </trkpt>
      <trkpt lat="7.57585" lon="125.56648">
        <ele>149.34</ele>
      </trkpt>
      <trkpt lat="7.57585" lon="125.56653">
        <ele>148.98</ele>
      </trkpt>
      <trkpt lat="7.57586" lon="125.56657">
        <ele>148.7</ele>
      </trkpt>
      <trkpt lat="7.57586" lon="125.56661">
        <ele>148.41</ele>
      </trkpt>
      <trkpt lat="7.57587" lon="125.56667">
        <ele>147.97</ele>
      </trkpt>
      <trkpt lat="7.57588" lon="125.56671">
        <ele>147.58</ele>
      </trkpt>
      <trkpt lat="7.57587" lon="125.56675">
        <ele>147.3</ele>
      </trkpt>
      <trkpt lat="7.57587" lon="125.56681">
        <ele>146.8</ele>
      </trkpt>
      <trkpt lat="7.57588" lon="125.56686">
        <ele>146.13</ele>
      </trkpt>
      <trkpt lat="7.5759" lon="125.56691">
        <ele>145.02</ele>
      </trkpt>
      <trkpt lat="7.57593" lon="125.56695">
        <ele>143.47</ele>
      </trkpt>
      <trkpt lat="7.57596" lon="125.56699">
        <ele>142.08</ele>
      </trkpt>
      <trkpt lat="7.57599" lon="125.56702">
        <ele>140.89</ele>
      </trkpt>
      <trkpt lat="7.57604" lon="125.56705">
        <ele>139.17</ele>
      </trkpt>
      <trkpt lat="7.57605" lon="125.56705">
        <ele>138.87</ele>
      </trkpt>
      <trkpt lat="7.57608" lon="125.56706">
        <ele>137.93</ele>
      </trkpt>
      <trkpt lat="7.57614" lon="125.56707">
        <ele>137.5</ele>
      </trkpt>
      <trkpt lat="7.57619" lon="125.56709">
        <ele>138.45</ele>
      </trkpt>
      <trkpt lat="7.57626" lon="125.56713">
        <ele>140.04</ele>
      </trkpt>
      <trkpt lat="7.5763" lon="125.56717">
        <ele>141.25</ele>
      </trkpt>
      <trkpt lat="7.57639" lon="125.56723">
        <ele>144.1</ele>
      </trkpt>
      <trkpt lat="7.57646" lon="125.56729">
        <ele>144.71</ele>
      </trkpt>
      <trkpt lat="7.57656" lon="125.56741">
        <ele>148.19</ele>
      </trkpt>
      <trkpt lat="7.57657" lon="125.56743">
        <ele>148.94</ele>
      </trkpt>
      <trkpt lat="7.57657" lon="125.56746">
        <ele>149.93</ele>
      </trkpt>
      <trkpt lat="7.57658" lon="125.56748">
        <ele>150.76</ele>
      </trkpt>
      <trkpt lat="7.5766" lon="125.5675">
        <ele>151.8</ele>
      </trkpt>
      <trkpt lat="7.57663" lon="125.56752">
        <ele>152.66</ele>
      </trkpt>
      <trkpt lat="7.57667" lon="125.56757">
        <ele>153.93</ele>
      </trkpt>
      <trkpt lat="7.57669" lon="125.56762">
        <ele>154.3</ele>
      </trkpt>
      <trkpt lat="7.5767" lon="125.56763">
        <ele>154.3</ele>
      </trkpt>
      <trkpt lat="7.57672" lon="125.56768">
        <ele>154.98</ele>
      </trkpt>
      <trkpt lat="7.57675" lon="125.56774">
        <ele>156.09</ele>
      </trkpt>
      <trkpt lat="7.57682" lon="125.56779">
        <ele>157.44</ele>
      </trkpt>
      <trkpt lat="7.57683" lon="125.5678">
        <ele>157.81</ele>
      </trkpt>
      <trkpt lat="7.57684" lon="125.56785">
        <ele>159.66</ele>
      </trkpt>
      <trkpt lat="7.57685" lon="125.56787">
        <ele>160.43</ele>
      </trkpt>
      <trkpt lat="7.57687" lon="125.56789">
        <ele>161.23</ele>
      </trkpt>
      <trkpt lat="7.57693" lon="125.56791">
        <ele>162.19</ele>
      </trkpt>
      <trkpt lat="7.57699" lon="125.56796">
        <ele>163.65</ele>
      </trkpt>
      <trkpt lat="7.57703" lon="125.56802">
        <ele>166.2</ele>
      </trkpt>
      <trkpt lat="7.57705" lon="125.56805">
        <ele>167.7</ele>
      </trkpt>
      <trkpt lat="7.57707" lon="125.5681">
        <ele>169.65</ele>
      </trkpt>
      <trkpt lat="7.57709" lon="125.56815">
        <ele>171.35</ele>
      </trkpt>
      <trkpt lat="7.57712" lon="125.5682">
        <ele>172.79</ele>
      </trkpt>
      <trkpt lat="7.57715" lon="125.56825">
        <ele>173.99</ele>
      </trkpt>
      <trkpt lat="7.57717" lon="125.5683">
        <ele>175.15</ele>
      </trkpt>
      <trkpt lat="7.57716" lon="125.56835">
        <ele>176.35</ele>
      </trkpt>
      <trkpt lat="7.57715" lon="125.56843">
        <ele>176.55</ele>
      </trkpt>
      <trkpt lat="7.57714" lon="125.56849">
        <ele>176.67</ele>
      </trkpt>
      <trkpt lat="7.57713" lon="125.56853">
        <ele>176.76</ele>
      </trkpt>
      <trkpt lat="7.57712" lon="125.56857">
        <ele>176.81</ele>
      </trkpt>
      <trkpt lat="7.57708" lon="125.56863">
        <ele>177.85</ele>
      </trkpt>
      <trkpt lat="7.57707" lon="125.56867">
        <ele>179.72</ele>
      </trkpt>
      <trkpt lat="7.57705" lon="125.56875">
        <ele>183.72</ele>
      </trkpt>
      <trkpt lat="7.57704" lon="125.56878">
        <ele>185.37</ele>
      </trkpt>
      <trkpt lat="7.577" lon="125.56886">
        <ele>190.5</ele>
      </trkpt>
      <trkpt lat="7.57699" lon="125.56888">
        <ele>191.89</ele>
      </trkpt>
      <trkpt lat="7.57697" lon="125.56891">
        <ele>192.79</ele>
      </trkpt>
      <trkpt lat="7.57696" lon="125.56894">
        <ele>192.65</ele>
      </trkpt>
      <trkpt lat="7.57694" lon="125.56904">
        <ele>191.23</ele>
      </trkpt>
      <trkpt lat="7.57691" lon="125.56914">
        <ele>189.8</ele>
      </trkpt>
      <trkpt lat="7.5769" lon="125.56921">
        <ele>189.83</ele>
      </trkpt>
      <trkpt lat="7.57689" lon="125.56927">
        <ele>190.1</ele>
      </trkpt>
      <trkpt lat="7.57688" lon="125.5693">
        <ele>190.14</ele>
      </trkpt>
      <trkpt lat="7.57687" lon="125.56935">
        <ele>190.11</ele>
      </trkpt>
      <trkpt lat="7.57685" lon="125.56942">
        <ele>189.69</ele>
      </trkpt>
      <trkpt lat="7.57683" lon="125.56953">
        <ele>187.96</ele>
      </trkpt>
      <trkpt lat="7.57683" lon="125.56957">
        <ele>187.41</ele>
      </trkpt>
      <trkpt lat="7.5768" lon="125.56969">
        <ele>185.32</ele>
      </trkpt>
      <trkpt lat="7.57678" lon="125.56973">
        <ele>184.62</ele>
      </trkpt>
      <trkpt lat="7.57677" lon="125.56982">
        <ele>184.46</ele>
      </trkpt>
      <trkpt lat="7.57674" lon="125.56989">
        <ele>184.72</ele>
      </trkpt>
      <trkpt lat="7.57672" lon="125.56993">
        <ele>185.18</ele>
      </trkpt>
      <trkpt lat="7.57669" lon="125.56997">
        <ele>186.08</ele>
      </trkpt>
      <trkpt lat="7.57667" lon="125.57001">
        <ele>186.8</ele>
      </trkpt>
      <trkpt lat="7.57664" lon="125.57005">
        <ele>185.96</ele>
      </trkpt>
      <trkpt lat="7.57664" lon="125.57006">
        <ele>185.85</ele>
      </trkpt>
      <trkpt lat="7.57664" lon="125.57007">
        <ele>185.74</ele>
      </trkpt>
      <trkpt lat="7.57662" lon="125.57012">
        <ele>184.79</ele>
      </trkpt>
      <trkpt lat="7.57662" lon="125.57017">
        <ele>184.22</ele>
      </trkpt>
      <trkpt lat="7.57663" lon="125.57026">
        <ele>183.41</ele>
      </trkpt>
      <trkpt lat="7.57663" lon="125.57031">
        <ele>182.19</ele>
      </trkpt>
      <trkpt lat="7.57664" lon="125.57035">
        <ele>181.13</ele>
      </trkpt>
      <trkpt lat="7.57664" lon="125.57048">
        <ele>177.01</ele>
      </trkpt>
      <trkpt lat="7.5767" lon="125.57066">
        <ele>164.45</ele>
      </trkpt>
      <trkpt lat="7.57673" lon="125.57069">
        <ele>160.52</ele>
      </trkpt>
      <trkpt lat="7.57674" lon="125.57073">
        <ele>157.1</ele>
      </trkpt>
      <trkpt lat="7.57675" lon="125.57076">
        <ele>154.5</ele>
      </trkpt>
      <trkpt lat="7.57674" lon="125.5708">
        <ele>152.04</ele>
      </trkpt>
      <trkpt lat="7.57672" lon="125.57086">
        <ele>148.89</ele>
      </trkpt>
      <trkpt lat="7.57669" lon="125.57093">
        <ele>146.52</ele>
      </trkpt>
      <trkpt lat="7.57666" lon="125.57098">
        <ele>145.35</ele>
      </trkpt>
      <trkpt lat="7.57662" lon="125.57103">
        <ele>144.61</ele>
      </trkpt>
      <trkpt lat="7.57656" lon="125.57108">
        <ele>145.36</ele>
      </trkpt>
      <trkpt lat="7.5765" lon="125.57116">
        <ele>145.89</ele>
      </trkpt>
      <trkpt lat="7.57645" lon="125.57125">
        <ele>146.43</ele>
      </trkpt>
      <trkpt lat="7.57644" lon="125.57129">
        <ele>146.14</ele>
      </trkpt>
      <trkpt lat="7.57643" lon="125.5713">
        <ele>146.62</ele>
      </trkpt>
      <trkpt lat="7.57641" lon="125.57134">
        <ele>147.25</ele>
      </trkpt>
      <trkpt lat="7.57641" lon="125.57139">
        <ele>146.21</ele>
      </trkpt>
      <trkpt lat="7.57641" lon="125.57142">
        <ele>145.2</ele>
      </trkpt>
      <trkpt lat="7.57643" lon="125.57146">
        <ele>142.34</ele>
      </trkpt>
      <trkpt lat="7.57644" lon="125.57151">
        <ele>140.05</ele>
      </trkpt>
      <trkpt lat="7.57648" lon="125.57158">
        <ele>135.38</ele>
      </trkpt>
      <trkpt lat="7.57648" lon="125.57161">
        <ele>134.58</ele>
      </trkpt>
      <trkpt lat="7.57648" lon="125.57164">
        <ele>133.79</ele>
      </trkpt>
      <trkpt lat="7.57648" lon="125.57167">
        <ele>133.04</ele>
      </trkpt>
      <trkpt lat="7.57648" lon="125.5717">
        <ele>132.72</ele>
      </trkpt>
      <trkpt lat="7.57648" lon="125.57173">
        <ele>132.39</ele>
      </trkpt>
      <trkpt lat="7.57648" lon="125.57173">
        <ele>132.39</ele>
      </trkpt>
      <trkpt lat="7.57645" lon="125.57182">
        <ele>132.67</ele>
      </trkpt>
      <trkpt lat="7.57645" lon="125.57185">
        <ele>132.27</ele>
      </trkpt>
      <trkpt lat="7.57643" lon="125.5719">
        <ele>132.33</ele>
      </trkpt>
      <trkpt lat="7.5764" lon="125.572">
        <ele>132.26</ele>
      </trkpt>
      <trkpt lat="7.57635" lon="125.57208">
        <ele>132.93</ele>
      </trkpt>
      <trkpt lat="7.57633" lon="125.57215">
        <ele>133.05</ele>
      </trkpt>
      <trkpt lat="7.57633" lon="125.57232">
        <ele>132.39</ele>
      </trkpt>
      <trkpt lat="7.57633" lon="125.57237">
        <ele>132.23</ele>
      </trkpt>
      <trkpt lat="7.57632" lon="125.57242">
        <ele>132.61</ele>
      </trkpt>
      <trkpt lat="7.57633" lon="125.57249">
        <ele>131.85</ele>
      </trkpt>
      <trkpt lat="7.57633" lon="125.57254">
        <ele>132.15</ele>
      </trkpt>
      <trkpt lat="7.57632" lon="125.5726">
        <ele>133.19</ele>
      </trkpt>
      <trkpt lat="7.57632" lon="125.5726">
        <ele>133.19</ele>
      </trkpt>
      <trkpt lat="7.57632" lon="125.57261">
        <ele>133.26</ele>
      </trkpt>
      <trkpt lat="7.57632" lon="125.57271">
        <ele>133.99</ele>
      </trkpt>
      <trkpt lat="7.57631" lon="125.57275">
        <ele>134.67</ele>
      </trkpt>
      <trkpt lat="7.5763" lon="125.57278">
        <ele>135.21</ele>
      </trkpt>
      <trkpt lat="7.57628" lon="125.57281">
        <ele>136.01</ele>
      </trkpt>
      <trkpt lat="7.57622" lon="125.57287">
        <ele>138.48</ele>
      </trkpt>
      <trkpt lat="7.57618" lon="125.57294">
        <ele>140.4</ele>
      </trkpt>
      <trkpt lat="7.57617" lon="125.57296">
        <ele>140.91</ele>
      </trkpt>
      <trkpt lat="7.57617" lon="125.57303">
        <ele>141.31</ele>
      </trkpt>
      <trkpt lat="7.57619" lon="125.57308">
        <ele>140.22</ele>
      </trkpt>
      <trkpt lat="7.5762" lon="125.57314">
        <ele>138.85</ele>
      </trkpt>
      <trkpt lat="7.57627" lon="125.57326">
        <ele>133.77</ele>
      </trkpt>
      <trkpt lat="7.57628" lon="125.57335">
        <ele>132.28</ele>
      </trkpt>
      <trkpt lat="7.57629" lon="125.57341">
        <ele>132.46</ele>
      </trkpt>
      <trkpt lat="7.57629" lon="125.57344">
        <ele>132.78</ele>
      </trkpt>
      <trkpt lat="7.57629" lon="125.57344">
        <ele>132.78</ele>
      </trkpt>
      <trkpt lat="7.5763" lon="125.5735">
        <ele>132.96</ele>
      </trkpt>
      <trkpt lat="7.57631" lon="125.57357">
        <ele>133.25</ele>
      </trkpt>
      <trkpt lat="7.57631" lon="125.57362">
        <ele>134.11</ele>
      </trkpt>
      <trkpt lat="7.57628" lon="125.57369">
        <ele>138.79</ele>
      </trkpt>
      <trkpt lat="7.57626" lon="125.57375">
        <ele>142.53</ele>
      </trkpt>
      <trkpt lat="7.57627" lon="125.57382">
        <ele>145.34</ele>
      </trkpt>
      <trkpt lat="7.57628" lon="125.57385">
        <ele>146.28</ele>
      </trkpt>
      <trkpt lat="7.57628" lon="125.57388">
        <ele>147.68</ele>
      </trkpt>
      <trkpt lat="7.57628" lon="125.57393">
        <ele>150.35</ele>
      </trkpt>
      <trkpt lat="7.57627" lon="125.57399">
        <ele>154.08</ele>
      </trkpt>
      <trkpt lat="7.57624" lon="125.574">
        <ele>155.94</ele>
      </trkpt>
      <trkpt lat="7.57616" lon="125.57402">
        <ele>160.49</ele>
      </trkpt>
      <trkpt lat="7.57609" lon="125.57406">
        <ele>164.76</ele>
      </trkpt>
      <trkpt lat="7.57603" lon="125.57406">
        <ele>165.14</ele>
      </trkpt>
      <trkpt lat="7.57598" lon="125.57409">
        <ele>166.87</ele>
      </trkpt>
      <trkpt lat="7.57595" lon="125.5741">
        <ele>167.5</ele>
      </trkpt>
      <trkpt lat="7.57594" lon="125.5741">
        <ele>167.55</ele>
      </trkpt>
      <trkpt lat="7.57591" lon="125.5741">
        <ele>167.71</ele>
      </trkpt>
      <trkpt lat="7.57589" lon="125.5741">
        <ele>167.82</ele>
      </trkpt>
      <trkpt lat="7.57583" lon="125.57406">
        <ele>166.34</ele>
      </trkpt>
      <trkpt lat="7.57579" lon="125.57405">
        <ele>165.34</ele>
      </trkpt>
      <trkpt lat="7.57566" lon="125.57408">
        <ele>164.76</ele>
      </trkpt>
      <trkpt lat="7.5756" lon="125.5741">
        <ele>164.76</ele>
      </trkpt>
      <trkpt lat="7.57556" lon="125.5741">
        <ele>164.18</ele>
      </trkpt>
      <trkpt lat="7.57554" lon="125.57411">
        <ele>164.59</ele>
      </trkpt>
      <trkpt lat="7.57552" lon="125.57413">
        <ele>165.51</ele>
      </trkpt>
      <trkpt lat="7.57551" lon="125.57416">
        <ele>166.87</ele>
      </trkpt>
      <trkpt lat="7.5755" lon="125.57421">
        <ele>168.79</ele>
      </trkpt>
      <trkpt lat="7.57548" lon="125.57427">
        <ele>170.96</ele>
      </trkpt>
      <trkpt lat="7.57548" lon="125.57431">
        <ele>172.39</ele>
      </trkpt>
      <trkpt lat="7.57546" lon="125.57435">
        <ele>173.7</ele>
      </trkpt>
      <trkpt lat="7.57546" lon="125.57439">
        <ele>175.08</ele>
      </trkpt>
      <trkpt lat="7.57545" lon="125.5744">
        <ele>175.34</ele>
      </trkpt>
      <trkpt lat="7.57541" lon="125.57443">
        <ele>175.96</ele>
      </trkpt>
      <trkpt lat="7.57539" lon="125.57446">
        <ele>176.48</ele>
      </trkpt>
      <trkpt lat="7.57537" lon="125.57449">
        <ele>176.87</ele>
      </trkpt>
      <trkpt lat="7.57535" lon="125.57452">
        <ele>177.39</ele>
      </trkpt>
      <trkpt lat="7.57534" lon="125.57452">
        <ele>177.36</ele>
      </trkpt>
      <trkpt lat="7.57533" lon="125.57454">
        <ele>177.8</ele>
      </trkpt>
      <trkpt lat="7.57529" lon="125.5746">
        <ele>179.41</ele>
      </trkpt>
      <trkpt lat="7.57524" lon="125.57465">
        <ele>180.41</ele>
      </trkpt>
      <trkpt lat="7.5752" lon="125.57466">
        <ele>180.15</ele>
      </trkpt>
      <trkpt lat="7.57514" lon="125.57465">
        <ele>179.06</ele>
      </trkpt>
      <trkpt lat="7.57511" lon="125.57466">
        <ele>178.93</ele>
      </trkpt>
      <trkpt lat="7.57504" lon="125.57463">
        <ele>177.2</ele>
      </trkpt>
      <trkpt lat="7.575" lon="125.57465">
        <ele>177.18</ele>
      </trkpt>
      <trkpt lat="7.57497" lon="125.57466">
        <ele>177.32</ele>
      </trkpt>
      <trkpt lat="7.57497" lon="125.57468">
        <ele>177.83</ele>
      </trkpt>
      <trkpt lat="7.57496" lon="125.57473">
        <ele>178.93</ele>
      </trkpt>
      <trkpt lat="7.57492" lon="125.5748">
        <ele>179.68</ele>
      </trkpt>
      <trkpt lat="7.57492" lon="125.57486">
        <ele>180.42</ele>
      </trkpt>
      <trkpt lat="7.57487" lon="125.57499">
        <ele>182.72</ele>
      </trkpt>
      <trkpt lat="7.57487" lon="125.57502">
        <ele>182.8</ele>
      </trkpt>
      <trkpt lat="7.57486" lon="125.57504">
        <ele>182.87</ele>
      </trkpt>
      <trkpt lat="7.57486" lon="125.57508">
        <ele>182.73</ele>
      </trkpt>
      <trkpt lat="7.57485" lon="125.57511">
        <ele>182.73</ele>
      </trkpt>
      <trkpt lat="7.57484" lon="125.57513">
        <ele>182.76</ele>
      </trkpt>
      <trkpt lat="7.57479" lon="125.57519">
        <ele>182.99</ele>
      </trkpt>
      <trkpt lat="7.57476" lon="125.57526">
        <ele>182.84</ele>
      </trkpt>
      <trkpt lat="7.57473" lon="125.57531">
        <ele>182.83</ele>
      </trkpt>
      <trkpt lat="7.57471" lon="125.57535">
        <ele>182.9</ele>
      </trkpt>
      <trkpt lat="7.57465" lon="125.57545">
        <ele>183.87</ele>
      </trkpt>
      <trkpt lat="7.57462" lon="125.57548">
        <ele>184.62</ele>
      </trkpt>
      <trkpt lat="7.57461" lon="125.57549">
        <ele>184.9</ele>
      </trkpt>
      <trkpt lat="7.57458" lon="125.57553">
        <ele>185.91</ele>
      </trkpt>
      <trkpt lat="7.57458" lon="125.57555">
        <ele>186.05</ele>
      </trkpt>
      <trkpt lat="7.57457" lon="125.57557">
        <ele>185.88</ele>
      </trkpt>
      <trkpt lat="7.57456" lon="125.5756">
        <ele>185.11</ele>
      </trkpt>
      <trkpt lat="7.57454" lon="125.57561">
        <ele>185.29</ele>
      </trkpt>
      <trkpt lat="7.57449" lon="125.57565">
        <ele>185.12</ele>
      </trkpt>
      <trkpt lat="7.57447" lon="125.57569">
        <ele>184.07</ele>
      </trkpt>
      <trkpt lat="7.57442" lon="125.57575">
        <ele>182.65</ele>
      </trkpt>
      <trkpt lat="7.57438" lon="125.57577">
        <ele>182.44</ele>
      </trkpt>
      <trkpt lat="7.57434" lon="125.57578">
        <ele>182.62</ele>
      </trkpt>
      <trkpt lat="7.5743" lon="125.57578">
        <ele>183.19</ele>
      </trkpt>
      <trkpt lat="7.57427" lon="125.57579">
        <ele>183.23</ele>
      </trkpt>
      <trkpt lat="7.5742" lon="125.57578">
        <ele>184.63</ele>
      </trkpt>
      <trkpt lat="7.57414" lon="125.57578">
        <ele>185.37</ele>
      </trkpt>
      <trkpt lat="7.57409" lon="125.57576">
        <ele>186.41</ele>
      </trkpt>
      <trkpt lat="7.57397" lon="125.57573">
        <ele>187.47</ele>
      </trkpt>
      <trkpt lat="7.57392" lon="125.57572">
        <ele>187.58</ele>
      </trkpt>
      <trkpt lat="7.57385" lon="125.57574">
        <ele>188.18</ele>
      </trkpt>
      <trkpt lat="7.57379" lon="125.57576">
        <ele>188.99</ele>
      </trkpt>
      <trkpt lat="7.57375" lon="125.57579">
        <ele>189.5</ele>
      </trkpt>
      <trkpt lat="7.57363" lon="125.57588">
        <ele>191.05</ele>
      </trkpt>
      <trkpt lat="7.57362" lon="125.57591">
        <ele>191.39</ele>
      </trkpt>
      <trkpt lat="7.5736" lon="125.57598">
        <ele>192.01</ele>
      </trkpt>
      <trkpt lat="7.57358" lon="125.57601">
        <ele>192.04</ele>
      </trkpt>
      <trkpt lat="7.57355" lon="125.57604">
        <ele>191.84</ele>
      </trkpt>
      <trkpt lat="7.57355" lon="125.57604">
        <ele>191.84</ele>
      </trkpt>
      <trkpt lat="7.57354" lon="125.57605">
        <ele>191.73</ele>
      </trkpt>
      <trkpt lat="7.57352" lon="125.57608">
        <ele>191.43</ele>
      </trkpt>
      <trkpt lat="7.57349" lon="125.57614">
        <ele>190.43</ele>
      </trkpt>
      <trkpt lat="7.57349" lon="125.57618">
        <ele>189.89</ele>
      </trkpt>
      <trkpt lat="7.57346" lon="125.57627">
        <ele>188.87</ele>
      </trkpt>
      <trkpt lat="7.57344" lon="125.57631">
        <ele>188.77</ele>
      </trkpt>
      <trkpt lat="7.5734" lon="125.57636">
        <ele>189.31</ele>
      </trkpt>
      <trkpt lat="7.57337" lon="125.57642">
        <ele>188.88</ele>
      </trkpt>
      <trkpt lat="7.57338" lon="125.57648">
        <ele>186.44</ele>
      </trkpt>
      <trkpt lat="7.57335" lon="125.57659">
        <ele>182.33</ele>
      </trkpt>
      <trkpt lat="7.57333" lon="125.57663">
        <ele>180.49</ele>
      </trkpt>
      <trkpt lat="7.57331" lon="125.57668">
        <ele>178.18</ele>
      </trkpt>
      <trkpt lat="7.5733" lon="125.5767">
        <ele>177.6</ele>
      </trkpt>
      <trkpt lat="7.57331" lon="125.57674">
        <ele>177.16</ele>
      </trkpt>
      <trkpt lat="7.57332" lon="125.57677">
        <ele>176.86</ele>
      </trkpt>
      <trkpt lat="7.57335" lon="125.57683">
        <ele>176.38</ele>
      </trkpt>
      <trkpt lat="7.57337" lon="125.57686">
        <ele>176.28</ele>
      </trkpt>
      <trkpt lat="7.57338" lon="125.57689">
        <ele>176.02</ele>
      </trkpt>
      <trkpt lat="7.5734" lon="125.57692">
        <ele>176.04</ele>
      </trkpt>
      <trkpt lat="7.57342" lon="125.57696">
        <ele>176.39</ele>
      </trkpt>
      <trkpt lat="7.57343" lon="125.57698">
        <ele>176.9</ele>
      </trkpt>
      <trkpt lat="7.57345" lon="125.57703">
        <ele>178.04</ele>
      </trkpt>
      <trkpt lat="7.57347" lon="125.57718">
        <ele>180.42</ele>
      </trkpt>
      <trkpt lat="7.57348" lon="125.57721">
        <ele>181.02</ele>
      </trkpt>
      <trkpt lat="7.57348" lon="125.57729">
        <ele>182.68</ele>
      </trkpt>
      <trkpt lat="7.57348" lon="125.57729">
        <ele>182.68</ele>
      </trkpt>
      <trkpt lat="7.57349" lon="125.57732">
        <ele>183.42</ele>
      </trkpt>
      <trkpt lat="7.57348" lon="125.57739">
        <ele>184.91</ele>
      </trkpt>
      <trkpt lat="7.57348" lon="125.57756">
        <ele>187.07</ele>
      </trkpt>
      <trkpt lat="7.5735" lon="125.57762">
        <ele>186.57</ele>
      </trkpt>
      <trkpt lat="7.5735" lon="125.57767">
        <ele>186.39</ele>
      </trkpt>
      <trkpt lat="7.57354" lon="125.57773">
        <ele>186.05</ele>
      </trkpt>
      <trkpt lat="7.57355" lon="125.57776">
        <ele>186.01</ele>
      </trkpt>
      <trkpt lat="7.57357" lon="125.57786">
        <ele>186.8</ele>
      </trkpt>
      <trkpt lat="7.57357" lon="125.57791">
        <ele>187.29</ele>
      </trkpt>
      <trkpt lat="7.57353" lon="125.57806">
        <ele>188.42</ele>
      </trkpt>
      <trkpt lat="7.5735" lon="125.57811">
        <ele>188.44</ele>
      </trkpt>
      <trkpt lat="7.57348" lon="125.57814">
        <ele>188.6</ele>
      </trkpt>
      <trkpt lat="7.57346" lon="125.57818">
        <ele>188.97</ele>
      </trkpt>
      <trkpt lat="7.57345" lon="125.57824">
        <ele>189.59</ele>
      </trkpt>
      <trkpt lat="7.57344" lon="125.57828">
        <ele>190.13</ele>
      </trkpt>
      <trkpt lat="7.57345" lon="125.57834">
        <ele>190.33</ele>
      </trkpt>
      <trkpt lat="7.57344" lon="125.57837">
        <ele>189.82</ele>
      </trkpt>
      <trkpt lat="7.57344" lon="125.57841">
        <ele>188.87</ele>
      </trkpt>
      <trkpt lat="7.57342" lon="125.57851">
        <ele>186.27</ele>
      </trkpt>
      <trkpt lat="7.57341" lon="125.57857">
        <ele>184.41</ele>
      </trkpt>
      <trkpt lat="7.5734" lon="125.5786">
        <ele>183.27</ele>
      </trkpt>
      <trkpt lat="7.5734" lon="125.57861">
        <ele>182.95</ele>
      </trkpt>
      <trkpt lat="7.5734" lon="125.57861">
        <ele>182.95</ele>
      </trkpt>
      <trkpt lat="7.57341" lon="125.57866">
        <ele>182.22</ele>
      </trkpt>
      <trkpt lat="7.57343" lon="125.57869">
        <ele>182.29</ele>
      </trkpt>
      <trkpt lat="7.57345" lon="125.57873">
        <ele>182.26</ele>
      </trkpt>
      <trkpt lat="7.57347" lon="125.57876">
        <ele>182.5</ele>
      </trkpt>
      <trkpt lat="7.57359" lon="125.57884">
        <ele>186.43</ele>
      </trkpt>
      <trkpt lat="7.57362" lon="125.57889">
        <ele>186.79</ele>
      </trkpt>
      <trkpt lat="7.57364" lon="125.57893">
        <ele>184.78</ele>
      </trkpt>
      <trkpt lat="7.57364" lon="125.57895">
        <ele>183.95</ele>
      </trkpt>
      <trkpt lat="7.57363" lon="125.57897">
        <ele>183.26</ele>
      </trkpt>
      <trkpt lat="7.57356" lon="125.5791">
        <ele>176.75</ele>
      </trkpt>
      <trkpt lat="7.57354" lon="125.57916">
        <ele>174.21</ele>
      </trkpt>
      <trkpt lat="7.57353" lon="125.57929">
        <ele>173.26</ele>
      </trkpt>
      <trkpt lat="7.57354" lon="125.5794">
        <ele>172.92</ele>
      </trkpt>
      <trkpt lat="7.57354" lon="125.57942">
        <ele>172.83</ele>
      </trkpt>
      <trkpt lat="7.57355" lon="125.57947">
        <ele>172.59</ele>
      </trkpt>
      <trkpt lat="7.57356" lon="125.57952">
        <ele>172.14</ele>
      </trkpt>
      <trkpt lat="7.57356" lon="125.57955">
        <ele>171.77</ele>
      </trkpt>
      <trkpt lat="7.57353" lon="125.57965">
        <ele>170.23</ele>
      </trkpt>
      <trkpt lat="7.57346" lon="125.57978">
        <ele>168.46</ele>
      </trkpt>
      <trkpt lat="7.57344" lon="125.57982">
        <ele>168.17</ele>
      </trkpt>
      <trkpt lat="7.5734" lon="125.57988">
        <ele>168.09</ele>
      </trkpt>
      <trkpt lat="7.57335" lon="125.58">
        <ele>168.7</ele>
      </trkpt>
      <trkpt lat="7.57326" lon="125.58005">
        <ele>168.7</ele>
      </trkpt>
      <trkpt lat="7.57318" lon="125.58009">
        <ele>168.66</ele>
      </trkpt>
      <trkpt lat="7.57313" lon="125.58012">
        <ele>168.78</ele>
      </trkpt>
      <trkpt lat="7.5731" lon="125.58014">
        <ele>168.93</ele>
      </trkpt>
      <trkpt lat="7.57308" lon="125.58015">
        <ele>169.03</ele>
      </trkpt>
      <trkpt lat="7.57306" lon="125.58016">
        <ele>169.14</ele>
      </trkpt>
      <trkpt lat="7.57301" lon="125.58016">
        <ele>169.55</ele>
      </trkpt>
      <trkpt lat="7.57296" lon="125.58019">
        <ele>170.16</ele>
      </trkpt>
      <trkpt lat="7.57289" lon="125.58022">
        <ele>170.9</ele>
      </trkpt>
      <trkpt lat="7.57286" lon="125.58024">
        <ele>171.23</ele>
      </trkpt>
      <trkpt lat="7.57268" lon="125.5804">
        <ele>171.1</ele>
      </trkpt>
      <trkpt lat="7.57262" lon="125.58044">
        <ele>170.92</ele>
      </trkpt>
      <trkpt lat="7.57253" lon="125.5805">
        <ele>170.32</ele>
      </trkpt>
      <trkpt lat="7.57244" lon="125.58055">
        <ele>169.15</ele>
      </trkpt>
      <trkpt lat="7.57237" lon="125.5806">
        <ele>168.33</ele>
      </trkpt>
      <trkpt lat="7.57237" lon="125.58061">
        <ele>168.18</ele>
      </trkpt>
      <trkpt lat="7.57234" lon="125.58063">
        <ele>168.05</ele>
      </trkpt>
      <trkpt lat="7.57229" lon="125.58068">
        <ele>167.9</ele>
      </trkpt>
      <trkpt lat="7.57226" lon="125.5807">
        <ele>168.06</ele>
      </trkpt>
      <trkpt lat="7.57219" lon="125.58078">
        <ele>168.17</ele>
      </trkpt>
      <trkpt lat="7.57211" lon="125.58092">
        <ele>165.2</ele>
      </trkpt>
      <trkpt lat="7.57204" lon="125.581">
        <ele>163.37</ele>
      </trkpt>
      <trkpt lat="7.57202" lon="125.58101">
        <ele>163.32</ele>
      </trkpt>
      <trkpt lat="7.57198" lon="125.58103">
        <ele>163.3</ele>
      </trkpt>
      <trkpt lat="7.57192" lon="125.58106">
        <ele>163.27</ele>
      </trkpt>
      <trkpt lat="7.57185" lon="125.58112">
        <ele>162.66</ele>
      </trkpt>
      <trkpt lat="7.57179" lon="125.58118">
        <ele>161.13</ele>
      </trkpt>
      <trkpt lat="7.57173" lon="125.58122">
        <ele>160.73</ele>
      </trkpt>
      <trkpt lat="7.57171" lon="125.58123">
        <ele>160.77</ele>
      </trkpt>
      <trkpt lat="7.5716" lon="125.58124">
        <ele>161.83</ele>
      </trkpt>
      <trkpt lat="7.57155" lon="125.58125">
        <ele>162.05</ele>
      </trkpt>
      <trkpt lat="7.57139" lon="125.58132">
        <ele>163.23</ele>
      </trkpt>
      <trkpt lat="7.57135" lon="125.58134">
        <ele>164.48</ele>
      </trkpt>
      <trkpt lat="7.57133" lon="125.58136">
        <ele>165.14</ele>
      </trkpt>
      <trkpt lat="7.5713" lon="125.58139">
        <ele>166.18</ele>
      </trkpt>
      <trkpt lat="7.5712" lon="125.58147">
        <ele>168.66</ele>
      </trkpt>
      <trkpt lat="7.57104" lon="125.58158">
        <ele>173.53</ele>
      </trkpt>
      <trkpt lat="7.57096" lon="125.58165">
        <ele>175.85</ele>
      </trkpt>
      <trkpt lat="7.57081" lon="125.58177">
        <ele>181.0</ele>
      </trkpt>
      <trkpt lat="7.57064" lon="125.5819">
        <ele>187.35</ele>
      </trkpt>
      <trkpt lat="7.57056" lon="125.58199">
        <ele>190.35</ele>
      </trkpt>
      <trkpt lat="7.57047" lon="125.58205">
        <ele>189.32</ele>
      </trkpt>
      <trkpt lat="7.57043" lon="125.58218">
        <ele>187.24</ele>
      </trkpt>
      <trkpt lat="7.57041" lon="125.58221">
        <ele>186.61</ele>
      </trkpt>
      <trkpt lat="7.57046" lon="125.58228">
        <ele>185.31</ele>
      </trkpt>
      <trkpt lat="7.57047" lon="125.58227">
        <ele>185.69</ele>
      </trkpt>
    </trkseg>
  </trk>
</gpx>
