<?xml version="1.0"?>
<gpx xmlns="http://www.topografix.com/GPX/1/1" xmlns:xsi="http://www.w3.org/2001/XMLSchema-instance" version="1.1" creator="AllTrails.com" xsi:schemaLocation="http://www.topografix.com/GPX/1/1 http://www.topografix.com/GPX/1/1/gpx.xsd">
  <metadata>
    <name><![CDATA[Mount Dinor Trail]]></name>
    <desc><![CDATA[]]></desc>
    <link href="http://www.alltrails.com">
      <text>AllTrails, LLC</text>
    </link>
    <bounds minlat="6.84648" minlon="125.36991" maxlat="6.89709" maxlon="125.38886"/>
  </metadata>
  <trk>
    <name><![CDATA[Mount Dinor Trail]]></name>
    <src>AllTrails</src>
    <trkseg>
      <trkpt lat="6.84659" lon="125.38495">
        <ele>169.93</ele>
      </trkpt>
      <trkpt lat="6.84653" lon="125.38499">
        <ele>167.66</ele>
      </trkpt>
      <trkpt lat="6.8465" lon="125.38503">
        <ele>165.91</ele>
      </trkpt>
      <trkpt lat="6.84648" lon="125.38508">
        <ele>164.23</ele>
      </trkpt>
      <trkpt lat="6.84652" lon="125.38514">
        <ele>163.8</ele>
      </trkpt>
      <trkpt lat="6.84655" lon="125.38518">
        <ele>163.37</ele>
      </trkpt>
      <trkpt lat="6.84659" lon="125.38521">
        <ele>163.21</ele>
      </trkpt>
      <trkpt lat="6.84668" lon="125.38529">
        <ele>161.98</ele>
      </trkpt>
      <trkpt lat="6.84671" lon="125.38532">
        <ele>161.88</ele>
      </trkpt>
      <trkpt lat="6.84697" lon="125.38558">
        <ele>160.89</ele>
      </trkpt>
      <trkpt lat="6.84751" lon="125.38606">
        <ele>161.12</ele>
      </trkpt>
      <trkpt lat="6.84806" lon="125.38657">
        <ele>149.16</ele>
      </trkpt>
      <trkpt lat="6.84841" lon="125.38691">
        <ele>151.21</ele>
      </trkpt>
      <trkpt lat="6.8486" lon="125.38712">
        <ele>153.06</ele>
      </trkpt>
      <trkpt lat="6.84867" lon="125.38721">
        <ele>157.51</ele>
      </trkpt>
      <trkpt lat="6.84873" lon="125.38727">
        <ele>160.17</ele>
      </trkpt>
      <trkpt lat="6.84877" lon="125.38734">
        <ele>160.51</ele>
      </trkpt>
      <trkpt lat="6.84881" lon="125.38738">
        <ele>161.21</ele>
      </trkpt>
      <trkpt lat="6.84886" lon="125.38747">
        <ele>160.16</ele>
      </trkpt>
      <trkpt lat="6.8489" lon="125.38759">
        <ele>158.32</ele>
      </trkpt>
      <trkpt lat="6.84891" lon="125.38763">
        <ele>157.86</ele>
      </trkpt>
      <trkpt lat="6.84891" lon="125.38765">
        <ele>157.37</ele>
      </trkpt>
      <trkpt lat="6.84893" lon="125.38772">
        <ele>156.76</ele>
      </trkpt>
      <trkpt lat="6.84894" lon="125.38776">
        <ele>156.37</ele>
      </trkpt>
      <trkpt lat="6.84894" lon="125.38779">
        <ele>155.83</ele>
      </trkpt>
      <trkpt lat="6.84896" lon="125.38785">
        <ele>156.59</ele>
      </trkpt>
      <trkpt lat="6.84896" lon="125.38789">
        <ele>156.31</ele>
      </trkpt>
      <trkpt lat="6.84897" lon="125.38793">
        <ele>156.76</ele>
      </trkpt>
      <trkpt lat="6.849" lon="125.38802">
        <ele>158.7</ele>
      </trkpt>
      <trkpt lat="6.849" lon="125.38805">
        <ele>158.62</ele>
      </trkpt>
      <trkpt lat="6.84901" lon="125.38808">
        <ele>159.91</ele>
      </trkpt>
      <trkpt lat="6.84901" lon="125.38812">
        <ele>160.63</ele>
      </trkpt>
      <trkpt lat="6.84903" lon="125.38824">
        <ele>163.76</ele>
      </trkpt>
      <trkpt lat="6.84908" lon="125.38842">
        <ele>166.8</ele>
      </trkpt>
      <trkpt lat="6.84911" lon="125.38849">
        <ele>167.71</ele>
      </trkpt>
      <trkpt lat="6.84914" lon="125.38853">
        <ele>168.44</ele>
      </trkpt>
      <trkpt lat="6.8492" lon="125.38858">
        <ele>168.75</ele>
      </trkpt>
      <trkpt lat="6.84924" lon="125.38861">
        <ele>168.22</ele>
      </trkpt>
      <trkpt lat="6.84929" lon="125.38863">
        <ele>167.32</ele>
      </trkpt>
      <trkpt lat="6.84933" lon="125.38864">
        <ele>166.73</ele>
      </trkpt>
      <trkpt lat="6.84937" lon="125.38866">
        <ele>166.01</ele>
      </trkpt>
      <trkpt lat="6.84943" lon="125.38866">
        <ele>165.43</ele>
      </trkpt>
      <trkpt lat="6.84946" lon="125.38867">
        <ele>164.97</ele>
      </trkpt>
      <trkpt lat="6.84956" lon="125.38866">
        <ele>163.97</ele>
      </trkpt>
      <trkpt lat="6.84958" lon="125.38866">
        <ele>163.75</ele>
      </trkpt>
      <trkpt lat="6.84962" lon="125.38866">
        <ele>163.29</ele>
      </trkpt>
      <trkpt lat="6.84967" lon="125.38864">
        <ele>163.06</ele>
      </trkpt>
      <trkpt lat="6.84971" lon="125.38864">
        <ele>162.62</ele>
      </trkpt>
      <trkpt lat="6.84974" lon="125.38863">
        <ele>163.21</ele>
      </trkpt>
      <trkpt lat="6.84976" lon="125.38863">
        <ele>163.83</ele>
      </trkpt>
      <trkpt lat="6.84982" lon="125.38861">
        <ele>166.23</ele>
      </trkpt>
      <trkpt lat="6.84989" lon="125.38861">
        <ele>168.49</ele>
      </trkpt>
      <trkpt lat="6.84993" lon="125.3886">
        <ele>170.28</ele>
      </trkpt>
      <trkpt lat="6.85001" lon="125.3886">
        <ele>172.69</ele>
      </trkpt>
      <trkpt lat="6.85008" lon="125.38858">
        <ele>174.73</ele>
      </trkpt>
      <trkpt lat="6.85014" lon="125.38858">
        <ele>175.69</ele>
      </trkpt>
      <trkpt lat="6.85017" lon="125.38858">
        <ele>176.17</ele>
      </trkpt>
      <trkpt lat="6.85019" lon="125.38857">
        <ele>176.84</ele>
      </trkpt>
      <trkpt lat="6.85022" lon="125.38856">
        <ele>177.62</ele>
      </trkpt>
      <trkpt lat="6.85024" lon="125.38857">
        <ele>177.6</ele>
      </trkpt>
      <trkpt lat="6.85029" lon="125.38856">
        <ele>178.64</ele>
      </trkpt>
      <trkpt lat="6.85032" lon="125.38856">
        <ele>179.04</ele>
      </trkpt>
      <trkpt lat="6.85034" lon="125.38856">
        <ele>179.31</ele>
      </trkpt>
      <trkpt lat="6.85037" lon="125.38855">
        <ele>180.05</ele>
      </trkpt>
      <trkpt lat="6.8504" lon="125.38854">
        <ele>180.82</ele>
      </trkpt>
      <trkpt lat="6.85044" lon="125.38855">
        <ele>181.03</ele>
      </trkpt>
      <trkpt lat="6.85051" lon="125.38854">
        <ele>182.41</ele>
      </trkpt>
      <trkpt lat="6.85055" lon="125.38854">
        <ele>182.99</ele>
      </trkpt>
      <trkpt lat="6.8506" lon="125.38853">
        <ele>183.87</ele>
      </trkpt>
      <trkpt lat="6.85065" lon="125.38853">
        <ele>184.28</ele>
      </trkpt>
      <trkpt lat="6.85074" lon="125.38851">
        <ele>185.94</ele>
      </trkpt>
      <trkpt lat="6.85086" lon="125.38851">
        <ele>186.57</ele>
      </trkpt>
      <trkpt lat="6.85091" lon="125.38851">
        <ele>186.28</ele>
      </trkpt>
      <trkpt lat="6.85094" lon="125.38851">
        <ele>186.1</ele>
      </trkpt>
      <trkpt lat="6.851" lon="125.38851">
        <ele>185.75</ele>
      </trkpt>
      <trkpt lat="6.85104" lon="125.38851">
        <ele>185.51</ele>
      </trkpt>
      <trkpt lat="6.85106" lon="125.3885">
        <ele>185.89</ele>
      </trkpt>
      <trkpt lat="6.8511" lon="125.3885">
        <ele>185.66</ele>
      </trkpt>
      <trkpt lat="6.85115" lon="125.3885">
        <ele>188.2</ele>
      </trkpt>
      <trkpt lat="6.8512" lon="125.3885">
        <ele>191.55</ele>
      </trkpt>
      <trkpt lat="6.85123" lon="125.3885">
        <ele>193.56</ele>
      </trkpt>
      <trkpt lat="6.85129" lon="125.3885">
        <ele>197.58</ele>
      </trkpt>
      <trkpt lat="6.85138" lon="125.38849">
        <ele>204.42</ele>
      </trkpt>
      <trkpt lat="6.85144" lon="125.38847">
        <ele>206.87</ele>
      </trkpt>
      <trkpt lat="6.85153" lon="125.38847">
        <ele>207.21</ele>
      </trkpt>
      <trkpt lat="6.85166" lon="125.38845">
        <ele>209.63</ele>
      </trkpt>
      <trkpt lat="6.85181" lon="125.38845">
        <ele>206.67</ele>
      </trkpt>
      <trkpt lat="6.85183" lon="125.38845">
        <ele>206.25</ele>
      </trkpt>
      <trkpt lat="6.8519" lon="125.38846">
        <ele>204.12</ele>
      </trkpt>
      <trkpt lat="6.85203" lon="125.38846">
        <ele>203.13</ele>
      </trkpt>
      <trkpt lat="6.85213" lon="125.38846">
        <ele>203.0</ele>
      </trkpt>
      <trkpt lat="6.85225" lon="125.38846">
        <ele>202.98</ele>
      </trkpt>
      <trkpt lat="6.85235" lon="125.38846">
        <ele>203.34</ele>
      </trkpt>
      <trkpt lat="6.85242" lon="125.38845">
        <ele>204.31</ele>
      </trkpt>
      <trkpt lat="6.85249" lon="125.38843">
        <ele>206.0</ele>
      </trkpt>
      <trkpt lat="6.85255" lon="125.38843">
        <ele>205.99</ele>
      </trkpt>
      <trkpt lat="6.85257" lon="125.38843">
        <ele>205.96</ele>
      </trkpt>
      <trkpt lat="6.85263" lon="125.3884">
        <ele>207.96</ele>
      </trkpt>
      <trkpt lat="6.8527" lon="125.38839">
        <ele>208.49</ele>
      </trkpt>
      <trkpt lat="6.85276" lon="125.3884">
        <ele>207.71</ele>
      </trkpt>
      <trkpt lat="6.85281" lon="125.38839">
        <ele>208.63</ele>
      </trkpt>
      <trkpt lat="6.85284" lon="125.38838">
        <ele>209.57</ele>
      </trkpt>
      <trkpt lat="6.85286" lon="125.38837">
        <ele>210.43</ele>
      </trkpt>
      <trkpt lat="6.85289" lon="125.38837">
        <ele>210.73</ele>
      </trkpt>
      <trkpt lat="6.85294" lon="125.38837">
        <ele>211.22</ele>
      </trkpt>
      <trkpt lat="6.85298" lon="125.38836">
        <ele>212.32</ele>
      </trkpt>
      <trkpt lat="6.85301" lon="125.38837">
        <ele>211.91</ele>
      </trkpt>
      <trkpt lat="6.85304" lon="125.38836">
        <ele>212.92</ele>
      </trkpt>
      <trkpt lat="6.85316" lon="125.38838">
        <ele>210.52</ele>
      </trkpt>
      <trkpt lat="6.85334" lon="125.3884">
        <ele>207.84</ele>
      </trkpt>
      <trkpt lat="6.85338" lon="125.38841">
        <ele>208.51</ele>
      </trkpt>
      <trkpt lat="6.85346" lon="125.38843">
        <ele>209.76</ele>
      </trkpt>
      <trkpt lat="6.85358" lon="125.38845">
        <ele>211.99</ele>
      </trkpt>
      <trkpt lat="6.85367" lon="125.38847">
        <ele>213.33</ele>
      </trkpt>
      <trkpt lat="6.8537" lon="125.38848">
        <ele>213.62</ele>
      </trkpt>
      <trkpt lat="6.85373" lon="125.38849">
        <ele>213.95</ele>
      </trkpt>
      <trkpt lat="6.85377" lon="125.3885">
        <ele>214.6</ele>
      </trkpt>
      <trkpt lat="6.85384" lon="125.3885">
        <ele>216.72</ele>
      </trkpt>
      <trkpt lat="6.8539" lon="125.38851">
        <ele>218.38</ele>
      </trkpt>
      <trkpt lat="6.85393" lon="125.38851">
        <ele>220.13</ele>
      </trkpt>
      <trkpt lat="6.854" lon="125.38851">
        <ele>224.2</ele>
      </trkpt>
      <trkpt lat="6.85405" lon="125.38852">
        <ele>226.75</ele>
      </trkpt>
      <trkpt lat="6.85408" lon="125.38852">
        <ele>228.52</ele>
      </trkpt>
      <trkpt lat="6.85414" lon="125.38853">
        <ele>231.75</ele>
      </trkpt>
      <trkpt lat="6.85418" lon="125.38853">
        <ele>233.03</ele>
      </trkpt>
      <trkpt lat="6.85423" lon="125.38854">
        <ele>231.62</ele>
      </trkpt>
      <trkpt lat="6.85431" lon="125.38855">
        <ele>229.55</ele>
      </trkpt>
      <trkpt lat="6.85443" lon="125.38856">
        <ele>226.61</ele>
      </trkpt>
      <trkpt lat="6.85447" lon="125.38857">
        <ele>226.01</ele>
      </trkpt>
      <trkpt lat="6.85453" lon="125.38858">
        <ele>225.72</ele>
      </trkpt>
      <trkpt lat="6.85459" lon="125.38859">
        <ele>225.45</ele>
      </trkpt>
      <trkpt lat="6.85465" lon="125.3886">
        <ele>225.22</ele>
      </trkpt>
      <trkpt lat="6.85469" lon="125.38861">
        <ele>225.02</ele>
      </trkpt>
      <trkpt lat="6.85473" lon="125.38862">
        <ele>224.78</ele>
      </trkpt>
      <trkpt lat="6.85479" lon="125.38864">
        <ele>225.23</ele>
      </trkpt>
      <trkpt lat="6.85483" lon="125.38866">
        <ele>225.09</ele>
      </trkpt>
      <trkpt lat="6.85486" lon="125.38867">
        <ele>225.19</ele>
      </trkpt>
      <trkpt lat="6.85489" lon="125.38868">
        <ele>225.26</ele>
      </trkpt>
      <trkpt lat="6.85493" lon="125.3887">
        <ele>224.88</ele>
      </trkpt>
      <trkpt lat="6.85496" lon="125.38871">
        <ele>224.84</ele>
      </trkpt>
      <trkpt lat="6.85506" lon="125.38874">
        <ele>222.24</ele>
      </trkpt>
      <trkpt lat="6.8551" lon="125.38874">
        <ele>221.31</ele>
      </trkpt>
      <trkpt lat="6.85512" lon="125.38875">
        <ele>220.41</ele>
      </trkpt>
      <trkpt lat="6.85522" lon="125.38877">
        <ele>217.75</ele>
      </trkpt>
      <trkpt lat="6.85534" lon="125.38878">
        <ele>218.51</ele>
      </trkpt>
      <trkpt lat="6.85544" lon="125.38878">
        <ele>221.62</ele>
      </trkpt>
      <trkpt lat="6.85554" lon="125.38879">
        <ele>224.79</ele>
      </trkpt>
      <trkpt lat="6.85565" lon="125.38879">
        <ele>224.34</ele>
      </trkpt>
      <trkpt lat="6.8558" lon="125.38878">
        <ele>223.04</ele>
      </trkpt>
      <trkpt lat="6.85585" lon="125.38877">
        <ele>223.3</ele>
      </trkpt>
      <trkpt lat="6.85591" lon="125.38875">
        <ele>225.02</ele>
      </trkpt>
      <trkpt lat="6.85601" lon="125.38874">
        <ele>227.41</ele>
      </trkpt>
      <trkpt lat="6.8561" lon="125.38872">
        <ele>230.26</ele>
      </trkpt>
      <trkpt lat="6.8562" lon="125.38871">
        <ele>230.63</ele>
      </trkpt>
      <trkpt lat="6.85625" lon="125.3887">
        <ele>230.82</ele>
      </trkpt>
      <trkpt lat="6.85627" lon="125.38869">
        <ele>231.12</ele>
      </trkpt>
      <trkpt lat="6.85629" lon="125.38869">
        <ele>231.01</ele>
      </trkpt>
      <trkpt lat="6.85633" lon="125.38868">
        <ele>231.14</ele>
      </trkpt>
      <trkpt lat="6.85637" lon="125.38868">
        <ele>230.89</ele>
      </trkpt>
      <trkpt lat="6.85641" lon="125.38867">
        <ele>230.76</ele>
      </trkpt>
      <trkpt lat="6.85646" lon="125.38866">
        <ele>230.27</ele>
      </trkpt>
      <trkpt lat="6.85651" lon="125.38864">
        <ele>230.02</ele>
      </trkpt>
      <trkpt lat="6.85656" lon="125.38863">
        <ele>229.43</ele>
      </trkpt>
      <trkpt lat="6.85658" lon="125.38863">
        <ele>229.09</ele>
      </trkpt>
      <trkpt lat="6.85662" lon="125.38862">
        <ele>228.63</ele>
      </trkpt>
      <trkpt lat="6.85668" lon="125.38859">
        <ele>229.8</ele>
      </trkpt>
      <trkpt lat="6.8567" lon="125.38858">
        <ele>230.99</ele>
      </trkpt>
      <trkpt lat="6.8568" lon="125.38856">
        <ele>234.72</ele>
      </trkpt>
      <trkpt lat="6.85691" lon="125.38851">
        <ele>239.69</ele>
      </trkpt>
      <trkpt lat="6.85694" lon="125.3885">
        <ele>240.72</ele>
      </trkpt>
      <trkpt lat="6.85704" lon="125.38847">
        <ele>241.08</ele>
      </trkpt>
      <trkpt lat="6.85708" lon="125.38845">
        <ele>241.73</ele>
      </trkpt>
      <trkpt lat="6.85711" lon="125.38843">
        <ele>242.58</ele>
      </trkpt>
      <trkpt lat="6.85715" lon="125.38842">
        <ele>242.87</ele>
      </trkpt>
      <trkpt lat="6.85718" lon="125.38841">
        <ele>243.28</ele>
      </trkpt>
      <trkpt lat="6.85721" lon="125.3884">
        <ele>243.74</ele>
      </trkpt>
      <trkpt lat="6.85726" lon="125.38838">
        <ele>245.2</ele>
      </trkpt>
      <trkpt lat="6.85734" lon="125.38836">
        <ele>247.04</ele>
      </trkpt>
      <trkpt lat="6.85746" lon="125.38833">
        <ele>249.87</ele>
      </trkpt>
      <trkpt lat="6.85756" lon="125.38832">
        <ele>249.61</ele>
      </trkpt>
      <trkpt lat="6.85771" lon="125.38832">
        <ele>247.06</ele>
      </trkpt>
      <trkpt lat="6.85774" lon="125.38831">
        <ele>247.21</ele>
      </trkpt>
      <trkpt lat="6.85786" lon="125.3883">
        <ele>246.83</ele>
      </trkpt>
      <trkpt lat="6.85797" lon="125.38827">
        <ele>248.58</ele>
      </trkpt>
      <trkpt lat="6.85806" lon="125.38824">
        <ele>250.7</ele>
      </trkpt>
      <trkpt lat="6.85818" lon="125.3882">
        <ele>252.77</ele>
      </trkpt>
      <trkpt lat="6.85827" lon="125.38817">
        <ele>253.66</ele>
      </trkpt>
      <trkpt lat="6.85839" lon="125.38814">
        <ele>253.74</ele>
      </trkpt>
      <trkpt lat="6.85841" lon="125.38814">
        <ele>253.49</ele>
      </trkpt>
      <trkpt lat="6.85849" lon="125.38814">
        <ele>252.5</ele>
      </trkpt>
      <trkpt lat="6.85861" lon="125.38814">
        <ele>251.02</ele>
      </trkpt>
      <trkpt lat="6.85873" lon="125.38813">
        <ele>255.46</ele>
      </trkpt>
      <trkpt lat="6.8588" lon="125.38812">
        <ele>258.47</ele>
      </trkpt>
      <trkpt lat="6.85884" lon="125.38812">
        <ele>259.7</ele>
      </trkpt>
      <trkpt lat="6.85887" lon="125.38811">
        <ele>261.51</ele>
      </trkpt>
      <trkpt lat="6.8589" lon="125.38811">
        <ele>262.17</ele>
      </trkpt>
      <trkpt lat="6.85894" lon="125.3881">
        <ele>263.26</ele>
      </trkpt>
      <trkpt lat="6.85898" lon="125.38809">
        <ele>264.27</ele>
      </trkpt>
      <trkpt lat="6.85901" lon="125.38809">
        <ele>264.39</ele>
      </trkpt>
      <trkpt lat="6.85905" lon="125.38809">
        <ele>264.55</ele>
      </trkpt>
      <trkpt lat="6.85911" lon="125.38809">
        <ele>264.79</ele>
      </trkpt>
      <trkpt lat="6.85923" lon="125.38811">
        <ele>264.82</ele>
      </trkpt>
      <trkpt lat="6.85929" lon="125.38811">
        <ele>265.72</ele>
      </trkpt>
      <trkpt lat="6.85932" lon="125.38812">
        <ele>265.71</ele>
      </trkpt>
      <trkpt lat="6.85937" lon="125.38811">
        <ele>266.92</ele>
      </trkpt>
      <trkpt lat="6.85941" lon="125.38811">
        <ele>267.52</ele>
      </trkpt>
      <trkpt lat="6.85948" lon="125.38811">
        <ele>268.3</ele>
      </trkpt>
      <trkpt lat="6.85954" lon="125.38809">
        <ele>269.45</ele>
      </trkpt>
      <trkpt lat="6.85962" lon="125.38805">
        <ele>271.47</ele>
      </trkpt>
      <trkpt lat="6.85974" lon="125.388">
        <ele>274.39</ele>
      </trkpt>
      <trkpt lat="6.85984" lon="125.388">
        <ele>275.47</ele>
      </trkpt>
      <trkpt lat="6.85989" lon="125.38801">
        <ele>275.62</ele>
      </trkpt>
      <trkpt lat="6.85992" lon="125.38801">
        <ele>275.94</ele>
      </trkpt>
      <trkpt lat="6.85997" lon="125.38802">
        <ele>276.08</ele>
      </trkpt>
      <trkpt lat="6.86002" lon="125.38802">
        <ele>276.41</ele>
      </trkpt>
      <trkpt lat="6.86009" lon="125.38803">
        <ele>276.01</ele>
      </trkpt>
      <trkpt lat="6.86016" lon="125.38806">
        <ele>274.84</ele>
      </trkpt>
      <trkpt lat="6.86027" lon="125.38807">
        <ele>274.48</ele>
      </trkpt>
      <trkpt lat="6.86034" lon="125.38806">
        <ele>275.06</ele>
      </trkpt>
      <trkpt lat="6.86053" lon="125.38805">
        <ele>276.09</ele>
      </trkpt>
      <trkpt lat="6.86064" lon="125.38804">
        <ele>276.5</ele>
      </trkpt>
      <trkpt lat="6.86073" lon="125.38801">
        <ele>277.48</ele>
      </trkpt>
      <trkpt lat="6.86076" lon="125.388">
        <ele>277.8</ele>
      </trkpt>
      <trkpt lat="6.86077" lon="125.388">
        <ele>277.8</ele>
      </trkpt>
      <trkpt lat="6.86077" lon="125.388">
        <ele>277.8</ele>
      </trkpt>
      <trkpt lat="6.86088" lon="125.38799">
        <ele>277.91</ele>
      </trkpt>
      <trkpt lat="6.86101" lon="125.388">
        <ele>276.91</ele>
      </trkpt>
      <trkpt lat="6.86112" lon="125.38804">
        <ele>274.64</ele>
      </trkpt>
      <trkpt lat="6.8612" lon="125.38805">
        <ele>273.93</ele>
      </trkpt>
      <trkpt lat="6.8613" lon="125.38806">
        <ele>273.11</ele>
      </trkpt>
      <trkpt lat="6.86136" lon="125.38806">
        <ele>272.88</ele>
      </trkpt>
      <trkpt lat="6.86138" lon="125.38806">
        <ele>272.81</ele>
      </trkpt>
      <trkpt lat="6.86153" lon="125.38802">
        <ele>273.78</ele>
      </trkpt>
      <trkpt lat="6.86163" lon="125.38799">
        <ele>274.74</ele>
      </trkpt>
      <trkpt lat="6.86168" lon="125.38797">
        <ele>275.61</ele>
      </trkpt>
      <trkpt lat="6.86172" lon="125.38796">
        <ele>276.09</ele>
      </trkpt>
      <trkpt lat="6.86179" lon="125.38795">
        <ele>276.53</ele>
      </trkpt>
      <trkpt lat="6.86182" lon="125.38794">
        <ele>277.01</ele>
      </trkpt>
      <trkpt lat="6.86187" lon="125.38794">
        <ele>276.94</ele>
      </trkpt>
      <trkpt lat="6.86193" lon="125.38793">
        <ele>277.35</ele>
      </trkpt>
      <trkpt lat="6.86198" lon="125.38792">
        <ele>277.77</ele>
      </trkpt>
      <trkpt lat="6.86202" lon="125.38792">
        <ele>277.7</ele>
      </trkpt>
      <trkpt lat="6.86207" lon="125.3879">
        <ele>278.59</ele>
      </trkpt>
      <trkpt lat="6.86213" lon="125.38788">
        <ele>279.43</ele>
      </trkpt>
      <trkpt lat="6.86222" lon="125.38786">
        <ele>280.16</ele>
      </trkpt>
      <trkpt lat="6.86226" lon="125.38786">
        <ele>280.0</ele>
      </trkpt>
      <trkpt lat="6.86232" lon="125.38785">
        <ele>280.19</ele>
      </trkpt>
      <trkpt lat="6.86237" lon="125.38785">
        <ele>279.97</ele>
      </trkpt>
      <trkpt lat="6.86244" lon="125.38784">
        <ele>280.05</ele>
      </trkpt>
      <trkpt lat="6.86249" lon="125.38782">
        <ele>280.54</ele>
      </trkpt>
      <trkpt lat="6.86253" lon="125.38781">
        <ele>280.95</ele>
      </trkpt>
      <trkpt lat="6.86256" lon="125.38779">
        <ele>281.78</ele>
      </trkpt>
      <trkpt lat="6.86259" lon="125.38778">
        <ele>282.24</ele>
      </trkpt>
      <trkpt lat="6.86263" lon="125.38776">
        <ele>283.11</ele>
      </trkpt>
      <trkpt lat="6.86267" lon="125.38773">
        <ele>284.29</ele>
      </trkpt>
      <trkpt lat="6.86271" lon="125.38771">
        <ele>285.07</ele>
      </trkpt>
      <trkpt lat="6.86273" lon="125.38769">
        <ele>285.78</ele>
      </trkpt>
      <trkpt lat="6.86275" lon="125.38765">
        <ele>287.13</ele>
      </trkpt>
      <trkpt lat="6.86276" lon="125.38764">
        <ele>287.46</ele>
      </trkpt>
      <trkpt lat="6.86283" lon="125.38757">
        <ele>289.73</ele>
      </trkpt>
      <trkpt lat="6.86286" lon="125.38754">
        <ele>290.7</ele>
      </trkpt>
      <trkpt lat="6.86293" lon="125.38749">
        <ele>292.48</ele>
      </trkpt>
      <trkpt lat="6.86305" lon="125.38747">
        <ele>293.41</ele>
      </trkpt>
      <trkpt lat="6.86314" lon="125.38744">
        <ele>294.44</ele>
      </trkpt>
      <trkpt lat="6.86321" lon="125.38742">
        <ele>295.03</ele>
      </trkpt>
      <trkpt lat="6.86327" lon="125.38741">
        <ele>295.19</ele>
      </trkpt>
      <trkpt lat="6.86331" lon="125.38739">
        <ele>295.87</ele>
      </trkpt>
      <trkpt lat="6.86331" lon="125.38739">
        <ele>295.87</ele>
      </trkpt>
      <trkpt lat="6.86334" lon="125.38738">
        <ele>296.22</ele>
      </trkpt>
      <trkpt lat="6.86338" lon="125.38737">
        <ele>296.87</ele>
      </trkpt>
      <trkpt lat="6.86341" lon="125.38735">
        <ele>297.88</ele>
      </trkpt>
      <trkpt lat="6.86345" lon="125.38734">
        <ele>298.51</ele>
      </trkpt>
      <trkpt lat="6.86353" lon="125.38728">
        <ele>301.36</ele>
      </trkpt>
      <trkpt lat="6.86359" lon="125.38725">
        <ele>302.82</ele>
      </trkpt>
      <trkpt lat="6.86363" lon="125.38723">
        <ele>303.76</ele>
      </trkpt>
      <trkpt lat="6.86374" lon="125.38717">
        <ele>306.44</ele>
      </trkpt>
      <trkpt lat="6.86379" lon="125.38712">
        <ele>308.46</ele>
      </trkpt>
      <trkpt lat="6.86385" lon="125.38709">
        <ele>309.69</ele>
      </trkpt>
      <trkpt lat="6.86387" lon="125.38707">
        <ele>310.45</ele>
      </trkpt>
      <trkpt lat="6.86396" lon="125.387">
        <ele>313.0</ele>
      </trkpt>
      <trkpt lat="6.86404" lon="125.38696">
        <ele>314.44</ele>
      </trkpt>
      <trkpt lat="6.86406" lon="125.38695">
        <ele>314.8</ele>
      </trkpt>
      <trkpt lat="6.86408" lon="125.38693">
        <ele>315.48</ele>
      </trkpt>
      <trkpt lat="6.8641" lon="125.38692">
        <ele>315.81</ele>
      </trkpt>
      <trkpt lat="6.86411" lon="125.3869">
        <ele>316.47</ele>
      </trkpt>
      <trkpt lat="6.86412" lon="125.38689">
        <ele>316.8</ele>
      </trkpt>
      <trkpt lat="6.86419" lon="125.38685">
        <ele>317.84</ele>
      </trkpt>
      <trkpt lat="6.86424" lon="125.38681">
        <ele>318.69</ele>
      </trkpt>
      <trkpt lat="6.86427" lon="125.3868">
        <ele>318.76</ele>
      </trkpt>
      <trkpt lat="6.86435" lon="125.38673">
        <ele>320.48</ele>
      </trkpt>
      <trkpt lat="6.86437" lon="125.3867">
        <ele>321.37</ele>
      </trkpt>
      <trkpt lat="6.86443" lon="125.38665">
        <ele>322.94</ele>
      </trkpt>
      <trkpt lat="6.86446" lon="125.38661">
        <ele>324.78</ele>
      </trkpt>
      <trkpt lat="6.86453" lon="125.38654">
        <ele>327.8</ele>
      </trkpt>
      <trkpt lat="6.86454" lon="125.38652">
        <ele>328.68</ele>
      </trkpt>
      <trkpt lat="6.86455" lon="125.38647">
        <ele>330.99</ele>
      </trkpt>
      <trkpt lat="6.86457" lon="125.38645">
        <ele>331.76</ele>
      </trkpt>
      <trkpt lat="6.8646" lon="125.38642">
        <ele>332.88</ele>
      </trkpt>
      <trkpt lat="6.8646" lon="125.3864">
        <ele>333.8</ele>
      </trkpt>
      <trkpt lat="6.86465" lon="125.38634">
        <ele>335.94</ele>
      </trkpt>
      <trkpt lat="6.86466" lon="125.38633">
        <ele>336.26</ele>
      </trkpt>
      <trkpt lat="6.86475" lon="125.38623">
        <ele>339.51</ele>
      </trkpt>
      <trkpt lat="6.86491" lon="125.38622">
        <ele>337.86</ele>
      </trkpt>
      <trkpt lat="6.8651" lon="125.38615">
        <ele>337.71</ele>
      </trkpt>
      <trkpt lat="6.86521" lon="125.38607">
        <ele>338.74</ele>
      </trkpt>
      <trkpt lat="6.86546" lon="125.38588">
        <ele>340.49</ele>
      </trkpt>
      <trkpt lat="6.86551" lon="125.38585">
        <ele>340.43</ele>
      </trkpt>
      <trkpt lat="6.86589" lon="125.38568">
        <ele>340.91</ele>
      </trkpt>
      <trkpt lat="6.86612" lon="125.38556">
        <ele>343.65</ele>
      </trkpt>
      <trkpt lat="6.86669" lon="125.38541">
        <ele>342.48</ele>
      </trkpt>
      <trkpt lat="6.8667" lon="125.38541">
        <ele>342.33</ele>
      </trkpt>
      <trkpt lat="6.86673" lon="125.3854">
        <ele>342.37</ele>
      </trkpt>
      <trkpt lat="6.86679" lon="125.38538">
        <ele>342.44</ele>
      </trkpt>
      <trkpt lat="6.86683" lon="125.38539">
        <ele>341.4</ele>
      </trkpt>
      <trkpt lat="6.86684" lon="125.38539">
        <ele>341.25</ele>
      </trkpt>
      <trkpt lat="6.86692" lon="125.38535">
        <ele>341.97</ele>
      </trkpt>
      <trkpt lat="6.86699" lon="125.38531">
        <ele>342.71</ele>
      </trkpt>
      <trkpt lat="6.86707" lon="125.38525">
        <ele>343.94</ele>
      </trkpt>
      <trkpt lat="6.8671" lon="125.38522">
        <ele>344.7</ele>
      </trkpt>
      <trkpt lat="6.86712" lon="125.38519">
        <ele>345.63</ele>
      </trkpt>
      <trkpt lat="6.86717" lon="125.38513">
        <ele>347.32</ele>
      </trkpt>
      <trkpt lat="6.86721" lon="125.3851">
        <ele>347.9</ele>
      </trkpt>
      <trkpt lat="6.86729" lon="125.38504">
        <ele>348.88</ele>
      </trkpt>
      <trkpt lat="6.86732" lon="125.38503">
        <ele>348.67</ele>
      </trkpt>
      <trkpt lat="6.86737" lon="125.38499">
        <ele>349.18</ele>
      </trkpt>
      <trkpt lat="6.86748" lon="125.38492">
        <ele>349.33</ele>
      </trkpt>
      <trkpt lat="6.86754" lon="125.38488">
        <ele>349.91</ele>
      </trkpt>
      <trkpt lat="6.86759" lon="125.38486">
        <ele>350.07</ele>
      </trkpt>
      <trkpt lat="6.86766" lon="125.3848">
        <ele>351.22</ele>
      </trkpt>
      <trkpt lat="6.86771" lon="125.38475">
        <ele>352.13</ele>
      </trkpt>
      <trkpt lat="6.86775" lon="125.38472">
        <ele>352.46</ele>
      </trkpt>
      <trkpt lat="6.86778" lon="125.38467">
        <ele>353.28</ele>
      </trkpt>
      <trkpt lat="6.8678" lon="125.38464">
        <ele>353.7</ele>
      </trkpt>
      <trkpt lat="6.86781" lon="125.38462">
        <ele>354.03</ele>
      </trkpt>
      <trkpt lat="6.86783" lon="125.38459">
        <ele>354.4</ele>
      </trkpt>
      <trkpt lat="6.86786" lon="125.38454">
        <ele>355.02</ele>
      </trkpt>
      <trkpt lat="6.86789" lon="125.38448">
        <ele>355.78</ele>
      </trkpt>
      <trkpt lat="6.86792" lon="125.38441">
        <ele>356.73</ele>
      </trkpt>
      <trkpt lat="6.86797" lon="125.38428">
        <ele>358.36</ele>
      </trkpt>
      <trkpt lat="6.86798" lon="125.38421">
        <ele>359.54</ele>
      </trkpt>
      <trkpt lat="6.86801" lon="125.38413">
        <ele>359.92</ele>
      </trkpt>
      <trkpt lat="6.86801" lon="125.38411">
        <ele>360.15</ele>
      </trkpt>
      <trkpt lat="6.86803" lon="125.38408">
        <ele>359.82</ele>
      </trkpt>
      <trkpt lat="6.86805" lon="125.38401">
        <ele>359.89</ele>
      </trkpt>
      <trkpt lat="6.86805" lon="125.38397">
        <ele>360.33</ele>
      </trkpt>
      <trkpt lat="6.86806" lon="125.38393">
        <ele>360.4</ele>
      </trkpt>
      <trkpt lat="6.8681" lon="125.38384">
        <ele>360.05</ele>
      </trkpt>
      <trkpt lat="6.8681" lon="125.38381">
        <ele>360.45</ele>
      </trkpt>
      <trkpt lat="6.86811" lon="125.38379">
        <ele>360.32</ele>
      </trkpt>
      <trkpt lat="6.86812" lon="125.38374">
        <ele>360.58</ele>
      </trkpt>
      <trkpt lat="6.86812" lon="125.38368">
        <ele>361.34</ele>
      </trkpt>
      <trkpt lat="6.86813" lon="125.38361">
        <ele>361.79</ele>
      </trkpt>
      <trkpt lat="6.86814" lon="125.38358">
        <ele>361.65</ele>
      </trkpt>
      <trkpt lat="6.86814" lon="125.38356">
        <ele>361.85</ele>
      </trkpt>
      <trkpt lat="6.86815" lon="125.38352">
        <ele>361.79</ele>
      </trkpt>
      <trkpt lat="6.86817" lon="125.38349">
        <ele>361.18</ele>
      </trkpt>
      <trkpt lat="6.86816" lon="125.38346">
        <ele>361.92</ele>
      </trkpt>
      <trkpt lat="6.86818" lon="125.38342">
        <ele>361.38</ele>
      </trkpt>
      <trkpt lat="6.86818" lon="125.38335">
        <ele>362.02</ele>
      </trkpt>
      <trkpt lat="6.8682" lon="125.38328">
        <ele>362.2</ele>
      </trkpt>
      <trkpt lat="6.8682" lon="125.38324">
        <ele>362.92</ele>
      </trkpt>
      <trkpt lat="6.86821" lon="125.3832">
        <ele>363.17</ele>
      </trkpt>
      <trkpt lat="6.8682" lon="125.38318">
        <ele>364.0</ele>
      </trkpt>
      <trkpt lat="6.86821" lon="125.38316">
        <ele>363.89</ele>
      </trkpt>
      <trkpt lat="6.86821" lon="125.38313">
        <ele>364.43</ele>
      </trkpt>
      <trkpt lat="6.86822" lon="125.38311">
        <ele>364.32</ele>
      </trkpt>
      <trkpt lat="6.86822" lon="125.38308">
        <ele>364.86</ele>
      </trkpt>
      <trkpt lat="6.86824" lon="125.38301">
        <ele>365.3</ele>
      </trkpt>
      <trkpt lat="6.86825" lon="125.38297">
        <ele>365.66</ele>
      </trkpt>
      <trkpt lat="6.86825" lon="125.38293">
        <ele>366.48</ele>
      </trkpt>
      <trkpt lat="6.86826" lon="125.38288">
        <ele>367.06</ele>
      </trkpt>
      <trkpt lat="6.86827" lon="125.38285">
        <ele>367.24</ele>
      </trkpt>
      <trkpt lat="6.86827" lon="125.38282">
        <ele>367.86</ele>
      </trkpt>
      <trkpt lat="6.86829" lon="125.38278">
        <ele>367.83</ele>
      </trkpt>
      <trkpt lat="6.86829" lon="125.38272">
        <ele>368.91</ele>
      </trkpt>
      <trkpt lat="6.86831" lon="125.38268">
        <ele>368.77</ele>
      </trkpt>
      <trkpt lat="6.86832" lon="125.38263">
        <ele>369.24</ele>
      </trkpt>
      <trkpt lat="6.86831" lon="125.3826">
        <ele>370.21</ele>
      </trkpt>
      <trkpt lat="6.86832" lon="125.38258">
        <ele>370.14</ele>
      </trkpt>
      <trkpt lat="6.86832" lon="125.38254">
        <ele>370.86</ele>
      </trkpt>
      <trkpt lat="6.86833" lon="125.38245">
        <ele>371.33</ele>
      </trkpt>
      <trkpt lat="6.86834" lon="125.38242">
        <ele>371.07</ele>
      </trkpt>
      <trkpt lat="6.86834" lon="125.3823">
        <ele>371.49</ele>
      </trkpt>
      <trkpt lat="6.86835" lon="125.38227">
        <ele>371.24</ele>
      </trkpt>
      <trkpt lat="6.86834" lon="125.38224">
        <ele>371.7</ele>
      </trkpt>
      <trkpt lat="6.86834" lon="125.38216">
        <ele>371.98</ele>
      </trkpt>
      <trkpt lat="6.86833" lon="125.38211">
        <ele>372.56</ele>
      </trkpt>
      <trkpt lat="6.86833" lon="125.38205">
        <ele>372.78</ele>
      </trkpt>
      <trkpt lat="6.86833" lon="125.38201">
        <ele>372.93</ele>
      </trkpt>
      <trkpt lat="6.86833" lon="125.382">
        <ele>372.97</ele>
      </trkpt>
      <trkpt lat="6.86833" lon="125.38198">
        <ele>373.04</ele>
      </trkpt>
      <trkpt lat="6.86834" lon="125.38195">
        <ele>372.72</ele>
      </trkpt>
      <trkpt lat="6.86834" lon="125.38193">
        <ele>372.79</ele>
      </trkpt>
      <trkpt lat="6.86833" lon="125.38191">
        <ele>373.29</ele>
      </trkpt>
      <trkpt lat="6.86833" lon="125.38181">
        <ele>373.66</ele>
      </trkpt>
      <trkpt lat="6.86835" lon="125.38177">
        <ele>372.97</ele>
      </trkpt>
      <trkpt lat="6.86835" lon="125.38173">
        <ele>373.11</ele>
      </trkpt>
      <trkpt lat="6.86838" lon="125.38169">
        <ele>372.07</ele>
      </trkpt>
      <trkpt lat="6.86842" lon="125.38161">
        <ele>370.98</ele>
      </trkpt>
      <trkpt lat="6.86843" lon="125.38153">
        <ele>371.16</ele>
      </trkpt>
      <trkpt lat="6.86846" lon="125.38149">
        <ele>370.26</ele>
      </trkpt>
      <trkpt lat="6.86847" lon="125.38145">
        <ele>370.15</ele>
      </trkpt>
      <trkpt lat="6.86847" lon="125.38132">
        <ele>371.08</ele>
      </trkpt>
      <trkpt lat="6.86848" lon="125.38127">
        <ele>371.07</ele>
      </trkpt>
      <trkpt lat="6.8685" lon="125.38119">
        <ele>370.98</ele>
      </trkpt>
      <trkpt lat="6.86851" lon="125.38114">
        <ele>371.04</ele>
      </trkpt>
      <trkpt lat="6.86851" lon="125.38109">
        <ele>371.43</ele>
      </trkpt>
      <trkpt lat="6.86851" lon="125.38104">
        <ele>371.79</ele>
      </trkpt>
      <trkpt lat="6.86851" lon="125.38099">
        <ele>372.15</ele>
      </trkpt>
      <trkpt lat="6.8685" lon="125.38096">
        <ele>372.69</ele>
      </trkpt>
      <trkpt lat="6.86848" lon="125.38092">
        <ele>373.62</ele>
      </trkpt>
      <trkpt lat="6.8684" lon="125.38083">
        <ele>376.89</ele>
      </trkpt>
      <trkpt lat="6.86837" lon="125.38077">
        <ele>378.69</ele>
      </trkpt>
      <trkpt lat="6.86834" lon="125.38072">
        <ele>380.41</ele>
      </trkpt>
      <trkpt lat="6.86834" lon="125.3807">
        <ele>380.69</ele>
      </trkpt>
      <trkpt lat="6.86835" lon="125.38063">
        <ele>381.34</ele>
      </trkpt>
      <trkpt lat="6.86838" lon="125.38059">
        <ele>380.84</ele>
      </trkpt>
      <trkpt lat="6.86843" lon="125.38054">
        <ele>379.69</ele>
      </trkpt>
      <trkpt lat="6.86848" lon="125.38047">
        <ele>378.64</ele>
      </trkpt>
      <trkpt lat="6.8685" lon="125.38043">
        <ele>378.36</ele>
      </trkpt>
      <trkpt lat="6.86851" lon="125.38039">
        <ele>378.43</ele>
      </trkpt>
      <trkpt lat="6.86852" lon="125.38036">
        <ele>378.39</ele>
      </trkpt>
      <trkpt lat="6.86854" lon="125.38032">
        <ele>378.1</ele>
      </trkpt>
      <trkpt lat="6.86856" lon="125.38029">
        <ele>377.71</ele>
      </trkpt>
      <trkpt lat="6.86859" lon="125.38024">
        <ele>377.18</ele>
      </trkpt>
      <trkpt lat="6.86868" lon="125.38019">
        <ele>374.39</ele>
      </trkpt>
      <trkpt lat="6.86876" lon="125.38016">
        <ele>371.68</ele>
      </trkpt>
      <trkpt lat="6.86878" lon="125.38014">
        <ele>371.11</ele>
      </trkpt>
      <trkpt lat="6.86883" lon="125.38005">
        <ele>369.93</ele>
      </trkpt>
      <trkpt lat="6.86889" lon="125.37997">
        <ele>368.82</ele>
      </trkpt>
      <trkpt lat="6.86892" lon="125.37988">
        <ele>370.27</ele>
      </trkpt>
      <trkpt lat="6.86895" lon="125.37983">
        <ele>370.61</ele>
      </trkpt>
      <trkpt lat="6.86899" lon="125.37978">
        <ele>370.62</ele>
      </trkpt>
      <trkpt lat="6.86905" lon="125.37973">
        <ele>369.96</ele>
      </trkpt>
      <trkpt lat="6.86908" lon="125.37969">
        <ele>370.16</ele>
      </trkpt>
      <trkpt lat="6.8691" lon="125.37967">
        <ele>370.09</ele>
      </trkpt>
      <trkpt lat="6.8691" lon="125.37967">
        <ele>370.09</ele>
      </trkpt>
      <trkpt lat="6.86918" lon="125.3796">
        <ele>370.07</ele>
      </trkpt>
      <trkpt lat="6.8692" lon="125.37956">
        <ele>371.46</ele>
      </trkpt>
      <trkpt lat="6.86921" lon="125.37953">
        <ele>372.42</ele>
      </trkpt>
      <trkpt lat="6.86924" lon="125.37951">
        <ele>373.13</ele>
      </trkpt>
      <trkpt lat="6.86927" lon="125.37946">
        <ele>374.58</ele>
      </trkpt>
      <trkpt lat="6.86931" lon="125.37941">
        <ele>375.86</ele>
      </trkpt>
      <trkpt lat="6.86932" lon="125.37936">
        <ele>377.06</ele>
      </trkpt>
      <trkpt lat="6.86935" lon="125.3793">
        <ele>378.31</ele>
      </trkpt>
      <trkpt lat="6.86936" lon="125.37927">
        <ele>378.9</ele>
      </trkpt>
      <trkpt lat="6.86944" lon="125.37916">
        <ele>380.23</ele>
      </trkpt>
      <trkpt lat="6.8695" lon="125.3791">
        <ele>380.89</ele>
      </trkpt>
      <trkpt lat="6.86953" lon="125.37907">
        <ele>381.08</ele>
      </trkpt>
      <trkpt lat="6.86958" lon="125.379">
        <ele>381.56</ele>
      </trkpt>
      <trkpt lat="6.86962" lon="125.37896">
        <ele>381.43</ele>
      </trkpt>
      <trkpt lat="6.86963" lon="125.37895">
        <ele>381.37</ele>
      </trkpt>
      <trkpt lat="6.86967" lon="125.37888">
        <ele>381.46</ele>
      </trkpt>
      <trkpt lat="6.86974" lon="125.37881">
        <ele>380.63</ele>
      </trkpt>
      <trkpt lat="6.86975" lon="125.3788">
        <ele>380.48</ele>
      </trkpt>
      <trkpt lat="6.86981" lon="125.37878">
        <ele>378.98</ele>
      </trkpt>
      <trkpt lat="6.86983" lon="125.37878">
        <ele>378.4</ele>
      </trkpt>
      <trkpt lat="6.86987" lon="125.37881">
        <ele>376.96</ele>
      </trkpt>
      <trkpt lat="6.86988" lon="125.37881">
        <ele>376.68</ele>
      </trkpt>
      <trkpt lat="6.86992" lon="125.37878">
        <ele>375.75</ele>
      </trkpt>
      <trkpt lat="6.86993" lon="125.37876">
        <ele>375.58</ele>
      </trkpt>
      <trkpt lat="6.86994" lon="125.37873">
        <ele>375.45</ele>
      </trkpt>
      <trkpt lat="6.86994" lon="125.37872">
        <ele>375.51</ele>
      </trkpt>
      <trkpt lat="6.86994" lon="125.37865">
        <ele>375.93</ele>
      </trkpt>
      <trkpt lat="6.86995" lon="125.3786">
        <ele>375.82</ele>
      </trkpt>
      <trkpt lat="6.86995" lon="125.37854">
        <ele>375.94</ele>
      </trkpt>
      <trkpt lat="6.86995" lon="125.37849">
        <ele>376.04</ele>
      </trkpt>
      <trkpt lat="6.86996" lon="125.37845">
        <ele>375.69</ele>
      </trkpt>
      <trkpt lat="6.86996" lon="125.37842">
        <ele>375.74</ele>
      </trkpt>
      <trkpt lat="6.86995" lon="125.37837">
        <ele>376.27</ele>
      </trkpt>
      <trkpt lat="6.86989" lon="125.3783">
        <ele>379.99</ele>
      </trkpt>
      <trkpt lat="6.86988" lon="125.37829">
        <ele>380.71</ele>
      </trkpt>
      <trkpt lat="6.86986" lon="125.37825">
        <ele>382.65</ele>
      </trkpt>
      <trkpt lat="6.86984" lon="125.37819">
        <ele>385.1</ele>
      </trkpt>
      <trkpt lat="6.86984" lon="125.37817">
        <ele>385.6</ele>
      </trkpt>
      <trkpt lat="6.86984" lon="125.37815">
        <ele>386.11</ele>
      </trkpt>
      <trkpt lat="6.86986" lon="125.37809">
        <ele>386.68</ele>
      </trkpt>
      <trkpt lat="6.86988" lon="125.37806">
        <ele>386.5</ele>
      </trkpt>
      <trkpt lat="6.86989" lon="125.37805">
        <ele>386.3</ele>
      </trkpt>
      <trkpt lat="6.86992" lon="125.37803">
        <ele>385.45</ele>
      </trkpt>
      <trkpt lat="6.86996" lon="125.37801">
        <ele>384.16</ele>
      </trkpt>
      <trkpt lat="6.8702" lon="125.37789">
        <ele>388.95</ele>
      </trkpt>
      <trkpt lat="6.87027" lon="125.37784">
        <ele>390.46</ele>
      </trkpt>
      <trkpt lat="6.87031" lon="125.3778">
        <ele>391.23</ele>
      </trkpt>
      <trkpt lat="6.87035" lon="125.37774">
        <ele>392.05</ele>
      </trkpt>
      <trkpt lat="6.87038" lon="125.3777">
        <ele>392.53</ele>
      </trkpt>
      <trkpt lat="6.87041" lon="125.37768">
        <ele>392.81</ele>
      </trkpt>
      <trkpt lat="6.87042" lon="125.37766">
        <ele>392.94</ele>
      </trkpt>
      <trkpt lat="6.87043" lon="125.37764">
        <ele>393.04</ele>
      </trkpt>
      <trkpt lat="6.87044" lon="125.37762">
        <ele>393.13</ele>
      </trkpt>
      <trkpt lat="6.87048" lon="125.37756">
        <ele>393.25</ele>
      </trkpt>
      <trkpt lat="6.87054" lon="125.37748">
        <ele>393.22</ele>
      </trkpt>
      <trkpt lat="6.87064" lon="125.37741">
        <ele>392.74</ele>
      </trkpt>
      <trkpt lat="6.87068" lon="125.37739">
        <ele>392.36</ele>
      </trkpt>
      <trkpt lat="6.87071" lon="125.37739">
        <ele>392.02</ele>
      </trkpt>
      <trkpt lat="6.87076" lon="125.37738">
        <ele>391.44</ele>
      </trkpt>
      <trkpt lat="6.87082" lon="125.37737">
        <ele>390.7</ele>
      </trkpt>
      <trkpt lat="6.87085" lon="125.37738">
        <ele>390.92</ele>
      </trkpt>
      <trkpt lat="6.87095" lon="125.3774">
        <ele>393.04</ele>
      </trkpt>
      <trkpt lat="6.87099" lon="125.37741">
        <ele>393.86</ele>
      </trkpt>
      <trkpt lat="6.87103" lon="125.37744">
        <ele>394.63</ele>
      </trkpt>
      <trkpt lat="6.87107" lon="125.37745">
        <ele>395.39</ele>
      </trkpt>
      <trkpt lat="6.8711" lon="125.37746">
        <ele>395.93</ele>
      </trkpt>
      <trkpt lat="6.87111" lon="125.37747">
        <ele>396.09</ele>
      </trkpt>
      <trkpt lat="6.87114" lon="125.37748">
        <ele>396.61</ele>
      </trkpt>
      <trkpt lat="6.87117" lon="125.3775">
        <ele>397.06</ele>
      </trkpt>
      <trkpt lat="6.8712" lon="125.37752">
        <ele>398.22</ele>
      </trkpt>
      <trkpt lat="6.87123" lon="125.37754">
        <ele>399.42</ele>
      </trkpt>
      <trkpt lat="6.87129" lon="125.37761">
        <ele>402.9</ele>
      </trkpt>
      <trkpt lat="6.87144" lon="125.37773">
        <ele>410.5</ele>
      </trkpt>
      <trkpt lat="6.87147" lon="125.37774">
        <ele>411.6</ele>
      </trkpt>
      <trkpt lat="6.87152" lon="125.37777">
        <ele>414.0</ele>
      </trkpt>
      <trkpt lat="6.87161" lon="125.37784">
        <ele>419.17</ele>
      </trkpt>
      <trkpt lat="6.87164" lon="125.37787">
        <ele>421.25</ele>
      </trkpt>
      <trkpt lat="6.87168" lon="125.37789">
        <ele>422.87</ele>
      </trkpt>
      <trkpt lat="6.87175" lon="125.37794">
        <ele>424.91</ele>
      </trkpt>
      <trkpt lat="6.87182" lon="125.378">
        <ele>426.94</ele>
      </trkpt>
      <trkpt lat="6.87182" lon="125.37801">
        <ele>427.29</ele>
      </trkpt>
      <trkpt lat="6.87184" lon="125.37802">
        <ele>427.54</ele>
      </trkpt>
      <trkpt lat="6.87186" lon="125.37803">
        <ele>427.76</ele>
      </trkpt>
      <trkpt lat="6.87187" lon="125.37804">
        <ele>428.03</ele>
      </trkpt>
      <trkpt lat="6.8719" lon="125.37805">
        <ele>428.15</ele>
      </trkpt>
      <trkpt lat="6.87193" lon="125.37806">
        <ele>428.22</ele>
      </trkpt>
      <trkpt lat="6.87196" lon="125.37806">
        <ele>427.94</ele>
      </trkpt>
      <trkpt lat="6.87204" lon="125.37809">
        <ele>427.71</ele>
      </trkpt>
      <trkpt lat="6.87206" lon="125.3781">
        <ele>427.67</ele>
      </trkpt>
      <trkpt lat="6.87209" lon="125.37811">
        <ele>427.49</ele>
      </trkpt>
      <trkpt lat="6.87218" lon="125.37815">
        <ele>426.97</ele>
      </trkpt>
      <trkpt lat="6.87227" lon="125.37817">
        <ele>425.95</ele>
      </trkpt>
      <trkpt lat="6.8723" lon="125.37819">
        <ele>425.7</ele>
      </trkpt>
      <trkpt lat="6.87233" lon="125.37822">
        <ele>425.44</ele>
      </trkpt>
      <trkpt lat="6.87237" lon="125.37824">
        <ele>424.83</ele>
      </trkpt>
      <trkpt lat="6.87244" lon="125.37829">
        <ele>423.5</ele>
      </trkpt>
      <trkpt lat="6.8725" lon="125.37832">
        <ele>422.05</ele>
      </trkpt>
      <trkpt lat="6.87254" lon="125.37837">
        <ele>424.04</ele>
      </trkpt>
      <trkpt lat="6.87257" lon="125.37838">
        <ele>424.64</ele>
      </trkpt>
      <trkpt lat="6.87261" lon="125.3784">
        <ele>425.68</ele>
      </trkpt>
      <trkpt lat="6.87263" lon="125.37841">
        <ele>426.15</ele>
      </trkpt>
      <trkpt lat="6.87267" lon="125.37843">
        <ele>427.03</ele>
      </trkpt>
      <trkpt lat="6.87267" lon="125.37843">
        <ele>427.03</ele>
      </trkpt>
      <trkpt lat="6.87272" lon="125.37847">
        <ele>428.52</ele>
      </trkpt>
      <trkpt lat="6.87279" lon="125.37854">
        <ele>430.64</ele>
      </trkpt>
      <trkpt lat="6.87283" lon="125.37859">
        <ele>431.98</ele>
      </trkpt>
      <trkpt lat="6.87286" lon="125.37861">
        <ele>432.38</ele>
      </trkpt>
      <trkpt lat="6.87288" lon="125.37864">
        <ele>433.11</ele>
      </trkpt>
      <trkpt lat="6.87292" lon="125.37865">
        <ele>433.02</ele>
      </trkpt>
      <trkpt lat="6.87294" lon="125.37867">
        <ele>433.33</ele>
      </trkpt>
      <trkpt lat="6.87295" lon="125.37869">
        <ele>433.72</ele>
      </trkpt>
      <trkpt lat="6.87296" lon="125.37871">
        <ele>434.08</ele>
      </trkpt>
      <trkpt lat="6.87301" lon="125.37876">
        <ele>434.45</ele>
      </trkpt>
      <trkpt lat="6.87302" lon="125.37879">
        <ele>434.89</ele>
      </trkpt>
      <trkpt lat="6.87304" lon="125.37882">
        <ele>435.08</ele>
      </trkpt>
      <trkpt lat="6.87305" lon="125.37883">
        <ele>435.06</ele>
      </trkpt>
      <trkpt lat="6.87308" lon="125.37886">
        <ele>434.9</ele>
      </trkpt>
      <trkpt lat="6.8731" lon="125.37887">
        <ele>434.58</ele>
      </trkpt>
      <trkpt lat="6.87311" lon="125.37888">
        <ele>434.49</ele>
      </trkpt>
      <trkpt lat="6.87312" lon="125.3789">
        <ele>434.54</ele>
      </trkpt>
      <trkpt lat="6.87317" lon="125.37892">
        <ele>433.49</ele>
      </trkpt>
      <trkpt lat="6.87318" lon="125.37892">
        <ele>433.22</ele>
      </trkpt>
      <trkpt lat="6.8732" lon="125.3789">
        <ele>432.48</ele>
      </trkpt>
      <trkpt lat="6.87324" lon="125.37895">
        <ele>431.87</ele>
      </trkpt>
      <trkpt lat="6.87327" lon="125.37899">
        <ele>431.29</ele>
      </trkpt>
      <trkpt lat="6.87329" lon="125.37903">
        <ele>430.92</ele>
      </trkpt>
      <trkpt lat="6.87331" lon="125.37904">
        <ele>430.31</ele>
      </trkpt>
      <trkpt lat="6.87333" lon="125.37907">
        <ele>429.77</ele>
      </trkpt>
      <trkpt lat="6.87333" lon="125.37908">
        <ele>429.81</ele>
      </trkpt>
      <trkpt lat="6.87334" lon="125.3791">
        <ele>429.99</ele>
      </trkpt>
      <trkpt lat="6.87341" lon="125.37914">
        <ele>432.44</ele>
      </trkpt>
      <trkpt lat="6.87342" lon="125.37914">
        <ele>432.77</ele>
      </trkpt>
      <trkpt lat="6.87345" lon="125.37911">
        <ele>433.75</ele>
      </trkpt>
      <trkpt lat="6.87347" lon="125.37908">
        <ele>434.42</ele>
      </trkpt>
      <trkpt lat="6.87348" lon="125.37897">
        <ele>434.79</ele>
      </trkpt>
      <trkpt lat="6.87346" lon="125.37892">
        <ele>434.03</ele>
      </trkpt>
      <trkpt lat="6.87347" lon="125.37888">
        <ele>434.41</ele>
      </trkpt>
      <trkpt lat="6.87345" lon="125.37886">
        <ele>433.6</ele>
      </trkpt>
      <trkpt lat="6.87347" lon="125.37878">
        <ele>434.41</ele>
      </trkpt>
      <trkpt lat="6.8735" lon="125.37873">
        <ele>435.71</ele>
      </trkpt>
      <trkpt lat="6.87351" lon="125.37871">
        <ele>436.17</ele>
      </trkpt>
      <trkpt lat="6.87356" lon="125.3787">
        <ele>438.41</ele>
      </trkpt>
      <trkpt lat="6.87361" lon="125.37868">
        <ele>440.7</ele>
      </trkpt>
      <trkpt lat="6.87362" lon="125.37868">
        <ele>441.15</ele>
      </trkpt>
      <trkpt lat="6.87364" lon="125.37867">
        <ele>442.1</ele>
      </trkpt>
      <trkpt lat="6.87366" lon="125.37869">
        <ele>442.9</ele>
      </trkpt>
      <trkpt lat="6.87367" lon="125.37871">
        <ele>443.25</ele>
      </trkpt>
      <trkpt lat="6.87371" lon="125.37871">
        <ele>445.02</ele>
      </trkpt>
      <trkpt lat="6.87372" lon="125.3787">
        <ele>445.53</ele>
      </trkpt>
      <trkpt lat="6.87373" lon="125.37868">
        <ele>446.1</ele>
      </trkpt>
      <trkpt lat="6.87376" lon="125.37867">
        <ele>447.53</ele>
      </trkpt>
      <trkpt lat="6.87381" lon="125.37866">
        <ele>449.88</ele>
      </trkpt>
      <trkpt lat="6.87388" lon="125.37867">
        <ele>452.96</ele>
      </trkpt>
      <trkpt lat="6.87391" lon="125.37867">
        <ele>454.3</ele>
      </trkpt>
      <trkpt lat="6.87393" lon="125.37867">
        <ele>455.19</ele>
      </trkpt>
      <trkpt lat="6.87396" lon="125.37867">
        <ele>456.53</ele>
      </trkpt>
      <trkpt lat="6.874" lon="125.37865">
        <ele>458.61</ele>
      </trkpt>
      <trkpt lat="6.87404" lon="125.37864">
        <ele>460.59</ele>
      </trkpt>
      <trkpt lat="6.87409" lon="125.37864">
        <ele>462.87</ele>
      </trkpt>
      <trkpt lat="6.87417" lon="125.37866">
        <ele>466.1</ele>
      </trkpt>
      <trkpt lat="6.8742" lon="125.37864">
        <ele>467.94</ele>
      </trkpt>
      <trkpt lat="6.87439" lon="125.37864">
        <ele>476.83</ele>
      </trkpt>
      <trkpt lat="6.87446" lon="125.3786">
        <ele>481.02</ele>
      </trkpt>
      <trkpt lat="6.87448" lon="125.37857">
        <ele>482.68</ele>
      </trkpt>
      <trkpt lat="6.87449" lon="125.37856">
        <ele>483.4</ele>
      </trkpt>
      <trkpt lat="6.8745" lon="125.37854">
        <ele>484.34</ele>
      </trkpt>
      <trkpt lat="6.8745" lon="125.37851">
        <ele>484.98</ele>
      </trkpt>
      <trkpt lat="6.87451" lon="125.3785">
        <ele>485.7</ele>
      </trkpt>
      <trkpt lat="6.87454" lon="125.37847">
        <ele>487.86</ele>
      </trkpt>
      <trkpt lat="6.87456" lon="125.37846">
        <ele>489.09</ele>
      </trkpt>
      <trkpt lat="6.87459" lon="125.37836">
        <ele>492.76</ele>
      </trkpt>
      <trkpt lat="6.87459" lon="125.37835">
        <ele>492.98</ele>
      </trkpt>
      <trkpt lat="6.87462" lon="125.37833">
        <ele>495.03</ele>
      </trkpt>
      <trkpt lat="6.87462" lon="125.3783">
        <ele>496.7</ele>
      </trkpt>
      <trkpt lat="6.87464" lon="125.37827">
        <ele>499.32</ele>
      </trkpt>
      <trkpt lat="6.87464" lon="125.37823">
        <ele>501.5</ele>
      </trkpt>
      <trkpt lat="6.87464" lon="125.37819">
        <ele>503.69</ele>
      </trkpt>
      <trkpt lat="6.87466" lon="125.37813">
        <ele>507.77</ele>
      </trkpt>
      <trkpt lat="6.87465" lon="125.37811">
        <ele>508.45</ele>
      </trkpt>
      <trkpt lat="6.87466" lon="125.3781">
        <ele>509.38</ele>
      </trkpt>
      <trkpt lat="6.87468" lon="125.37806">
        <ele>512.25</ele>
      </trkpt>
      <trkpt lat="6.87472" lon="125.37804">
        <ele>514.71</ele>
      </trkpt>
      <trkpt lat="6.87476" lon="125.37799">
        <ele>518.5</ele>
      </trkpt>
      <trkpt lat="6.87476" lon="125.37797">
        <ele>519.46</ele>
      </trkpt>
      <trkpt lat="6.87475" lon="125.37796">
        <ele>519.64</ele>
      </trkpt>
      <trkpt lat="6.87472" lon="125.3779">
        <ele>521.78</ele>
      </trkpt>
      <trkpt lat="6.87467" lon="125.37786">
        <ele>522.51</ele>
      </trkpt>
      <trkpt lat="6.87463" lon="125.37785">
        <ele>522.02</ele>
      </trkpt>
      <trkpt lat="6.87458" lon="125.37782">
        <ele>522.49</ele>
      </trkpt>
      <trkpt lat="6.87453" lon="125.37781">
        <ele>521.9</ele>
      </trkpt>
      <trkpt lat="6.87451" lon="125.37779">
        <ele>522.67</ele>
      </trkpt>
      <trkpt lat="6.8745" lon="125.37779">
        <ele>522.44</ele>
      </trkpt>
      <trkpt lat="6.87444" lon="125.37777">
        <ele>522.43</ele>
      </trkpt>
      <trkpt lat="6.87442" lon="125.37776">
        <ele>522.73</ele>
      </trkpt>
      <trkpt lat="6.8744" lon="125.37775">
        <ele>523.06</ele>
      </trkpt>
      <trkpt lat="6.87436" lon="125.37771">
        <ele>525.17</ele>
      </trkpt>
      <trkpt lat="6.87431" lon="125.37768">
        <ele>526.6</ele>
      </trkpt>
      <trkpt lat="6.87426" lon="125.37765">
        <ele>528.18</ele>
      </trkpt>
      <trkpt lat="6.87423" lon="125.37762">
        <ele>530.12</ele>
      </trkpt>
      <trkpt lat="6.87421" lon="125.37762">
        <ele>529.92</ele>
      </trkpt>
      <trkpt lat="6.87417" lon="125.3776">
        <ele>531.11</ele>
      </trkpt>
      <trkpt lat="6.87413" lon="125.37758">
        <ele>530.55</ele>
      </trkpt>
      <trkpt lat="6.87402" lon="125.37753">
        <ele>528.18</ele>
      </trkpt>
      <trkpt lat="6.87398" lon="125.37753">
        <ele>525.87</ele>
      </trkpt>
      <trkpt lat="6.87394" lon="125.37751">
        <ele>525.15</ele>
      </trkpt>
      <trkpt lat="6.8739" lon="125.37751">
        <ele>522.85</ele>
      </trkpt>
      <trkpt lat="6.87383" lon="125.37748">
        <ele>519.91</ele>
      </trkpt>
      <trkpt lat="6.87379" lon="125.37748">
        <ele>517.62</ele>
      </trkpt>
      <trkpt lat="6.87379" lon="125.37747">
        <ele>517.77</ele>
      </trkpt>
      <trkpt lat="6.87371" lon="125.37744">
        <ele>513.7</ele>
      </trkpt>
      <trkpt lat="6.87358" lon="125.37733">
        <ele>508.41</ele>
      </trkpt>
      <trkpt lat="6.87349" lon="125.37721">
        <ele>506.18</ele>
      </trkpt>
      <trkpt lat="6.87346" lon="125.37708">
        <ele>507.73</ele>
      </trkpt>
      <trkpt lat="6.87347" lon="125.377">
        <ele>510.09</ele>
      </trkpt>
      <trkpt lat="6.87357" lon="125.37692">
        <ele>516.54</ele>
      </trkpt>
      <trkpt lat="6.87367" lon="125.37688">
        <ele>521.87</ele>
      </trkpt>
      <trkpt lat="6.87373" lon="125.37687">
        <ele>524.79</ele>
      </trkpt>
      <trkpt lat="6.87381" lon="125.37685">
        <ele>528.76</ele>
      </trkpt>
      <trkpt lat="6.87383" lon="125.37685">
        <ele>529.68</ele>
      </trkpt>
      <trkpt lat="6.87386" lon="125.37684">
        <ele>531.19</ele>
      </trkpt>
      <trkpt lat="6.87388" lon="125.37683">
        <ele>532.25</ele>
      </trkpt>
      <trkpt lat="6.8739" lon="125.37683">
        <ele>533.14</ele>
      </trkpt>
      <trkpt lat="6.87394" lon="125.37681">
        <ele>535.15</ele>
      </trkpt>
      <trkpt lat="6.87397" lon="125.3768">
        <ele>536.57</ele>
      </trkpt>
      <trkpt lat="6.874" lon="125.37678">
        <ele>538.09</ele>
      </trkpt>
      <trkpt lat="6.87404" lon="125.37676">
        <ele>540.01</ele>
      </trkpt>
      <trkpt lat="6.87408" lon="125.37669">
        <ele>542.35</ele>
      </trkpt>
      <trkpt lat="6.87411" lon="125.37662">
        <ele>542.92</ele>
      </trkpt>
      <trkpt lat="6.87411" lon="125.37657">
        <ele>542.02</ele>
      </trkpt>
      <trkpt lat="6.87413" lon="125.3765">
        <ele>541.55</ele>
      </trkpt>
      <trkpt lat="6.87416" lon="125.37643">
        <ele>541.48</ele>
      </trkpt>
      <trkpt lat="6.87418" lon="125.37636">
        <ele>540.91</ele>
      </trkpt>
      <trkpt lat="6.87418" lon="125.37631">
        <ele>539.85</ele>
      </trkpt>
      <trkpt lat="6.87419" lon="125.37623">
        <ele>538.59</ele>
      </trkpt>
      <trkpt lat="6.87421" lon="125.37618">
        <ele>538.44</ele>
      </trkpt>
      <trkpt lat="6.87423" lon="125.37615">
        <ele>538.74</ele>
      </trkpt>
      <trkpt lat="6.87425" lon="125.37612">
        <ele>539.07</ele>
      </trkpt>
      <trkpt lat="6.87427" lon="125.3761">
        <ele>539.64</ele>
      </trkpt>
      <trkpt lat="6.8743" lon="125.37607">
        <ele>540.5</ele>
      </trkpt>
      <trkpt lat="6.87431" lon="125.37606">
        <ele>540.79</ele>
      </trkpt>
      <trkpt lat="6.87437" lon="125.37601">
        <ele>542.7</ele>
      </trkpt>
      <trkpt lat="6.87445" lon="125.37598">
        <ele>545.89</ele>
      </trkpt>
      <trkpt lat="6.8745" lon="125.37597">
        <ele>547.96</ele>
      </trkpt>
      <trkpt lat="6.87453" lon="125.37596">
        <ele>549.14</ele>
      </trkpt>
      <trkpt lat="6.87456" lon="125.37594">
        <ele>550.17</ele>
      </trkpt>
      <trkpt lat="6.87462" lon="125.37585">
        <ele>551.48</ele>
      </trkpt>
      <trkpt lat="6.87463" lon="125.37584">
        <ele>551.79</ele>
      </trkpt>
      <trkpt lat="6.87466" lon="125.37579">
        <ele>553.99</ele>
      </trkpt>
      <trkpt lat="6.87469" lon="125.37568">
        <ele>557.74</ele>
      </trkpt>
      <trkpt lat="6.87469" lon="125.37562">
        <ele>559.01</ele>
      </trkpt>
      <trkpt lat="6.87467" lon="125.37558">
        <ele>558.86</ele>
      </trkpt>
      <trkpt lat="6.87466" lon="125.37556">
        <ele>558.77</ele>
      </trkpt>
      <trkpt lat="6.87464" lon="125.3755">
        <ele>559.06</ele>
      </trkpt>
      <trkpt lat="6.87461" lon="125.37545">
        <ele>558.62</ele>
      </trkpt>
      <trkpt lat="6.87459" lon="125.37542">
        <ele>558.26</ele>
      </trkpt>
      <trkpt lat="6.87457" lon="125.37537">
        <ele>558.34</ele>
      </trkpt>
      <trkpt lat="6.87454" lon="125.37532">
        <ele>557.9</ele>
      </trkpt>
      <trkpt lat="6.87451" lon="125.37528">
        <ele>557.26</ele>
      </trkpt>
      <trkpt lat="6.87449" lon="125.37524">
        <ele>557.0</ele>
      </trkpt>
      <trkpt lat="6.87446" lon="125.37518">
        <ele>556.56</ele>
      </trkpt>
      <trkpt lat="6.87444" lon="125.37509">
        <ele>557.14</ele>
      </trkpt>
      <trkpt lat="6.87441" lon="125.37503">
        <ele>556.6</ele>
      </trkpt>
      <trkpt lat="6.87433" lon="125.37494">
        <ele>555.41</ele>
      </trkpt>
      <trkpt lat="6.87429" lon="125.37486">
        <ele>556.71</ele>
      </trkpt>
      <trkpt lat="6.87427" lon="125.3748">
        <ele>558.22</ele>
      </trkpt>
      <trkpt lat="6.87426" lon="125.37476">
        <ele>559.41</ele>
      </trkpt>
      <trkpt lat="6.87425" lon="125.37473">
        <ele>560.16</ele>
      </trkpt>
      <trkpt lat="6.87425" lon="125.37471">
        <ele>561.0</ele>
      </trkpt>
      <trkpt lat="6.87424" lon="125.37468">
        <ele>561.67</ele>
      </trkpt>
      <trkpt lat="6.87423" lon="125.37465">
        <ele>562.34</ele>
      </trkpt>
      <trkpt lat="6.87423" lon="125.37463">
        <ele>563.15</ele>
      </trkpt>
      <trkpt lat="6.87422" lon="125.3746">
        <ele>563.8</ele>
      </trkpt>
      <trkpt lat="6.8742" lon="125.37455">
        <ele>564.69</ele>
      </trkpt>
      <trkpt lat="6.87415" lon="125.37448">
        <ele>564.77</ele>
      </trkpt>
      <trkpt lat="6.87414" lon="125.37446">
        <ele>565.05</ele>
      </trkpt>
      <trkpt lat="6.87409" lon="125.37442">
        <ele>564.12</ele>
      </trkpt>
      <trkpt lat="6.87405" lon="125.37436">
        <ele>564.38</ele>
      </trkpt>
      <trkpt lat="6.87405" lon="125.37433">
        <ele>565.54</ele>
      </trkpt>
      <trkpt lat="6.87403" lon="125.37428">
        <ele>566.34</ele>
      </trkpt>
      <trkpt lat="6.874" lon="125.37425">
        <ele>565.74</ele>
      </trkpt>
      <trkpt lat="6.874" lon="125.37422">
        <ele>566.84</ele>
      </trkpt>
      <trkpt lat="6.87398" lon="125.37419">
        <ele>566.74</ele>
      </trkpt>
      <trkpt lat="6.87395" lon="125.37411">
        <ele>566.65</ele>
      </trkpt>
      <trkpt lat="6.87395" lon="125.37405">
        <ele>567.6</ele>
      </trkpt>
      <trkpt lat="6.87396" lon="125.37402">
        <ele>568.73</ele>
      </trkpt>
      <trkpt lat="6.87398" lon="125.37398">
        <ele>570.7</ele>
      </trkpt>
      <trkpt lat="6.87402" lon="125.37393">
        <ele>574.24</ele>
      </trkpt>
      <trkpt lat="6.87404" lon="125.37389">
        <ele>576.32</ele>
      </trkpt>
      <trkpt lat="6.87406" lon="125.37385">
        <ele>578.4</ele>
      </trkpt>
      <trkpt lat="6.87407" lon="125.37383">
        <ele>579.45</ele>
      </trkpt>
      <trkpt lat="6.87407" lon="125.37381">
        <ele>579.81</ele>
      </trkpt>
      <trkpt lat="6.87408" lon="125.37379">
        <ele>580.85</ele>
      </trkpt>
      <trkpt lat="6.87408" lon="125.37375">
        <ele>581.57</ele>
      </trkpt>
      <trkpt lat="6.87409" lon="125.37373">
        <ele>582.62</ele>
      </trkpt>
      <trkpt lat="6.87408" lon="125.37371">
        <ele>582.29</ele>
      </trkpt>
      <trkpt lat="6.87409" lon="125.3737">
        <ele>583.16</ele>
      </trkpt>
      <trkpt lat="6.87409" lon="125.37368">
        <ele>583.52</ele>
      </trkpt>
      <trkpt lat="6.8741" lon="125.37367">
        <ele>584.38</ele>
      </trkpt>
      <trkpt lat="6.8741" lon="125.37364">
        <ele>584.92</ele>
      </trkpt>
      <trkpt lat="6.87408" lon="125.37355">
        <ele>585.32</ele>
      </trkpt>
      <trkpt lat="6.87408" lon="125.37353">
        <ele>585.73</ele>
      </trkpt>
      <trkpt lat="6.87407" lon="125.37351">
        <ele>585.45</ele>
      </trkpt>
      <trkpt lat="6.87406" lon="125.37345">
        <ele>585.96</ele>
      </trkpt>
      <trkpt lat="6.87404" lon="125.37338">
        <ele>585.95</ele>
      </trkpt>
      <trkpt lat="6.87401" lon="125.37334">
        <ele>584.59</ele>
      </trkpt>
      <trkpt lat="6.87396" lon="125.37331">
        <ele>580.93</ele>
      </trkpt>
      <trkpt lat="6.87396" lon="125.3733">
        <ele>580.85</ele>
      </trkpt>
      <trkpt lat="6.87392" lon="125.37326">
        <ele>577.68</ele>
      </trkpt>
      <trkpt lat="6.87388" lon="125.3732">
        <ele>574.41</ele>
      </trkpt>
      <trkpt lat="6.87386" lon="125.3731">
        <ele>572.4</ele>
      </trkpt>
      <trkpt lat="6.87387" lon="125.37308">
        <ele>572.93</ele>
      </trkpt>
      <trkpt lat="6.87387" lon="125.37305">
        <ele>572.76</ele>
      </trkpt>
      <trkpt lat="6.87388" lon="125.37304">
        <ele>573.37</ele>
      </trkpt>
      <trkpt lat="6.87388" lon="125.37302">
        <ele>573.3</ele>
      </trkpt>
      <trkpt lat="6.8739" lon="125.373">
        <ele>574.54</ele>
      </trkpt>
      <trkpt lat="6.87398" lon="125.37293">
        <ele>579.34</ele>
      </trkpt>
      <trkpt lat="6.87404" lon="125.37287">
        <ele>582.58</ele>
      </trkpt>
      <trkpt lat="6.87409" lon="125.37279">
        <ele>584.72</ele>
      </trkpt>
      <trkpt lat="6.87414" lon="125.37274">
        <ele>587.07</ele>
      </trkpt>
      <trkpt lat="6.87418" lon="125.37267">
        <ele>588.54</ele>
      </trkpt>
      <trkpt lat="6.87418" lon="125.3726">
        <ele>587.77</ele>
      </trkpt>
      <trkpt lat="6.87419" lon="125.37257">
        <ele>587.95</ele>
      </trkpt>
      <trkpt lat="6.8742" lon="125.37246">
        <ele>587.7</ele>
      </trkpt>
      <trkpt lat="6.8742" lon="125.37238">
        <ele>587.73</ele>
      </trkpt>
      <trkpt lat="6.8742" lon="125.3723">
        <ele>587.77</ele>
      </trkpt>
      <trkpt lat="6.8742" lon="125.37225">
        <ele>587.79</ele>
      </trkpt>
      <trkpt lat="6.8742" lon="125.37222">
        <ele>587.8</ele>
      </trkpt>
      <trkpt lat="6.8742" lon="125.37219">
        <ele>587.8</ele>
      </trkpt>
      <trkpt lat="6.87421" lon="125.37216">
        <ele>588.34</ele>
      </trkpt>
      <trkpt lat="6.87421" lon="125.37213">
        <ele>588.34</ele>
      </trkpt>
      <trkpt lat="6.87422" lon="125.3721">
        <ele>588.88</ele>
      </trkpt>
      <trkpt lat="6.87422" lon="125.37207">
        <ele>588.88</ele>
      </trkpt>
      <trkpt lat="6.87419" lon="125.372">
        <ele>587.26</ele>
      </trkpt>
      <trkpt lat="6.87419" lon="125.37195">
        <ele>587.26</ele>
      </trkpt>
      <trkpt lat="6.87418" lon="125.37191">
        <ele>586.73</ele>
      </trkpt>
      <trkpt lat="6.87418" lon="125.37189">
        <ele>586.73</ele>
      </trkpt>
      <trkpt lat="6.87416" lon="125.37184">
        <ele>585.72</ele>
      </trkpt>
      <trkpt lat="6.87416" lon="125.3718">
        <ele>585.72</ele>
      </trkpt>
      <trkpt lat="6.87415" lon="125.37176">
        <ele>585.32</ele>
      </trkpt>
      <trkpt lat="6.87416" lon="125.37171">
        <ele>585.73</ele>
      </trkpt>
      <trkpt lat="6.87416" lon="125.37158">
        <ele>587.9</ele>
      </trkpt>
      <trkpt lat="6.87418" lon="125.37155">
        <ele>589.67</ele>
      </trkpt>
      <trkpt lat="6.87419" lon="125.3715">
        <ele>591.44</ele>
      </trkpt>
      <trkpt lat="6.8742" lon="125.37149">
        <ele>592.22</ele>
      </trkpt>
      <trkpt lat="6.8742" lon="125.37147">
        <ele>592.71</ele>
      </trkpt>
      <trkpt lat="6.87422" lon="125.37143">
        <ele>594.71</ele>
      </trkpt>
      <trkpt lat="6.87422" lon="125.37141">
        <ele>595.19</ele>
      </trkpt>
      <trkpt lat="6.87423" lon="125.3714">
        <ele>595.93</ele>
      </trkpt>
      <trkpt lat="6.87423" lon="125.37138">
        <ele>596.41</ele>
      </trkpt>
      <trkpt lat="6.87424" lon="125.37136">
        <ele>597.4</ele>
      </trkpt>
      <trkpt lat="6.87425" lon="125.37129">
        <ele>599.59</ele>
      </trkpt>
      <trkpt lat="6.87425" lon="125.37118">
        <ele>602.24</ele>
      </trkpt>
      <trkpt lat="6.87424" lon="125.37115">
        <ele>602.49</ele>
      </trkpt>
      <trkpt lat="6.87421" lon="125.37111">
        <ele>602.06</ele>
      </trkpt>
      <trkpt lat="6.87419" lon="125.37108">
        <ele>601.87</ele>
      </trkpt>
      <trkpt lat="6.87419" lon="125.37105">
        <ele>602.61</ele>
      </trkpt>
      <trkpt lat="6.87418" lon="125.37105">
        <ele>602.15</ele>
      </trkpt>
      <trkpt lat="6.87416" lon="125.37102">
        <ele>601.89</ele>
      </trkpt>
      <trkpt lat="6.87415" lon="125.37099">
        <ele>602.01</ele>
      </trkpt>
      <trkpt lat="6.87415" lon="125.37097">
        <ele>602.5</ele>
      </trkpt>
      <trkpt lat="6.87414" lon="125.37092">
        <ele>603.08</ele>
      </trkpt>
      <trkpt lat="6.87408" lon="125.37088">
        <ele>600.05</ele>
      </trkpt>
      <trkpt lat="6.87405" lon="125.37086">
        <ele>598.47</ele>
      </trkpt>
      <trkpt lat="6.87403" lon="125.37085">
        <ele>597.32</ele>
      </trkpt>
      <trkpt lat="6.87403" lon="125.37084">
        <ele>597.52</ele>
      </trkpt>
      <trkpt lat="6.87399" lon="125.3708">
        <ele>595.07</ele>
      </trkpt>
      <trkpt lat="6.87396" lon="125.37077">
        <ele>593.2</ele>
      </trkpt>
      <trkpt lat="6.87394" lon="125.37075">
        <ele>591.99</ele>
      </trkpt>
      <trkpt lat="6.87394" lon="125.37072">
        <ele>592.16</ele>
      </trkpt>
      <trkpt lat="6.8739" lon="125.37066">
        <ele>589.96</ele>
      </trkpt>
      <trkpt lat="6.8739" lon="125.37063">
        <ele>590.17</ele>
      </trkpt>
      <trkpt lat="6.87389" lon="125.3706">
        <ele>589.75</ele>
      </trkpt>
      <trkpt lat="6.87388" lon="125.37057">
        <ele>589.38</ele>
      </trkpt>
      <trkpt lat="6.87388" lon="125.37055">
        <ele>589.55</ele>
      </trkpt>
      <trkpt lat="6.87388" lon="125.37051">
        <ele>589.98</ele>
      </trkpt>
      <trkpt lat="6.87388" lon="125.37047">
        <ele>590.41</ele>
      </trkpt>
      <trkpt lat="6.87389" lon="125.37044">
        <ele>591.31</ele>
      </trkpt>
      <trkpt lat="6.87392" lon="125.37038">
        <ele>593.66</ele>
      </trkpt>
      <trkpt lat="6.87399" lon="125.37031">
        <ele>598.2</ele>
      </trkpt>
      <trkpt lat="6.8741" lon="125.37024">
        <ele>604.47</ele>
      </trkpt>
      <trkpt lat="6.87414" lon="125.37021">
        <ele>606.61</ele>
      </trkpt>
      <trkpt lat="6.87416" lon="125.37018">
        <ele>607.66</ele>
      </trkpt>
      <trkpt lat="6.87418" lon="125.37017">
        <ele>608.37</ele>
      </trkpt>
      <trkpt lat="6.87421" lon="125.37015">
        <ele>609.18</ele>
      </trkpt>
      <trkpt lat="6.87427" lon="125.37011">
        <ele>610.75</ele>
      </trkpt>
      <trkpt lat="6.87428" lon="125.37012">
        <ele>611.03</ele>
      </trkpt>
      <trkpt lat="6.87432" lon="125.37009">
        <ele>612.04</ele>
      </trkpt>
      <trkpt lat="6.87435" lon="125.37008">
        <ele>612.81</ele>
      </trkpt>
      <trkpt lat="6.87438" lon="125.37008">
        <ele>613.6</ele>
      </trkpt>
      <trkpt lat="6.87439" lon="125.37008">
        <ele>613.86</ele>
      </trkpt>
      <trkpt lat="6.87442" lon="125.37007">
        <ele>614.61</ele>
      </trkpt>
      <trkpt lat="6.87447" lon="125.37006">
        <ele>615.97</ele>
      </trkpt>
      <trkpt lat="6.87451" lon="125.37005">
        <ele>617.11</ele>
      </trkpt>
      <trkpt lat="6.87457" lon="125.37004">
        <ele>618.83</ele>
      </trkpt>
      <trkpt lat="6.87461" lon="125.37004">
        <ele>620.0</ele>
      </trkpt>
      <trkpt lat="6.87466" lon="125.37003">
        <ele>621.4</ele>
      </trkpt>
      <trkpt lat="6.87474" lon="125.37003">
        <ele>623.68</ele>
      </trkpt>
      <trkpt lat="6.87479" lon="125.37002">
        <ele>624.89</ele>
      </trkpt>
      <trkpt lat="6.87493" lon="125.37002">
        <ele>628.49</ele>
      </trkpt>
      <trkpt lat="6.87496" lon="125.37002">
        <ele>629.26</ele>
      </trkpt>
      <trkpt lat="6.87504" lon="125.36999">
        <ele>629.41</ele>
      </trkpt>
      <trkpt lat="6.87515" lon="125.36997">
        <ele>627.94</ele>
      </trkpt>
      <trkpt lat="6.87524" lon="125.36993">
        <ele>625.82</ele>
      </trkpt>
      <trkpt lat="6.87527" lon="125.36993">
        <ele>625.55</ele>
      </trkpt>
      <trkpt lat="6.87534" lon="125.36991">
        <ele>624.17</ele>
      </trkpt>
      <trkpt lat="6.87537" lon="125.36992">
        <ele>624.26</ele>
      </trkpt>
      <trkpt lat="6.87541" lon="125.36992">
        <ele>623.89</ele>
      </trkpt>
      <trkpt lat="6.87542" lon="125.36992">
        <ele>623.8</ele>
      </trkpt>
      <trkpt lat="6.87545" lon="125.36993">
        <ele>623.93</ele>
      </trkpt>
      <trkpt lat="6.87549" lon="125.36997">
        <ele>625.23</ele>
      </trkpt>
      <trkpt lat="6.87551" lon="125.36998">
        <ele>625.49</ele>
      </trkpt>
      <trkpt lat="6.87555" lon="125.37002">
        <ele>626.68</ele>
      </trkpt>
      <trkpt lat="6.8756" lon="125.37006">
        <ele>627.69</ele>
      </trkpt>
      <trkpt lat="6.87566" lon="125.37011">
        <ele>629.11</ele>
      </trkpt>
      <trkpt lat="6.8757" lon="125.37014">
        <ele>630.02</ele>
      </trkpt>
      <trkpt lat="6.87572" lon="125.37015">
        <ele>630.32</ele>
      </trkpt>
      <trkpt lat="6.87575" lon="125.37017">
        <ele>630.96</ele>
      </trkpt>
      <trkpt lat="6.87579" lon="125.37021">
        <ele>632.39</ele>
      </trkpt>
      <trkpt lat="6.87581" lon="125.37027">
        <ele>634.7</ele>
      </trkpt>
      <trkpt lat="6.8758" lon="125.3703">
        <ele>635.93</ele>
      </trkpt>
      <trkpt lat="6.87583" lon="125.37035">
        <ele>638.11</ele>
      </trkpt>
      <trkpt lat="6.87584" lon="125.37043">
        <ele>641.36</ele>
      </trkpt>
      <trkpt lat="6.87586" lon="125.37048">
        <ele>642.87</ele>
      </trkpt>
      <trkpt lat="6.87587" lon="125.37056">
        <ele>645.99</ele>
      </trkpt>
      <trkpt lat="6.87586" lon="125.3706">
        <ele>647.91</ele>
      </trkpt>
      <trkpt lat="6.87586" lon="125.37062">
        <ele>648.71</ele>
      </trkpt>
      <trkpt lat="6.87584" lon="125.37065">
        <ele>650.53</ele>
      </trkpt>
      <trkpt lat="6.87581" lon="125.37069">
        <ele>651.99</ele>
      </trkpt>
      <trkpt lat="6.87576" lon="125.37074">
        <ele>653.16</ele>
      </trkpt>
      <trkpt lat="6.87574" lon="125.37077">
        <ele>653.97</ele>
      </trkpt>
      <trkpt lat="6.87569" lon="125.37084">
        <ele>655.37</ele>
      </trkpt>
      <trkpt lat="6.87567" lon="125.37087">
        <ele>654.8</ele>
      </trkpt>
      <trkpt lat="6.87567" lon="125.37089">
        <ele>654.65</ele>
      </trkpt>
      <trkpt lat="6.87567" lon="125.37095">
        <ele>654.22</ele>
      </trkpt>
      <trkpt lat="6.8757" lon="125.371">
        <ele>654.4</ele>
      </trkpt>
      <trkpt lat="6.87571" lon="125.37105">
        <ele>654.22</ele>
      </trkpt>
      <trkpt lat="6.87571" lon="125.37107">
        <ele>654.08</ele>
      </trkpt>
      <trkpt lat="6.87568" lon="125.37116">
        <ele>652.87</ele>
      </trkpt>
      <trkpt lat="6.87568" lon="125.37122">
        <ele>652.42</ele>
      </trkpt>
      <trkpt lat="6.8757" lon="125.3713">
        <ele>652.27</ele>
      </trkpt>
      <trkpt lat="6.8757" lon="125.37133">
        <ele>652.06</ele>
      </trkpt>
      <trkpt lat="6.87572" lon="125.37139">
        <ele>652.14</ele>
      </trkpt>
      <trkpt lat="6.87574" lon="125.37144">
        <ele>652.28</ele>
      </trkpt>
      <trkpt lat="6.87575" lon="125.37148">
        <ele>652.24</ele>
      </trkpt>
      <trkpt lat="6.87575" lon="125.37152">
        <ele>651.96</ele>
      </trkpt>
      <trkpt lat="6.87574" lon="125.37156">
        <ele>651.42</ele>
      </trkpt>
      <trkpt lat="6.87574" lon="125.37159">
        <ele>651.2</ele>
      </trkpt>
      <trkpt lat="6.87573" lon="125.37163">
        <ele>650.66</ele>
      </trkpt>
      <trkpt lat="6.87573" lon="125.37176">
        <ele>650.94</ele>
      </trkpt>
      <trkpt lat="6.87572" lon="125.37181">
        <ele>650.97</ele>
      </trkpt>
      <trkpt lat="6.87572" lon="125.37187">
        <ele>651.31</ele>
      </trkpt>
      <trkpt lat="6.87573" lon="125.37189">
        <ele>651.7</ele>
      </trkpt>
      <trkpt lat="6.87575" lon="125.37192">
        <ele>652.45</ele>
      </trkpt>
      <trkpt lat="6.87577" lon="125.37198">
        <ele>653.4</ele>
      </trkpt>
      <trkpt lat="6.87578" lon="125.372">
        <ele>653.83</ele>
      </trkpt>
      <trkpt lat="6.87579" lon="125.37204">
        <ele>654.39</ele>
      </trkpt>
      <trkpt lat="6.87576" lon="125.37214">
        <ele>654.11</ele>
      </trkpt>
      <trkpt lat="6.87573" lon="125.37222">
        <ele>653.64</ele>
      </trkpt>
      <trkpt lat="6.8757" lon="125.37227">
        <ele>652.94</ele>
      </trkpt>
      <trkpt lat="6.87568" lon="125.3723">
        <ele>652.44</ele>
      </trkpt>
      <trkpt lat="6.87567" lon="125.37233">
        <ele>652.26</ele>
      </trkpt>
      <trkpt lat="6.87566" lon="125.37237">
        <ele>652.12</ele>
      </trkpt>
      <trkpt lat="6.87567" lon="125.37242">
        <ele>652.71</ele>
      </trkpt>
      <trkpt lat="6.87575" lon="125.37256">
        <ele>657.08</ele>
      </trkpt>
      <trkpt lat="6.87576" lon="125.37259">
        <ele>657.98</ele>
      </trkpt>
      <trkpt lat="6.87581" lon="125.37265">
        <ele>660.86</ele>
      </trkpt>
      <trkpt lat="6.87584" lon="125.37271">
        <ele>662.65</ele>
      </trkpt>
      <trkpt lat="6.87585" lon="125.37275">
        <ele>663.19</ele>
      </trkpt>
      <trkpt lat="6.87585" lon="125.37283">
        <ele>664.47</ele>
      </trkpt>
      <trkpt lat="6.87586" lon="125.37286">
        <ele>664.76</ele>
      </trkpt>
      <trkpt lat="6.87585" lon="125.37291">
        <ele>665.66</ele>
      </trkpt>
      <trkpt lat="6.87586" lon="125.37296">
        <ele>666.27</ele>
      </trkpt>
      <trkpt lat="6.87588" lon="125.37299">
        <ele>666.47</ele>
      </trkpt>
      <trkpt lat="6.87593" lon="125.37307">
        <ele>667.25</ele>
      </trkpt>
      <trkpt lat="6.87596" lon="125.37312">
        <ele>668.0</ele>
      </trkpt>
      <trkpt lat="6.87598" lon="125.37314">
        <ele>668.26</ele>
      </trkpt>
      <trkpt lat="6.87601" lon="125.37318">
        <ele>668.9</ele>
      </trkpt>
      <trkpt lat="6.87605" lon="125.37323">
        <ele>669.78</ele>
      </trkpt>
      <trkpt lat="6.8761" lon="125.37329">
        <ele>670.96</ele>
      </trkpt>
      <trkpt lat="6.87611" lon="125.3733">
        <ele>671.16</ele>
      </trkpt>
      <trkpt lat="6.87615" lon="125.37338">
        <ele>672.15</ele>
      </trkpt>
      <trkpt lat="6.87616" lon="125.3734">
        <ele>672.3</ele>
      </trkpt>
      <trkpt lat="6.87618" lon="125.37344">
        <ele>672.65</ele>
      </trkpt>
      <trkpt lat="6.8763" lon="125.37359">
        <ele>675.0</ele>
      </trkpt>
      <trkpt lat="6.87631" lon="125.37363">
        <ele>675.78</ele>
      </trkpt>
      <trkpt lat="6.87639" lon="125.37371">
        <ele>678.15</ele>
      </trkpt>
      <trkpt lat="6.87644" lon="125.37377">
        <ele>680.12</ele>
      </trkpt>
      <trkpt lat="6.87646" lon="125.37379">
        <ele>680.87</ele>
      </trkpt>
      <trkpt lat="6.87649" lon="125.37382">
        <ele>682.06</ele>
      </trkpt>
      <trkpt lat="6.87652" lon="125.37385">
        <ele>683.32</ele>
      </trkpt>
      <trkpt lat="6.87652" lon="125.37386">
        <ele>683.59</ele>
      </trkpt>
      <trkpt lat="6.87659" lon="125.37395">
        <ele>687.42</ele>
      </trkpt>
      <trkpt lat="6.8766" lon="125.37398">
        <ele>688.52</ele>
      </trkpt>
      <trkpt lat="6.87664" lon="125.37405">
        <ele>691.57</ele>
      </trkpt>
      <trkpt lat="6.87669" lon="125.3741">
        <ele>693.42</ele>
      </trkpt>
      <trkpt lat="6.87673" lon="125.37416">
        <ele>694.64</ele>
      </trkpt>
      <trkpt lat="6.87677" lon="125.37425">
        <ele>693.87</ele>
      </trkpt>
      <trkpt lat="6.87679" lon="125.37434">
        <ele>693.36</ele>
      </trkpt>
      <trkpt lat="6.87686" lon="125.3745">
        <ele>692.56</ele>
      </trkpt>
      <trkpt lat="6.87688" lon="125.37455">
        <ele>692.49</ele>
      </trkpt>
      <trkpt lat="6.8769" lon="125.37461">
        <ele>692.53</ele>
      </trkpt>
      <trkpt lat="6.87691" lon="125.37464">
        <ele>692.6</ele>
      </trkpt>
      <trkpt lat="6.87692" lon="125.37468">
        <ele>692.73</ele>
      </trkpt>
      <trkpt lat="6.87694" lon="125.37471">
        <ele>692.93</ele>
      </trkpt>
      <trkpt lat="6.87696" lon="125.37475">
        <ele>693.23</ele>
      </trkpt>
      <trkpt lat="6.87702" lon="125.37483">
        <ele>694.25</ele>
      </trkpt>
      <trkpt lat="6.87705" lon="125.37485">
        <ele>694.74</ele>
      </trkpt>
      <trkpt lat="6.87708" lon="125.3749">
        <ele>695.55</ele>
      </trkpt>
      <trkpt lat="6.87712" lon="125.37494">
        <ele>696.53</ele>
      </trkpt>
      <trkpt lat="6.87714" lon="125.37495">
        <ele>696.96</ele>
      </trkpt>
      <trkpt lat="6.87721" lon="125.37503">
        <ele>698.23</ele>
      </trkpt>
      <trkpt lat="6.87723" lon="125.37507">
        <ele>697.9</ele>
      </trkpt>
      <trkpt lat="6.87727" lon="125.37509">
        <ele>698.41</ele>
      </trkpt>
      <trkpt lat="6.87729" lon="125.3751">
        <ele>698.68</ele>
      </trkpt>
      <trkpt lat="6.8774" lon="125.3751">
        <ele>701.09</ele>
      </trkpt>
      <trkpt lat="6.87751" lon="125.37513">
        <ele>703.1</ele>
      </trkpt>
      <trkpt lat="6.87758" lon="125.37515">
        <ele>703.23</ele>
      </trkpt>
      <trkpt lat="6.87765" lon="125.37519">
        <ele>703.37</ele>
      </trkpt>
      <trkpt lat="6.87769" lon="125.37522">
        <ele>703.5</ele>
      </trkpt>
      <trkpt lat="6.87771" lon="125.37526">
        <ele>703.54</ele>
      </trkpt>
      <trkpt lat="6.87771" lon="125.37532">
        <ele>703.52</ele>
      </trkpt>
      <trkpt lat="6.87773" lon="125.37537">
        <ele>703.76</ele>
      </trkpt>
      <trkpt lat="6.87775" lon="125.37539">
        <ele>704.04</ele>
      </trkpt>
      <trkpt lat="6.87778" lon="125.37543">
        <ele>704.58</ele>
      </trkpt>
      <trkpt lat="6.87779" lon="125.37544">
        <ele>704.77</ele>
      </trkpt>
      <trkpt lat="6.8778" lon="125.37546">
        <ele>705.0</ele>
      </trkpt>
      <trkpt lat="6.87788" lon="125.37552">
        <ele>706.62</ele>
      </trkpt>
      <trkpt lat="6.87794" lon="125.37556">
        <ele>707.96</ele>
      </trkpt>
      <trkpt lat="6.87798" lon="125.37558">
        <ele>708.9</ele>
      </trkpt>
      <trkpt lat="6.87801" lon="125.37559">
        <ele>709.59</ele>
      </trkpt>
      <trkpt lat="6.87805" lon="125.37561">
        <ele>710.67</ele>
      </trkpt>
      <trkpt lat="6.87809" lon="125.37564">
        <ele>712.04</ele>
      </trkpt>
      <trkpt lat="6.87813" lon="125.37569">
        <ele>713.8</ele>
      </trkpt>
      <trkpt lat="6.87815" lon="125.37574">
        <ele>715.15</ele>
      </trkpt>
      <trkpt lat="6.87815" lon="125.37577">
        <ele>715.65</ele>
      </trkpt>
      <trkpt lat="6.87816" lon="125.37581">
        <ele>716.61</ele>
      </trkpt>
      <trkpt lat="6.87819" lon="125.37585">
        <ele>717.63</ele>
      </trkpt>
      <trkpt lat="6.87821" lon="125.37589">
        <ele>717.65</ele>
      </trkpt>
      <trkpt lat="6.87824" lon="125.37592">
        <ele>718.17</ele>
      </trkpt>
      <trkpt lat="6.87827" lon="125.37594">
        <ele>718.85</ele>
      </trkpt>
      <trkpt lat="6.87831" lon="125.37595">
        <ele>720.0</ele>
      </trkpt>
      <trkpt lat="6.87839" lon="125.37599">
        <ele>720.74</ele>
      </trkpt>
      <trkpt lat="6.8785" lon="125.37602">
        <ele>721.39</ele>
      </trkpt>
      <trkpt lat="6.87853" lon="125.37602">
        <ele>721.64</ele>
      </trkpt>
      <trkpt lat="6.87857" lon="125.37603">
        <ele>721.93</ele>
      </trkpt>
      <trkpt lat="6.87861" lon="125.37603">
        <ele>722.28</ele>
      </trkpt>
      <trkpt lat="6.87864" lon="125.37604">
        <ele>722.49</ele>
      </trkpt>
      <trkpt lat="6.87866" lon="125.37604">
        <ele>722.65</ele>
      </trkpt>
      <trkpt lat="6.87869" lon="125.37604">
        <ele>722.89</ele>
      </trkpt>
      <trkpt lat="6.87875" lon="125.37605">
        <ele>723.39</ele>
      </trkpt>
      <trkpt lat="6.87884" lon="125.37605">
        <ele>724.15</ele>
      </trkpt>
      <trkpt lat="6.87889" lon="125.37606">
        <ele>724.65</ele>
      </trkpt>
      <trkpt lat="6.87894" lon="125.3761">
        <ele>725.63</ele>
      </trkpt>
      <trkpt lat="6.87896" lon="125.37614">
        <ele>726.29</ele>
      </trkpt>
      <trkpt lat="6.87899" lon="125.37616">
        <ele>726.94</ele>
      </trkpt>
      <trkpt lat="6.87901" lon="125.37619">
        <ele>727.56</ele>
      </trkpt>
      <trkpt lat="6.87904" lon="125.37624">
        <ele>728.61</ele>
      </trkpt>
      <trkpt lat="6.87906" lon="125.37626">
        <ele>729.2</ele>
      </trkpt>
      <trkpt lat="6.87908" lon="125.37628">
        <ele>729.8</ele>
      </trkpt>
      <trkpt lat="6.87908" lon="125.3763">
        <ele>730.05</ele>
      </trkpt>
      <trkpt lat="6.87915" lon="125.37634">
        <ele>731.96</ele>
      </trkpt>
      <trkpt lat="6.87915" lon="125.37635">
        <ele>732.1</ele>
      </trkpt>
      <trkpt lat="6.87923" lon="125.37638">
        <ele>732.86</ele>
      </trkpt>
      <trkpt lat="6.87928" lon="125.37641">
        <ele>733.44</ele>
      </trkpt>
      <trkpt lat="6.8793" lon="125.37645">
        <ele>734.31</ele>
      </trkpt>
      <trkpt lat="6.87931" lon="125.37648">
        <ele>734.98</ele>
      </trkpt>
      <trkpt lat="6.87933" lon="125.37651">
        <ele>735.69</ele>
      </trkpt>
      <trkpt lat="6.87938" lon="125.37654">
        <ele>736.56</ele>
      </trkpt>
      <trkpt lat="6.87944" lon="125.37657">
        <ele>737.54</ele>
      </trkpt>
      <trkpt lat="6.87951" lon="125.37659">
        <ele>738.3</ele>
      </trkpt>
      <trkpt lat="6.87957" lon="125.37662">
        <ele>739.28</ele>
      </trkpt>
      <trkpt lat="6.8796" lon="125.37665">
        <ele>740.14</ele>
      </trkpt>
      <trkpt lat="6.87964" lon="125.3767">
        <ele>740.84</ele>
      </trkpt>
      <trkpt lat="6.87966" lon="125.37675">
        <ele>741.17</ele>
      </trkpt>
      <trkpt lat="6.8797" lon="125.37684">
        <ele>742.02</ele>
      </trkpt>
      <trkpt lat="6.87971" lon="125.37687">
        <ele>742.32</ele>
      </trkpt>
      <trkpt lat="6.87974" lon="125.37692">
        <ele>743.07</ele>
      </trkpt>
      <trkpt lat="6.87977" lon="125.37695">
        <ele>743.74</ele>
      </trkpt>
      <trkpt lat="6.87981" lon="125.37697">
        <ele>744.54</ele>
      </trkpt>
      <trkpt lat="6.87986" lon="125.377">
        <ele>745.68</ele>
      </trkpt>
      <trkpt lat="6.87991" lon="125.37707">
        <ele>747.52</ele>
      </trkpt>
      <trkpt lat="6.87995" lon="125.37711">
        <ele>748.94</ele>
      </trkpt>
      <trkpt lat="6.87997" lon="125.37713">
        <ele>749.69</ele>
      </trkpt>
      <trkpt lat="6.87999" lon="125.37715">
        <ele>750.48</ele>
      </trkpt>
      <trkpt lat="6.88003" lon="125.37719">
        <ele>751.19</ele>
      </trkpt>
      <trkpt lat="6.8801" lon="125.37729">
        <ele>752.43</ele>
      </trkpt>
      <trkpt lat="6.88012" lon="125.37732">
        <ele>752.85</ele>
      </trkpt>
      <trkpt lat="6.88018" lon="125.3774">
        <ele>754.09</ele>
      </trkpt>
      <trkpt lat="6.88022" lon="125.37747">
        <ele>755.4</ele>
      </trkpt>
      <trkpt lat="6.88024" lon="125.37749">
        <ele>755.79</ele>
      </trkpt>
      <trkpt lat="6.88026" lon="125.37756">
        <ele>755.11</ele>
      </trkpt>
      <trkpt lat="6.88031" lon="125.37767">
        <ele>753.69</ele>
      </trkpt>
      <trkpt lat="6.8804" lon="125.37778">
        <ele>752.86</ele>
      </trkpt>
      <trkpt lat="6.88045" lon="125.37781">
        <ele>752.92</ele>
      </trkpt>
      <trkpt lat="6.8805" lon="125.37785">
        <ele>752.98</ele>
      </trkpt>
      <trkpt lat="6.88053" lon="125.37786">
        <ele>753.17</ele>
      </trkpt>
      <trkpt lat="6.8806" lon="125.37789">
        <ele>753.64</ele>
      </trkpt>
      <trkpt lat="6.88066" lon="125.37796">
        <ele>753.93</ele>
      </trkpt>
      <trkpt lat="6.88071" lon="125.37801">
        <ele>754.37</ele>
      </trkpt>
      <trkpt lat="6.88075" lon="125.37806">
        <ele>754.79</ele>
      </trkpt>
      <trkpt lat="6.88079" lon="125.37809">
        <ele>755.34</ele>
      </trkpt>
      <trkpt lat="6.88084" lon="125.37814">
        <ele>755.98</ele>
      </trkpt>
      <trkpt lat="6.88088" lon="125.37818">
        <ele>755.91</ele>
      </trkpt>
      <trkpt lat="6.88095" lon="125.37824">
        <ele>755.86</ele>
      </trkpt>
      <trkpt lat="6.88104" lon="125.37836">
        <ele>755.16</ele>
      </trkpt>
      <trkpt lat="6.8811" lon="125.37841">
        <ele>753.76</ele>
      </trkpt>
      <trkpt lat="6.88116" lon="125.37844">
        <ele>753.24</ele>
      </trkpt>
      <trkpt lat="6.88116" lon="125.37844">
        <ele>753.24</ele>
      </trkpt>
      <trkpt lat="6.88116" lon="125.37845">
        <ele>752.96</ele>
      </trkpt>
      <trkpt lat="6.88118" lon="125.37846">
        <ele>752.83</ele>
      </trkpt>
      <trkpt lat="6.88123" lon="125.37849">
        <ele>752.4</ele>
      </trkpt>
      <trkpt lat="6.88131" lon="125.37854">
        <ele>751.83</ele>
      </trkpt>
      <trkpt lat="6.88135" lon="125.37855">
        <ele>751.96</ele>
      </trkpt>
      <trkpt lat="6.88138" lon="125.37858">
        <ele>751.58</ele>
      </trkpt>
      <trkpt lat="6.8814" lon="125.37858">
        <ele>751.81</ele>
      </trkpt>
      <trkpt lat="6.88143" lon="125.3786">
        <ele>751.81</ele>
      </trkpt>
      <trkpt lat="6.88146" lon="125.37861">
        <ele>752.04</ele>
      </trkpt>
      <trkpt lat="6.88149" lon="125.37861">
        <ele>752.47</ele>
      </trkpt>
      <trkpt lat="6.88159" lon="125.37865">
        <ele>753.4</ele>
      </trkpt>
      <trkpt lat="6.88162" lon="125.37865">
        <ele>753.86</ele>
      </trkpt>
      <trkpt lat="6.88165" lon="125.37867">
        <ele>754.1</ele>
      </trkpt>
      <trkpt lat="6.88167" lon="125.37867">
        <ele>754.39</ele>
      </trkpt>
      <trkpt lat="6.88169" lon="125.37868">
        <ele>754.47</ele>
      </trkpt>
      <trkpt lat="6.88171" lon="125.37868">
        <ele>754.65</ele>
      </trkpt>
      <trkpt lat="6.88172" lon="125.37868">
        <ele>754.74</ele>
      </trkpt>
      <trkpt lat="6.88181" lon="125.37872">
        <ele>755.26</ele>
      </trkpt>
      <trkpt lat="6.88182" lon="125.37873">
        <ele>755.29</ele>
      </trkpt>
      <trkpt lat="6.88188" lon="125.37878">
        <ele>755.65</ele>
      </trkpt>
      <trkpt lat="6.88191" lon="125.37881">
        <ele>755.86</ele>
      </trkpt>
      <trkpt lat="6.88197" lon="125.37881">
        <ele>756.56</ele>
      </trkpt>
      <trkpt lat="6.88207" lon="125.37884">
        <ele>757.53</ele>
      </trkpt>
      <trkpt lat="6.88219" lon="125.37889">
        <ele>758.65</ele>
      </trkpt>
      <trkpt lat="6.88227" lon="125.37891">
        <ele>759.69</ele>
      </trkpt>
      <trkpt lat="6.88237" lon="125.37894">
        <ele>761.13</ele>
      </trkpt>
      <trkpt lat="6.88242" lon="125.37896">
        <ele>761.85</ele>
      </trkpt>
      <trkpt lat="6.88245" lon="125.37897">
        <ele>762.28</ele>
      </trkpt>
      <trkpt lat="6.88249" lon="125.37898">
        <ele>762.86</ele>
      </trkpt>
      <trkpt lat="6.88258" lon="125.37901">
        <ele>764.89</ele>
      </trkpt>
      <trkpt lat="6.88261" lon="125.37902">
        <ele>765.59</ele>
      </trkpt>
      <trkpt lat="6.88266" lon="125.37903">
        <ele>766.74</ele>
      </trkpt>
      <trkpt lat="6.88269" lon="125.37904">
        <ele>767.42</ele>
      </trkpt>
      <trkpt lat="6.8827" lon="125.37904">
        <ele>767.65</ele>
      </trkpt>
      <trkpt lat="6.88272" lon="125.37904">
        <ele>768.11</ele>
      </trkpt>
      <trkpt lat="6.88278" lon="125.37907">
        <ele>769.4</ele>
      </trkpt>
      <trkpt lat="6.88283" lon="125.37909">
        <ele>770.46</ele>
      </trkpt>
      <trkpt lat="6.88287" lon="125.37911">
        <ele>771.26</ele>
      </trkpt>
      <trkpt lat="6.88291" lon="125.37913">
        <ele>772.05</ele>
      </trkpt>
      <trkpt lat="6.88297" lon="125.37914">
        <ele>773.31</ele>
      </trkpt>
      <trkpt lat="6.88299" lon="125.37915">
        <ele>773.69</ele>
      </trkpt>
      <trkpt lat="6.88303" lon="125.37916">
        <ele>774.49</ele>
      </trkpt>
      <trkpt lat="6.88307" lon="125.37917">
        <ele>775.14</ele>
      </trkpt>
      <trkpt lat="6.88312" lon="125.37917">
        <ele>776.22</ele>
      </trkpt>
      <trkpt lat="6.88314" lon="125.37918">
        <ele>776.15</ele>
      </trkpt>
      <trkpt lat="6.88317" lon="125.37921">
        <ele>775.29</ele>
      </trkpt>
      <trkpt lat="6.88324" lon="125.37926">
        <ele>774.28</ele>
      </trkpt>
      <trkpt lat="6.88327" lon="125.37929">
        <ele>773.42</ele>
      </trkpt>
      <trkpt lat="6.88332" lon="125.37936">
        <ele>770.97</ele>
      </trkpt>
      <trkpt lat="6.88343" lon="125.37944">
        <ele>770.34</ele>
      </trkpt>
      <trkpt lat="6.88351" lon="125.37952">
        <ele>769.43</ele>
      </trkpt>
      <trkpt lat="6.88356" lon="125.37956">
        <ele>769.54</ele>
      </trkpt>
      <trkpt lat="6.88359" lon="125.37958">
        <ele>769.84</ele>
      </trkpt>
      <trkpt lat="6.88367" lon="125.37961">
        <ele>771.73</ele>
      </trkpt>
      <trkpt lat="6.8838" lon="125.37965">
        <ele>775.49</ele>
      </trkpt>
      <trkpt lat="6.88386" lon="125.37964">
        <ele>778.21</ele>
      </trkpt>
      <trkpt lat="6.88398" lon="125.37964">
        <ele>782.88</ele>
      </trkpt>
      <trkpt lat="6.88402" lon="125.37964">
        <ele>784.42</ele>
      </trkpt>
      <trkpt lat="6.88404" lon="125.37965">
        <ele>784.92</ele>
      </trkpt>
      <trkpt lat="6.88411" lon="125.37965">
        <ele>787.63</ele>
      </trkpt>
      <trkpt lat="6.88413" lon="125.37964">
        <ele>788.66</ele>
      </trkpt>
      <trkpt lat="6.88415" lon="125.37965">
        <ele>789.18</ele>
      </trkpt>
      <trkpt lat="6.88418" lon="125.37964">
        <ele>790.33</ele>
      </trkpt>
      <trkpt lat="6.88422" lon="125.37961">
        <ele>791.87</ele>
      </trkpt>
      <trkpt lat="6.88422" lon="125.37959">
        <ele>792.38</ele>
      </trkpt>
      <trkpt lat="6.88424" lon="125.37955">
        <ele>793.82</ele>
      </trkpt>
      <trkpt lat="6.8842" lon="125.37946">
        <ele>795.32</ele>
      </trkpt>
      <trkpt lat="6.88418" lon="125.3794">
        <ele>796.26</ele>
      </trkpt>
      <trkpt lat="6.88417" lon="125.37939">
        <ele>796.25</ele>
      </trkpt>
      <trkpt lat="6.88416" lon="125.37937">
        <ele>796.39</ele>
      </trkpt>
      <trkpt lat="6.88416" lon="125.37935">
        <ele>796.82</ele>
      </trkpt>
      <trkpt lat="6.88418" lon="125.37932">
        <ele>798.02</ele>
      </trkpt>
      <trkpt lat="6.88418" lon="125.37929">
        <ele>798.68</ele>
      </trkpt>
      <trkpt lat="6.8842" lon="125.37925">
        <ele>800.09</ele>
      </trkpt>
      <trkpt lat="6.88422" lon="125.37915">
        <ele>802.79</ele>
      </trkpt>
      <trkpt lat="6.88422" lon="125.3791">
        <ele>803.55</ele>
      </trkpt>
      <trkpt lat="6.88422" lon="125.379">
        <ele>805.08</ele>
      </trkpt>
      <trkpt lat="6.88421" lon="125.37892">
        <ele>806.13</ele>
      </trkpt>
      <trkpt lat="6.88427" lon="125.37885">
        <ele>807.84</ele>
      </trkpt>
      <trkpt lat="6.88431" lon="125.37883">
        <ele>808.47</ele>
      </trkpt>
      <trkpt lat="6.88436" lon="125.37884">
        <ele>809.0</ele>
      </trkpt>
      <trkpt lat="6.88441" lon="125.37888">
        <ele>809.52</ele>
      </trkpt>
      <trkpt lat="6.88447" lon="125.37888">
        <ele>810.36</ele>
      </trkpt>
      <trkpt lat="6.88451" lon="125.37886">
        <ele>810.85</ele>
      </trkpt>
      <trkpt lat="6.88452" lon="125.37886">
        <ele>810.97</ele>
      </trkpt>
      <trkpt lat="6.88459" lon="125.37882">
        <ele>811.58</ele>
      </trkpt>
      <trkpt lat="6.88464" lon="125.37882">
        <ele>812.12</ele>
      </trkpt>
      <trkpt lat="6.88468" lon="125.3788">
        <ele>812.31</ele>
      </trkpt>
      <trkpt lat="6.88473" lon="125.37878">
        <ele>812.5</ele>
      </trkpt>
      <trkpt lat="6.88473" lon="125.37878">
        <ele>812.5</ele>
      </trkpt>
      <trkpt lat="6.88481" lon="125.37879">
        <ele>813.39</ele>
      </trkpt>
      <trkpt lat="6.88487" lon="125.37883">
        <ele>814.83</ele>
      </trkpt>
      <trkpt lat="6.88487" lon="125.37883">
        <ele>814.83</ele>
      </trkpt>
      <trkpt lat="6.88491" lon="125.37891">
        <ele>817.14</ele>
      </trkpt>
      <trkpt lat="6.88493" lon="125.37892">
        <ele>817.66</ele>
      </trkpt>
      <trkpt lat="6.88498" lon="125.37895">
        <ele>819.19</ele>
      </trkpt>
      <trkpt lat="6.88504" lon="125.37901">
        <ele>821.2</ele>
      </trkpt>
      <trkpt lat="6.88507" lon="125.37904">
        <ele>822.06</ele>
      </trkpt>
      <trkpt lat="6.88508" lon="125.37905">
        <ele>822.35</ele>
      </trkpt>
      <trkpt lat="6.88511" lon="125.3791">
        <ele>823.72</ele>
      </trkpt>
      <trkpt lat="6.88514" lon="125.37913">
        <ele>824.58</ele>
      </trkpt>
      <trkpt lat="6.88518" lon="125.37916">
        <ele>825.48</ele>
      </trkpt>
      <trkpt lat="6.8852" lon="125.37918">
        <ele>825.3</ele>
      </trkpt>
      <trkpt lat="6.88521" lon="125.37921">
        <ele>824.39</ele>
      </trkpt>
      <trkpt lat="6.88522" lon="125.37923">
        <ele>823.83</ele>
      </trkpt>
      <trkpt lat="6.88523" lon="125.37925">
        <ele>823.27</ele>
      </trkpt>
      <trkpt lat="6.88524" lon="125.37927">
        <ele>822.74</ele>
      </trkpt>
      <trkpt lat="6.88525" lon="125.3793">
        <ele>821.92</ele>
      </trkpt>
      <trkpt lat="6.88528" lon="125.37932">
        <ele>821.6</ele>
      </trkpt>
      <trkpt lat="6.88535" lon="125.37935">
        <ele>821.41</ele>
      </trkpt>
      <trkpt lat="6.88541" lon="125.37941">
        <ele>820.66</ele>
      </trkpt>
      <trkpt lat="6.88547" lon="125.37947">
        <ele>820.29</ele>
      </trkpt>
      <trkpt lat="6.88551" lon="125.37949">
        <ele>820.58</ele>
      </trkpt>
      <trkpt lat="6.88554" lon="125.3795">
        <ele>820.93</ele>
      </trkpt>
      <trkpt lat="6.88558" lon="125.37952">
        <ele>821.36</ele>
      </trkpt>
      <trkpt lat="6.88562" lon="125.37957">
        <ele>821.54</ele>
      </trkpt>
      <trkpt lat="6.88568" lon="125.3796">
        <ele>822.56</ele>
      </trkpt>
      <trkpt lat="6.88581" lon="125.3797">
        <ele>825.35</ele>
      </trkpt>
      <trkpt lat="6.88589" lon="125.37972">
        <ele>827.01</ele>
      </trkpt>
      <trkpt lat="6.88593" lon="125.37972">
        <ele>827.73</ele>
      </trkpt>
      <trkpt lat="6.88595" lon="125.37972">
        <ele>828.09</ele>
      </trkpt>
      <trkpt lat="6.88597" lon="125.37971">
        <ele>828.37</ele>
      </trkpt>
      <trkpt lat="6.886" lon="125.37969">
        <ele>828.72</ele>
      </trkpt>
      <trkpt lat="6.88604" lon="125.37967">
        <ele>829.16</ele>
      </trkpt>
      <trkpt lat="6.88607" lon="125.37961">
        <ele>828.88</ele>
      </trkpt>
      <trkpt lat="6.88609" lon="125.37955">
        <ele>828.33</ele>
      </trkpt>
      <trkpt lat="6.88612" lon="125.37952">
        <ele>828.17</ele>
      </trkpt>
      <trkpt lat="6.88615" lon="125.3795">
        <ele>828.14</ele>
      </trkpt>
      <trkpt lat="6.88619" lon="125.37949">
        <ele>828.32</ele>
      </trkpt>
      <trkpt lat="6.88621" lon="125.3795">
        <ele>828.65</ele>
      </trkpt>
      <trkpt lat="6.88624" lon="125.37954">
        <ele>829.62</ele>
      </trkpt>
      <trkpt lat="6.88628" lon="125.37959">
        <ele>830.95</ele>
      </trkpt>
      <trkpt lat="6.88632" lon="125.37963">
        <ele>832.18</ele>
      </trkpt>
      <trkpt lat="6.88639" lon="125.37974">
        <ele>835.47</ele>
      </trkpt>
      <trkpt lat="6.88642" lon="125.37979">
        <ele>837.38</ele>
      </trkpt>
      <trkpt lat="6.88644" lon="125.37983">
        <ele>838.92</ele>
      </trkpt>
      <trkpt lat="6.88647" lon="125.37987">
        <ele>840.81</ele>
      </trkpt>
      <trkpt lat="6.8865" lon="125.37991">
        <ele>842.81</ele>
      </trkpt>
      <trkpt lat="6.88652" lon="125.37995">
        <ele>844.65</ele>
      </trkpt>
      <trkpt lat="6.88654" lon="125.37999">
        <ele>846.57</ele>
      </trkpt>
      <trkpt lat="6.88657" lon="125.38005">
        <ele>847.68</ele>
      </trkpt>
      <trkpt lat="6.88658" lon="125.3801">
        <ele>847.86</ele>
      </trkpt>
      <trkpt lat="6.8866" lon="125.38012">
        <ele>848.53</ele>
      </trkpt>
      <trkpt lat="6.88661" lon="125.38013">
        <ele>848.88</ele>
      </trkpt>
      <trkpt lat="6.88662" lon="125.38013">
        <ele>849.25</ele>
      </trkpt>
      <trkpt lat="6.88663" lon="125.38015">
        <ele>849.6</ele>
      </trkpt>
      <trkpt lat="6.88665" lon="125.38015">
        <ele>850.36</ele>
      </trkpt>
      <trkpt lat="6.88668" lon="125.3802">
        <ele>850.82</ele>
      </trkpt>
      <trkpt lat="6.8867" lon="125.38022">
        <ele>850.57</ele>
      </trkpt>
      <trkpt lat="6.88673" lon="125.38023">
        <ele>850.2</ele>
      </trkpt>
      <trkpt lat="6.88681" lon="125.38028">
        <ele>849.46</ele>
      </trkpt>
      <trkpt lat="6.88684" lon="125.3803">
        <ele>849.25</ele>
      </trkpt>
      <trkpt lat="6.88688" lon="125.38032">
        <ele>849.01</ele>
      </trkpt>
      <trkpt lat="6.88693" lon="125.38037">
        <ele>849.08</ele>
      </trkpt>
      <trkpt lat="6.88699" lon="125.38039">
        <ele>848.99</ele>
      </trkpt>
      <trkpt lat="6.88704" lon="125.38043">
        <ele>849.37</ele>
      </trkpt>
      <trkpt lat="6.88707" lon="125.38046">
        <ele>849.8</ele>
      </trkpt>
      <trkpt lat="6.88711" lon="125.3805">
        <ele>850.52</ele>
      </trkpt>
      <trkpt lat="6.88714" lon="125.38052">
        <ele>850.96</ele>
      </trkpt>
      <trkpt lat="6.8872" lon="125.38059">
        <ele>852.75</ele>
      </trkpt>
      <trkpt lat="6.88726" lon="125.38065">
        <ele>854.65</ele>
      </trkpt>
      <trkpt lat="6.88735" lon="125.38074">
        <ele>858.02</ele>
      </trkpt>
      <trkpt lat="6.88738" lon="125.38079">
        <ele>859.91</ele>
      </trkpt>
      <trkpt lat="6.88744" lon="125.38084">
        <ele>862.19</ele>
      </trkpt>
      <trkpt lat="6.88747" lon="125.38087">
        <ele>862.91</ele>
      </trkpt>
      <trkpt lat="6.88748" lon="125.3809">
        <ele>863.36</ele>
      </trkpt>
      <trkpt lat="6.88753" lon="125.38098">
        <ele>864.16</ele>
      </trkpt>
      <trkpt lat="6.88756" lon="125.381">
        <ele>864.02</ele>
      </trkpt>
      <trkpt lat="6.8876" lon="125.38102">
        <ele>863.82</ele>
      </trkpt>
      <trkpt lat="6.88761" lon="125.38103">
        <ele>863.87</ele>
      </trkpt>
      <trkpt lat="6.88766" lon="125.3811">
        <ele>864.64</ele>
      </trkpt>
      <trkpt lat="6.88771" lon="125.38117">
        <ele>865.66</ele>
      </trkpt>
      <trkpt lat="6.88778" lon="125.38125">
        <ele>866.99</ele>
      </trkpt>
      <trkpt lat="6.88782" lon="125.3813">
        <ele>868.04</ele>
      </trkpt>
      <trkpt lat="6.88787" lon="125.38136">
        <ele>869.57</ele>
      </trkpt>
      <trkpt lat="6.88789" lon="125.38137">
        <ele>869.89</ele>
      </trkpt>
      <trkpt lat="6.88795" lon="125.38141">
        <ele>871.29</ele>
      </trkpt>
      <trkpt lat="6.88798" lon="125.38145">
        <ele>872.75</ele>
      </trkpt>
      <trkpt lat="6.88801" lon="125.38148">
        <ele>873.95</ele>
      </trkpt>
      <trkpt lat="6.88806" lon="125.38156">
        <ele>877.21</ele>
      </trkpt>
      <trkpt lat="6.88808" lon="125.38161">
        <ele>879.26</ele>
      </trkpt>
      <trkpt lat="6.88808" lon="125.38165">
        <ele>880.74</ele>
      </trkpt>
      <trkpt lat="6.88807" lon="125.3817">
        <ele>881.59</ele>
      </trkpt>
      <trkpt lat="6.88806" lon="125.38173">
        <ele>881.76</ele>
      </trkpt>
      <trkpt lat="6.88812" lon="125.38186">
        <ele>884.5</ele>
      </trkpt>
      <trkpt lat="6.88814" lon="125.3819">
        <ele>885.5</ele>
      </trkpt>
      <trkpt lat="6.88816" lon="125.38194">
        <ele>886.57</ele>
      </trkpt>
      <trkpt lat="6.8882" lon="125.38197">
        <ele>887.97</ele>
      </trkpt>
      <trkpt lat="6.88825" lon="125.38201">
        <ele>889.87</ele>
      </trkpt>
      <trkpt lat="6.88831" lon="125.38204">
        <ele>892.05</ele>
      </trkpt>
      <trkpt lat="6.88832" lon="125.38205">
        <ele>892.51</ele>
      </trkpt>
      <trkpt lat="6.88838" lon="125.38209">
        <ele>893.13</ele>
      </trkpt>
      <trkpt lat="6.88849" lon="125.38213">
        <ele>893.03</ele>
      </trkpt>
      <trkpt lat="6.88851" lon="125.38215">
        <ele>893.4</ele>
      </trkpt>
      <trkpt lat="6.88854" lon="125.38216">
        <ele>893.47</ele>
      </trkpt>
      <trkpt lat="6.88857" lon="125.38219">
        <ele>894.17</ele>
      </trkpt>
      <trkpt lat="6.88867" lon="125.3823">
        <ele>896.99</ele>
      </trkpt>
      <trkpt lat="6.88874" lon="125.38235">
        <ele>898.39</ele>
      </trkpt>
      <trkpt lat="6.8888" lon="125.3824">
        <ele>900.07</ele>
      </trkpt>
      <trkpt lat="6.88883" lon="125.38244">
        <ele>901.55</ele>
      </trkpt>
      <trkpt lat="6.88886" lon="125.38248">
        <ele>903.13</ele>
      </trkpt>
      <trkpt lat="6.88891" lon="125.38255">
        <ele>904.14</ele>
      </trkpt>
      <trkpt lat="6.88896" lon="125.38261">
        <ele>904.76</ele>
      </trkpt>
      <trkpt lat="6.889" lon="125.38267">
        <ele>905.62</ele>
      </trkpt>
      <trkpt lat="6.88906" lon="125.38272">
        <ele>907.06</ele>
      </trkpt>
      <trkpt lat="6.88908" lon="125.38275">
        <ele>907.78</ele>
      </trkpt>
      <trkpt lat="6.88915" lon="125.38283">
        <ele>910.7</ele>
      </trkpt>
      <trkpt lat="6.88921" lon="125.38287">
        <ele>912.51</ele>
      </trkpt>
      <trkpt lat="6.88931" lon="125.38293">
        <ele>915.12</ele>
      </trkpt>
      <trkpt lat="6.88934" lon="125.38296">
        <ele>916.22</ele>
      </trkpt>
      <trkpt lat="6.88936" lon="125.38298">
        <ele>916.96</ele>
      </trkpt>
      <trkpt lat="6.88939" lon="125.38305">
        <ele>919.08</ele>
      </trkpt>
      <trkpt lat="6.88941" lon="125.38308">
        <ele>920.1</ele>
      </trkpt>
      <trkpt lat="6.88942" lon="125.3831">
        <ele>920.74</ele>
      </trkpt>
      <trkpt lat="6.88942" lon="125.38312">
        <ele>921.23</ele>
      </trkpt>
      <trkpt lat="6.88944" lon="125.38313">
        <ele>921.8</ele>
      </trkpt>
      <trkpt lat="6.88946" lon="125.38314">
        <ele>922.37</ele>
      </trkpt>
      <trkpt lat="6.88949" lon="125.38316">
        <ele>923.35</ele>
      </trkpt>
      <trkpt lat="6.88951" lon="125.38317">
        <ele>923.93</ele>
      </trkpt>
      <trkpt lat="6.88953" lon="125.38319">
        <ele>924.77</ele>
      </trkpt>
      <trkpt lat="6.88956" lon="125.38322">
        <ele>926.05</ele>
      </trkpt>
      <trkpt lat="6.88961" lon="125.38324">
        <ele>927.43</ele>
      </trkpt>
      <trkpt lat="6.88969" lon="125.38329">
        <ele>930.19</ele>
      </trkpt>
      <trkpt lat="6.88971" lon="125.3833">
        <ele>930.83</ele>
      </trkpt>
      <trkpt lat="6.88976" lon="125.38331">
        <ele>932.12</ele>
      </trkpt>
      <trkpt lat="6.88989" lon="125.38333">
        <ele>935.51</ele>
      </trkpt>
      <trkpt lat="6.88993" lon="125.38334">
        <ele>936.39</ele>
      </trkpt>
      <trkpt lat="6.88997" lon="125.38335">
        <ele>937.15</ele>
      </trkpt>
      <trkpt lat="6.89003" lon="125.38338">
        <ele>937.24</ele>
      </trkpt>
      <trkpt lat="6.89007" lon="125.38339">
        <ele>936.84</ele>
      </trkpt>
      <trkpt lat="6.89017" lon="125.3834">
        <ele>936.03</ele>
      </trkpt>
      <trkpt lat="6.89022" lon="125.38344">
        <ele>935.69</ele>
      </trkpt>
      <trkpt lat="6.89027" lon="125.38347">
        <ele>935.52</ele>
      </trkpt>
      <trkpt lat="6.8903" lon="125.3835">
        <ele>935.52</ele>
      </trkpt>
      <trkpt lat="6.89033" lon="125.38351">
        <ele>935.48</ele>
      </trkpt>
      <trkpt lat="6.89036" lon="125.38353">
        <ele>935.57</ele>
      </trkpt>
      <trkpt lat="6.89041" lon="125.38357">
        <ele>935.98</ele>
      </trkpt>
      <trkpt lat="6.89045" lon="125.38362">
        <ele>936.74</ele>
      </trkpt>
      <trkpt lat="6.8905" lon="125.38369">
        <ele>938.05</ele>
      </trkpt>
      <trkpt lat="6.89052" lon="125.38375">
        <ele>939.18</ele>
      </trkpt>
      <trkpt lat="6.89053" lon="125.38375">
        <ele>939.27</ele>
      </trkpt>
      <trkpt lat="6.89054" lon="125.38378">
        <ele>939.88</ele>
      </trkpt>
      <trkpt lat="6.89061" lon="125.38384">
        <ele>941.96</ele>
      </trkpt>
      <trkpt lat="6.89067" lon="125.38394">
        <ele>945.47</ele>
      </trkpt>
      <trkpt lat="6.89071" lon="125.38403">
        <ele>948.96</ele>
      </trkpt>
      <trkpt lat="6.89076" lon="125.38411">
        <ele>952.8</ele>
      </trkpt>
      <trkpt lat="6.89079" lon="125.38417">
        <ele>955.6</ele>
      </trkpt>
      <trkpt lat="6.89084" lon="125.38422">
        <ele>957.14</ele>
      </trkpt>
      <trkpt lat="6.89089" lon="125.38427">
        <ele>957.06</ele>
      </trkpt>
      <trkpt lat="6.89097" lon="125.38434">
        <ele>957.38</ele>
      </trkpt>
      <trkpt lat="6.89103" lon="125.38438">
        <ele>957.82</ele>
      </trkpt>
      <trkpt lat="6.89105" lon="125.38442">
        <ele>958.42</ele>
      </trkpt>
      <trkpt lat="6.89105" lon="125.38446">
        <ele>959.0</ele>
      </trkpt>
      <trkpt lat="6.89104" lon="125.38449">
        <ele>959.35</ele>
      </trkpt>
      <trkpt lat="6.89104" lon="125.3845">
        <ele>959.49</ele>
      </trkpt>
      <trkpt lat="6.89107" lon="125.38458">
        <ele>960.93</ele>
      </trkpt>
      <trkpt lat="6.8911" lon="125.38465">
        <ele>962.51</ele>
      </trkpt>
      <trkpt lat="6.89114" lon="125.38469">
        <ele>963.9</ele>
      </trkpt>
      <trkpt lat="6.89118" lon="125.38475">
        <ele>965.84</ele>
      </trkpt>
      <trkpt lat="6.8912" lon="125.38476">
        <ele>966.45</ele>
      </trkpt>
      <trkpt lat="6.89121" lon="125.38477">
        <ele>966.88</ele>
      </trkpt>
      <trkpt lat="6.89124" lon="125.38478">
        <ele>967.75</ele>
      </trkpt>
      <trkpt lat="6.89126" lon="125.3848">
        <ele>968.68</ele>
      </trkpt>
      <trkpt lat="6.89129" lon="125.38485">
        <ele>970.7</ele>
      </trkpt>
      <trkpt lat="6.89131" lon="125.38488">
        <ele>972.05</ele>
      </trkpt>
      <trkpt lat="6.89134" lon="125.38492">
        <ele>974.03</ele>
      </trkpt>
      <trkpt lat="6.89135" lon="125.38497">
        <ele>975.83</ele>
      </trkpt>
      <trkpt lat="6.89136" lon="125.38503">
        <ele>977.34</ele>
      </trkpt>
      <trkpt lat="6.8914" lon="125.38512">
        <ele>979.75</ele>
      </trkpt>
      <trkpt lat="6.89142" lon="125.38515">
        <ele>980.92</ele>
      </trkpt>
      <trkpt lat="6.89146" lon="125.38516">
        <ele>982.73</ele>
      </trkpt>
      <trkpt lat="6.8915" lon="125.38519">
        <ele>984.87</ele>
      </trkpt>
      <trkpt lat="6.89154" lon="125.38526">
        <ele>987.78</ele>
      </trkpt>
      <trkpt lat="6.89155" lon="125.38529">
        <ele>988.77</ele>
      </trkpt>
      <trkpt lat="6.89156" lon="125.38532">
        <ele>989.84</ele>
      </trkpt>
      <trkpt lat="6.89156" lon="125.38535">
        <ele>990.43</ele>
      </trkpt>
      <trkpt lat="6.89158" lon="125.38541">
        <ele>992.68</ele>
      </trkpt>
      <trkpt lat="6.89159" lon="125.38546">
        <ele>994.28</ele>
      </trkpt>
      <trkpt lat="6.8916" lon="125.38548">
        <ele>995.28</ele>
      </trkpt>
      <trkpt lat="6.89163" lon="125.38553">
        <ele>998.16</ele>
      </trkpt>
      <trkpt lat="6.89166" lon="125.38559">
        <ele>1001.33</ele>
      </trkpt>
      <trkpt lat="6.89171" lon="125.38565">
        <ele>1003.93</ele>
      </trkpt>
      <trkpt lat="6.89173" lon="125.38568">
        <ele>1005.03</ele>
      </trkpt>
      <trkpt lat="6.89173" lon="125.3857">
        <ele>1005.5</ele>
      </trkpt>
      <trkpt lat="6.89173" lon="125.38573">
        <ele>1006.19</ele>
      </trkpt>
      <trkpt lat="6.89173" lon="125.38576">
        <ele>1006.89</ele>
      </trkpt>
      <trkpt lat="6.89174" lon="125.38578">
        <ele>1007.59</ele>
      </trkpt>
      <trkpt lat="6.8919" lon="125.38592">
        <ele>1012.42</ele>
      </trkpt>
      <trkpt lat="6.89192" lon="125.38592">
        <ele>1012.99</ele>
      </trkpt>
      <trkpt lat="6.89202" lon="125.38598">
        <ele>1015.81</ele>
      </trkpt>
      <trkpt lat="6.89204" lon="125.38601">
        <ele>1016.43</ele>
      </trkpt>
      <trkpt lat="6.89206" lon="125.38606">
        <ele>1017.11</ele>
      </trkpt>
      <trkpt lat="6.89209" lon="125.38613">
        <ele>1018.28</ele>
      </trkpt>
      <trkpt lat="6.89215" lon="125.38618">
        <ele>1020.7</ele>
      </trkpt>
      <trkpt lat="6.89219" lon="125.38621">
        <ele>1022.43</ele>
      </trkpt>
      <trkpt lat="6.89219" lon="125.38621">
        <ele>1022.43</ele>
      </trkpt>
      <trkpt lat="6.89221" lon="125.38625">
        <ele>1023.49</ele>
      </trkpt>
      <trkpt lat="6.89221" lon="125.3863">
        <ele>1023.83</ele>
      </trkpt>
      <trkpt lat="6.89223" lon="125.38635">
        <ele>1025.05</ele>
      </trkpt>
      <trkpt lat="6.89227" lon="125.3864">
        <ele>1027.16</ele>
      </trkpt>
      <trkpt lat="6.8923" lon="125.38644">
        <ele>1028.88</ele>
      </trkpt>
      <trkpt lat="6.89231" lon="125.38646">
        <ele>1029.55</ele>
      </trkpt>
      <trkpt lat="6.89234" lon="125.38648">
        <ele>1031.16</ele>
      </trkpt>
      <trkpt lat="6.89238" lon="125.38647">
        <ele>1032.9</ele>
      </trkpt>
      <trkpt lat="6.89243" lon="125.38646">
        <ele>1035.06</ele>
      </trkpt>
      <trkpt lat="6.89248" lon="125.38648">
        <ele>1037.71</ele>
      </trkpt>
      <trkpt lat="6.89252" lon="125.38651">
        <ele>1039.89</ele>
      </trkpt>
      <trkpt lat="6.89254" lon="125.38655">
        <ele>1041.36</ele>
      </trkpt>
      <trkpt lat="6.89257" lon="125.38659">
        <ele>1043.25</ele>
      </trkpt>
      <trkpt lat="6.89261" lon="125.38662">
        <ele>1045.38</ele>
      </trkpt>
      <trkpt lat="6.89262" lon="125.38662">
        <ele>1045.77</ele>
      </trkpt>
      <trkpt lat="6.89269" lon="125.38661">
        <ele>1048.22</ele>
      </trkpt>
      <trkpt lat="6.89273" lon="125.3866">
        <ele>1049.51</ele>
      </trkpt>
      <trkpt lat="6.89278" lon="125.38659">
        <ele>1051.15</ele>
      </trkpt>
      <trkpt lat="6.89283" lon="125.38661">
        <ele>1053.56</ele>
      </trkpt>
      <trkpt lat="6.89284" lon="125.38662">
        <ele>1054.21</ele>
      </trkpt>
      <trkpt lat="6.89287" lon="125.38669">
        <ele>1055.59</ele>
      </trkpt>
      <trkpt lat="6.89287" lon="125.38669">
        <ele>1055.59</ele>
      </trkpt>
      <trkpt lat="6.89293" lon="125.38675">
        <ele>1055.49</ele>
      </trkpt>
      <trkpt lat="6.89294" lon="125.38676">
        <ele>1055.5</ele>
      </trkpt>
      <trkpt lat="6.89294" lon="125.38676">
        <ele>1055.5</ele>
      </trkpt>
      <trkpt lat="6.89296" lon="125.38677">
        <ele>1055.98</ele>
      </trkpt>
      <trkpt lat="6.89298" lon="125.38678">
        <ele>1056.48</ele>
      </trkpt>
      <trkpt lat="6.893" lon="125.38679">
        <ele>1057.0</ele>
      </trkpt>
      <trkpt lat="6.89302" lon="125.38679">
        <ele>1057.92</ele>
      </trkpt>
      <trkpt lat="6.89304" lon="125.3868">
        <ele>1058.48</ele>
      </trkpt>
      <trkpt lat="6.89306" lon="125.3868">
        <ele>1059.41</ele>
      </trkpt>
      <trkpt lat="6.89309" lon="125.38681">
        <ele>1060.46</ele>
      </trkpt>
      <trkpt lat="6.8931" lon="125.38681">
        <ele>1060.93</ele>
      </trkpt>
      <trkpt lat="6.89312" lon="125.3868">
        <ele>1062.2</ele>
      </trkpt>
      <trkpt lat="6.89314" lon="125.38681">
        <ele>1062.81</ele>
      </trkpt>
      <trkpt lat="6.89317" lon="125.38681">
        <ele>1064.22</ele>
      </trkpt>
      <trkpt lat="6.89319" lon="125.38683">
        <ele>1064.58</ele>
      </trkpt>
      <trkpt lat="6.89323" lon="125.38684">
        <ele>1066.24</ele>
      </trkpt>
      <trkpt lat="6.89329" lon="125.38687">
        <ele>1068.44</ele>
      </trkpt>
      <trkpt lat="6.89334" lon="125.38688">
        <ele>1070.48</ele>
      </trkpt>
      <trkpt lat="6.89335" lon="125.38688">
        <ele>1070.61</ele>
      </trkpt>
      <trkpt lat="6.89339" lon="125.38688">
        <ele>1071.13</ele>
      </trkpt>
      <trkpt lat="6.89342" lon="125.3869">
        <ele>1071.22</ele>
      </trkpt>
      <trkpt lat="6.89345" lon="125.38692">
        <ele>1071.41</ele>
      </trkpt>
      <trkpt lat="6.89349" lon="125.3869">
        <ele>1072.24</ele>
      </trkpt>
      <trkpt lat="6.89351" lon="125.3869">
        <ele>1072.53</ele>
      </trkpt>
      <trkpt lat="6.89355" lon="125.38692">
        <ele>1073.02</ele>
      </trkpt>
      <trkpt lat="6.89359" lon="125.38697">
        <ele>1073.49</ele>
      </trkpt>
      <trkpt lat="6.89364" lon="125.38701">
        <ele>1074.33</ele>
      </trkpt>
      <trkpt lat="6.89366" lon="125.38702">
        <ele>1074.72</ele>
      </trkpt>
      <trkpt lat="6.89366" lon="125.38702">
        <ele>1074.72</ele>
      </trkpt>
      <trkpt lat="6.89374" lon="125.38704">
        <ele>1076.47</ele>
      </trkpt>
      <trkpt lat="6.89379" lon="125.38705">
        <ele>1077.66</ele>
      </trkpt>
      <trkpt lat="6.89381" lon="125.38707">
        <ele>1078.35</ele>
      </trkpt>
      <trkpt lat="6.89384" lon="125.3871">
        <ele>1079.5</ele>
      </trkpt>
      <trkpt lat="6.89386" lon="125.38713">
        <ele>1080.51</ele>
      </trkpt>
      <trkpt lat="6.89392" lon="125.38718">
        <ele>1083.27</ele>
      </trkpt>
      <trkpt lat="6.89399" lon="125.38729">
        <ele>1088.39</ele>
      </trkpt>
      <trkpt lat="6.89402" lon="125.38731">
        <ele>1090.19</ele>
      </trkpt>
      <trkpt lat="6.89402" lon="125.38733">
        <ele>1090.76</ele>
      </trkpt>
      <trkpt lat="6.89404" lon="125.38735">
        <ele>1092.24</ele>
      </trkpt>
      <trkpt lat="6.89404" lon="125.38737">
        <ele>1092.84</ele>
      </trkpt>
      <trkpt lat="6.89407" lon="125.38739">
        <ele>1094.9</ele>
      </trkpt>
      <trkpt lat="6.89409" lon="125.38745">
        <ele>1097.9</ele>
      </trkpt>
      <trkpt lat="6.89411" lon="125.38747">
        <ele>1099.68</ele>
      </trkpt>
      <trkpt lat="6.89416" lon="125.38755">
        <ele>1103.06</ele>
      </trkpt>
      <trkpt lat="6.89422" lon="125.38759">
        <ele>1104.24</ele>
      </trkpt>
      <trkpt lat="6.89426" lon="125.38761">
        <ele>1105.02</ele>
      </trkpt>
      <trkpt lat="6.89428" lon="125.38761">
        <ele>1105.5</ele>
      </trkpt>
      <trkpt lat="6.8943" lon="125.38763">
        <ele>1105.89</ele>
      </trkpt>
      <trkpt lat="6.89435" lon="125.38765">
        <ele>1107.11</ele>
      </trkpt>
      <trkpt lat="6.89439" lon="125.38765">
        <ele>1108.14</ele>
      </trkpt>
      <trkpt lat="6.89441" lon="125.38766">
        <ele>1108.67</ele>
      </trkpt>
      <trkpt lat="6.89443" lon="125.38768">
        <ele>1109.25</ele>
      </trkpt>
      <trkpt lat="6.89445" lon="125.38769">
        <ele>1109.85</ele>
      </trkpt>
      <trkpt lat="6.89448" lon="125.38771">
        <ele>1110.85</ele>
      </trkpt>
      <trkpt lat="6.89449" lon="125.38771">
        <ele>1111.16</ele>
      </trkpt>
      <trkpt lat="6.89451" lon="125.38773">
        <ele>1111.94</ele>
      </trkpt>
      <trkpt lat="6.89459" lon="125.38778">
        <ele>1115.28</ele>
      </trkpt>
      <trkpt lat="6.89461" lon="125.3878">
        <ele>1116.36</ele>
      </trkpt>
      <trkpt lat="6.89467" lon="125.38783">
        <ele>1119.26</ele>
      </trkpt>
      <trkpt lat="6.89469" lon="125.38786">
        <ele>1120.74</ele>
      </trkpt>
      <trkpt lat="6.8947" lon="125.38786">
        <ele>1121.15</ele>
      </trkpt>
      <trkpt lat="6.89472" lon="125.38788">
        <ele>1122.48</ele>
      </trkpt>
      <trkpt lat="6.89473" lon="125.3879">
        <ele>1123.42</ele>
      </trkpt>
      <trkpt lat="6.89476" lon="125.38795">
        <ele>1126.12</ele>
      </trkpt>
      <trkpt lat="6.89475" lon="125.38798">
        <ele>1126.46</ele>
      </trkpt>
      <trkpt lat="6.89475" lon="125.388">
        <ele>1127.0</ele>
      </trkpt>
      <trkpt lat="6.8948" lon="125.38807">
        <ele>1131.64</ele>
      </trkpt>
      <trkpt lat="6.89484" lon="125.38809">
        <ele>1134.49</ele>
      </trkpt>
      <trkpt lat="6.89488" lon="125.38815">
        <ele>1138.87</ele>
      </trkpt>
      <trkpt lat="6.89488" lon="125.38817">
        <ele>1139.57</ele>
      </trkpt>
      <trkpt lat="6.89492" lon="125.3882">
        <ele>1143.17</ele>
      </trkpt>
      <trkpt lat="6.89501" lon="125.38825">
        <ele>1150.95</ele>
      </trkpt>
      <trkpt lat="6.89504" lon="125.38825">
        <ele>1152.62</ele>
      </trkpt>
      <trkpt lat="6.89505" lon="125.38826">
        <ele>1153.62</ele>
      </trkpt>
      <trkpt lat="6.89508" lon="125.38827">
        <ele>1155.74</ele>
      </trkpt>
      <trkpt lat="6.89513" lon="125.38828">
        <ele>1159.0</ele>
      </trkpt>
      <trkpt lat="6.89516" lon="125.3883">
        <ele>1161.64</ele>
      </trkpt>
      <trkpt lat="6.89517" lon="125.38832">
        <ele>1163.16</ele>
      </trkpt>
      <trkpt lat="6.89522" lon="125.38833">
        <ele>1166.51</ele>
      </trkpt>
      <trkpt lat="6.89524" lon="125.38834">
        <ele>1167.58</ele>
      </trkpt>
      <trkpt lat="6.89524" lon="125.38835">
        <ele>1167.22</ele>
      </trkpt>
      <trkpt lat="6.89526" lon="125.38836">
        <ele>1168.01</ele>
      </trkpt>
      <trkpt lat="6.8953" lon="125.38838">
        <ele>1169.63</ele>
      </trkpt>
      <trkpt lat="6.89533" lon="125.38839">
        <ele>1171.04</ele>
      </trkpt>
      <trkpt lat="6.89536" lon="125.38841">
        <ele>1172.14</ele>
      </trkpt>
      <trkpt lat="6.8954" lon="125.38842">
        <ele>1174.19</ele>
      </trkpt>
      <trkpt lat="6.89542" lon="125.38843">
        <ele>1175.07</ele>
      </trkpt>
      <trkpt lat="6.89544" lon="125.38845">
        <ele>1175.63</ele>
      </trkpt>
      <trkpt lat="6.89546" lon="125.38846">
        <ele>1176.53</ele>
      </trkpt>
      <trkpt lat="6.89549" lon="125.38847">
        <ele>1178.06</ele>
      </trkpt>
      <trkpt lat="6.8955" lon="125.38849">
        <ele>1178.06</ele>
      </trkpt>
      <trkpt lat="6.89552" lon="125.38849">
        <ele>1179.3</ele>
      </trkpt>
      <trkpt lat="6.89556" lon="125.3885">
        <ele>1181.47</ele>
      </trkpt>
      <trkpt lat="6.89559" lon="125.3885">
        <ele>1183.26</ele>
      </trkpt>
      <trkpt lat="6.89561" lon="125.38852">
        <ele>1183.89</ele>
      </trkpt>
      <trkpt lat="6.89563" lon="125.38852">
        <ele>1185.09</ele>
      </trkpt>
      <trkpt lat="6.89566" lon="125.38852">
        <ele>1186.89</ele>
      </trkpt>
      <trkpt lat="6.89569" lon="125.38852">
        <ele>1188.69</ele>
      </trkpt>
      <trkpt lat="6.89571" lon="125.38853">
        <ele>1189.63</ele>
      </trkpt>
      <trkpt lat="6.89574" lon="125.38851">
        <ele>1191.96</ele>
      </trkpt>
      <trkpt lat="6.89578" lon="125.3885">
        <ele>1194.61</ele>
      </trkpt>
      <trkpt lat="6.89579" lon="125.38851">
        <ele>1194.95</ele>
      </trkpt>
      <trkpt lat="6.89581" lon="125.38851">
        <ele>1196.15</ele>
      </trkpt>
      <trkpt lat="6.89584" lon="125.38854">
        <ele>1197.19</ele>
      </trkpt>
      <trkpt lat="6.89584" lon="125.38856">
        <ele>1196.7</ele>
      </trkpt>
      <trkpt lat="6.89585" lon="125.38856">
        <ele>1197.31</ele>
      </trkpt>
      <trkpt lat="6.89585" lon="125.38856">
        <ele>1197.31</ele>
      </trkpt>
      <trkpt lat="6.89585" lon="125.38857">
        <ele>1197.07</ele>
      </trkpt>
      <trkpt lat="6.89585" lon="125.38858">
        <ele>1196.83</ele>
      </trkpt>
      <trkpt lat="6.89589" lon="125.38859">
        <ele>1199.13</ele>
      </trkpt>
      <trkpt lat="6.89591" lon="125.3886">
        <ele>1200.19</ele>
      </trkpt>
      <trkpt lat="6.89593" lon="125.38861">
        <ele>1201.29</ele>
      </trkpt>
      <trkpt lat="6.89598" lon="125.3886">
        <ele>1204.68</ele>
      </trkpt>
      <trkpt lat="6.896" lon="125.38862">
        <ele>1205.67</ele>
      </trkpt>
      <trkpt lat="6.89603" lon="125.38863">
        <ele>1207.48</ele>
      </trkpt>
      <trkpt lat="6.89608" lon="125.38862">
        <ele>1210.88</ele>
      </trkpt>
      <trkpt lat="6.89609" lon="125.38863">
        <ele>1211.41</ele>
      </trkpt>
      <trkpt lat="6.8961" lon="125.38863">
        <ele>1212.07</ele>
      </trkpt>
      <trkpt lat="6.89612" lon="125.38864">
        <ele>1213.25</ele>
      </trkpt>
      <trkpt lat="6.89616" lon="125.38863">
        <ele>1215.85</ele>
      </trkpt>
      <trkpt lat="6.89621" lon="125.38863">
        <ele>1218.97</ele>
      </trkpt>
      <trkpt lat="6.89625" lon="125.38863">
        <ele>1221.47</ele>
      </trkpt>
      <trkpt lat="6.89626" lon="125.38864">
        <ele>1222.08</ele>
      </trkpt>
      <trkpt lat="6.89629" lon="125.38864">
        <ele>1223.97</ele>
      </trkpt>
      <trkpt lat="6.8963" lon="125.38867">
        <ele>1224.64</ele>
      </trkpt>
      <trkpt lat="6.89633" lon="125.38869">
        <ele>1226.66</ele>
      </trkpt>
      <trkpt lat="6.89636" lon="125.38869">
        <ele>1228.65</ele>
      </trkpt>
      <trkpt lat="6.89639" lon="125.38869">
        <ele>1230.64</ele>
      </trkpt>
      <trkpt lat="6.8964" lon="125.3887">
        <ele>1231.4</ele>
      </trkpt>
      <trkpt lat="6.89649" lon="125.38868">
        <ele>1237.32</ele>
      </trkpt>
      <trkpt lat="6.89652" lon="125.38869">
        <ele>1239.47</ele>
      </trkpt>
      <trkpt lat="6.89653" lon="125.38868">
        <ele>1240.02</ele>
      </trkpt>
      <trkpt lat="6.89656" lon="125.38868">
        <ele>1242.04</ele>
      </trkpt>
      <trkpt lat="6.89659" lon="125.38869">
        <ele>1244.22</ele>
      </trkpt>
      <trkpt lat="6.89661" lon="125.38868">
        <ele>1245.42</ele>
      </trkpt>
      <trkpt lat="6.89665" lon="125.38869">
        <ele>1248.29</ele>
      </trkpt>
      <trkpt lat="6.89667" lon="125.3887">
        <ele>1249.58</ele>
      </trkpt>
      <trkpt lat="6.89667" lon="125.3887">
        <ele>1249.58</ele>
      </trkpt>
      <trkpt lat="6.89673" lon="125.38872">
        <ele>1249.46</ele>
      </trkpt>
      <trkpt lat="6.89681" lon="125.38873">
        <ele>1248.96</ele>
      </trkpt>
      <trkpt lat="6.89683" lon="125.38873">
        <ele>1248.8</ele>
      </trkpt>
      <trkpt lat="6.89699" lon="125.38875">
        <ele>1247.59</ele>
      </trkpt>
      <trkpt lat="6.89706" lon="125.38879">
        <ele>1247.07</ele>
      </trkpt>
      <trkpt lat="6.89709" lon="125.38883">
        <ele>1246.81</ele>
      </trkpt>
      <trkpt lat="6.89708" lon="125.38886">
        <ele>1246.99</ele>
      </trkpt>
      <trkpt lat="6.89709" lon="125.38883">
        <ele>1246.81</ele>
      </trkpt>
      <trkpt lat="6.89706" lon="125.38879">
        <ele>1247.07</ele>
      </trkpt>
      <trkpt lat="6.89699" lon="125.38875">
        <ele>1247.59</ele>
      </trkpt>
      <trkpt lat="6.89683" lon="125.38873">
        <ele>1248.8</ele>
      </trkpt>
      <trkpt lat="6.89681" lon="125.38873">
        <ele>1248.96</ele>
      </trkpt>
      <trkpt lat="6.89673" lon="125.38872">
        <ele>1249.46</ele>
      </trkpt>
      <trkpt lat="6.89667" lon="125.3887">
        <ele>1249.58</ele>
      </trkpt>
      <trkpt lat="6.89667" lon="125.3887">
        <ele>1249.58</ele>
      </trkpt>
      <trkpt lat="6.89665" lon="125.38869">
        <ele>1248.29</ele>
      </trkpt>
      <trkpt lat="6.89661" lon="125.38868">
        <ele>1245.42</ele>
      </trkpt>
      <trkpt lat="6.89659" lon="125.38869">
        <ele>1244.22</ele>
      </trkpt>
      <trkpt lat="6.89656" lon="125.38868">
        <ele>1242.04</ele>
      </trkpt>
      <trkpt lat="6.89653" lon="125.38868">
        <ele>1240.02</ele>
      </trkpt>
      <trkpt lat="6.89652" lon="125.38869">
        <ele>1239.47</ele>
      </trkpt>
      <trkpt lat="6.89649" lon="125.38868">
        <ele>1237.32</ele>
      </trkpt>
      <trkpt lat="6.8964" lon="125.3887">
        <ele>1231.4</ele>
      </trkpt>
      <trkpt lat="6.89639" lon="125.38869">
        <ele>1230.64</ele>
      </trkpt>
      <trkpt lat="6.89636" lon="125.38869">
        <ele>1228.65</ele>
      </trkpt>
      <trkpt lat="6.89633" lon="125.38869">
        <ele>1226.66</ele>
      </trkpt>
      <trkpt lat="6.8963" lon="125.38867">
        <ele>1224.64</ele>
      </trkpt>
      <trkpt lat="6.89629" lon="125.38864">
        <ele>1223.97</ele>
      </trkpt>
      <trkpt lat="6.89626" lon="125.38864">
        <ele>1222.08</ele>
      </trkpt>
      <trkpt lat="6.89625" lon="125.38863">
        <ele>1221.47</ele>
      </trkpt>
      <trkpt lat="6.89621" lon="125.38863">
        <ele>1218.97</ele>
      </trkpt>
      <trkpt lat="6.89616" lon="125.38863">
        <ele>1215.85</ele>
      </trkpt>
      <trkpt lat="6.89612" lon="125.38864">
        <ele>1213.25</ele>
      </trkpt>
      <trkpt lat="6.8961" lon="125.38863">
        <ele>1212.07</ele>
      </trkpt>
      <trkpt lat="6.89609" lon="125.38863">
        <ele>1211.41</ele>
      </trkpt>
      <trkpt lat="6.89608" lon="125.38862">
        <ele>1210.88</ele>
      </trkpt>
      <trkpt lat="6.89603" lon="125.38863">
        <ele>1207.48</ele>
      </trkpt>
      <trkpt lat="6.896" lon="125.38862">
        <ele>1205.67</ele>
      </trkpt>
      <trkpt lat="6.89598" lon="125.3886">
        <ele>1204.68</ele>
      </trkpt>
      <trkpt lat="6.89593" lon="125.38861">
        <ele>1201.29</ele>
      </trkpt>
      <trkpt lat="6.89591" lon="125.3886">
        <ele>1200.19</ele>
      </trkpt>
      <trkpt lat="6.89589" lon="125.38859">
        <ele>1199.13</ele>
      </trkpt>
      <trkpt lat="6.89585" lon="125.38858">
        <ele>1196.83</ele>
      </trkpt>
      <trkpt lat="6.89585" lon="125.38857">
        <ele>1197.07</ele>
      </trkpt>
      <trkpt lat="6.89585" lon="125.38856">
        <ele>1197.31</ele>
      </trkpt>
      <trkpt lat="6.89585" lon="125.38856">
        <ele>1197.31</ele>
      </trkpt>
      <trkpt lat="6.89584" lon="125.38856">
        <ele>1196.7</ele>
      </trkpt>
      <trkpt lat="6.89584" lon="125.38854">
        <ele>1197.19</ele>
      </trkpt>
      <trkpt lat="6.89581" lon="125.38851">
        <ele>1196.15</ele>
      </trkpt>
      <trkpt lat="6.89579" lon="125.38851">
        <ele>1194.95</ele>
      </trkpt>
      <trkpt lat="6.89578" lon="125.3885">
        <ele>1194.61</ele>
      </trkpt>
      <trkpt lat="6.89574" lon="125.38851">
        <ele>1191.96</ele>
      </trkpt>
      <trkpt lat="6.89571" lon="125.38853">
        <ele>1189.63</ele>
      </trkpt>
      <trkpt lat="6.89569" lon="125.38852">
        <ele>1188.69</ele>
      </trkpt>
      <trkpt lat="6.89566" lon="125.38852">
        <ele>1186.89</ele>
      </trkpt>
      <trkpt lat="6.89563" lon="125.38852">
        <ele>1185.09</ele>
      </trkpt>
      <trkpt lat="6.89561" lon="125.38852">
        <ele>1183.89</ele>
      </trkpt>
      <trkpt lat="6.89559" lon="125.3885">
        <ele>1183.26</ele>
      </trkpt>
      <trkpt lat="6.89556" lon="125.3885">
        <ele>1181.47</ele>
      </trkpt>
      <trkpt lat="6.89552" lon="125.38849">
        <ele>1179.3</ele>
      </trkpt>
      <trkpt lat="6.8955" lon="125.38849">
        <ele>1178.06</ele>
      </trkpt>
      <trkpt lat="6.89549" lon="125.38847">
        <ele>1178.06</ele>
      </trkpt>
      <trkpt lat="6.89546" lon="125.38846">
        <ele>1176.53</ele>
      </trkpt>
      <trkpt lat="6.89544" lon="125.38845">
        <ele>1175.63</ele>
      </trkpt>
      <trkpt lat="6.89542" lon="125.38843">
        <ele>1175.07</ele>
      </trkpt>
      <trkpt lat="6.8954" lon="125.38842">
        <ele>1174.19</ele>
      </trkpt>
      <trkpt lat="6.89536" lon="125.38841">
        <ele>1172.14</ele>
      </trkpt>
      <trkpt lat="6.89533" lon="125.38839">
        <ele>1171.04</ele>
      </trkpt>
      <trkpt lat="6.8953" lon="125.38838">
        <ele>1169.63</ele>
      </trkpt>
      <trkpt lat="6.89526" lon="125.38836">
        <ele>1168.01</ele>
      </trkpt>
      <trkpt lat="6.89524" lon="125.38835">
        <ele>1167.22</ele>
      </trkpt>
      <trkpt lat="6.89524" lon="125.38834">
        <ele>1167.58</ele>
      </trkpt>
      <trkpt lat="6.89522" lon="125.38833">
        <ele>1166.51</ele>
      </trkpt>
      <trkpt lat="6.89517" lon="125.38832">
        <ele>1163.16</ele>
      </trkpt>
      <trkpt lat="6.89516" lon="125.3883">
        <ele>1161.64</ele>
      </trkpt>
      <trkpt lat="6.89513" lon="125.38828">
        <ele>1159.0</ele>
      </trkpt>
      <trkpt lat="6.89508" lon="125.38827">
        <ele>1155.74</ele>
      </trkpt>
      <trkpt lat="6.89505" lon="125.38826">
        <ele>1153.62</ele>
      </trkpt>
      <trkpt lat="6.89504" lon="125.38825">
        <ele>1152.62</ele>
      </trkpt>
      <trkpt lat="6.89501" lon="125.38825">
        <ele>1150.95</ele>
      </trkpt>
      <trkpt lat="6.89492" lon="125.3882">
        <ele>1143.17</ele>
      </trkpt>
      <trkpt lat="6.89488" lon="125.38817">
        <ele>1139.57</ele>
      </trkpt>
      <trkpt lat="6.89488" lon="125.38815">
        <ele>1138.87</ele>
      </trkpt>
      <trkpt lat="6.89484" lon="125.38809">
        <ele>1134.49</ele>
      </trkpt>
      <trkpt lat="6.8948" lon="125.38807">
        <ele>1131.64</ele>
      </trkpt>
      <trkpt lat="6.89475" lon="125.388">
        <ele>1127.0</ele>
      </trkpt>
      <trkpt lat="6.89475" lon="125.38798">
        <ele>1126.46</ele>
      </trkpt>
      <trkpt lat="6.89476" lon="125.38795">
        <ele>1126.12</ele>
      </trkpt>
      <trkpt lat="6.89473" lon="125.3879">
        <ele>1123.42</ele>
      </trkpt>
      <trkpt lat="6.89472" lon="125.38788">
        <ele>1122.48</ele>
      </trkpt>
      <trkpt lat="6.8947" lon="125.38786">
        <ele>1121.15</ele>
      </trkpt>
      <trkpt lat="6.89469" lon="125.38786">
        <ele>1120.74</ele>
      </trkpt>
      <trkpt lat="6.89467" lon="125.38783">
        <ele>1119.26</ele>
      </trkpt>
      <trkpt lat="6.89461" lon="125.3878">
        <ele>1116.36</ele>
      </trkpt>
      <trkpt lat="6.89459" lon="125.38778">
        <ele>1115.28</ele>
      </trkpt>
      <trkpt lat="6.89451" lon="125.38773">
        <ele>1111.94</ele>
      </trkpt>
      <trkpt lat="6.89449" lon="125.38771">
        <ele>1111.16</ele>
      </trkpt>
      <trkpt lat="6.89448" lon="125.38771">
        <ele>1110.85</ele>
      </trkpt>
      <trkpt lat="6.89445" lon="125.38769">
        <ele>1109.85</ele>
      </trkpt>
      <trkpt lat="6.89443" lon="125.38768">
        <ele>1109.25</ele>
      </trkpt>
      <trkpt lat="6.89441" lon="125.38766">
        <ele>1108.67</ele>
      </trkpt>
      <trkpt lat="6.89439" lon="125.38765">
        <ele>1108.14</ele>
      </trkpt>
      <trkpt lat="6.89435" lon="125.38765">
        <ele>1107.11</ele>
      </trkpt>
      <trkpt lat="6.8943" lon="125.38763">
        <ele>1105.89</ele>
      </trkpt>
      <trkpt lat="6.89428" lon="125.38761">
        <ele>1105.5</ele>
      </trkpt>
      <trkpt lat="6.89426" lon="125.38761">
        <ele>1105.02</ele>
      </trkpt>
      <trkpt lat="6.89422" lon="125.38759">
        <ele>1104.24</ele>
      </trkpt>
      <trkpt lat="6.89416" lon="125.38755">
        <ele>1103.06</ele>
      </trkpt>
      <trkpt lat="6.89411" lon="125.38747">
        <ele>1099.68</ele>
      </trkpt>
      <trkpt lat="6.89409" lon="125.38745">
        <ele>1097.9</ele>
      </trkpt>
      <trkpt lat="6.89407" lon="125.38739">
        <ele>1094.9</ele>
      </trkpt>
      <trkpt lat="6.89404" lon="125.38737">
        <ele>1092.84</ele>
      </trkpt>
      <trkpt lat="6.89404" lon="125.38735">
        <ele>1092.24</ele>
      </trkpt>
      <trkpt lat="6.89402" lon="125.38733">
        <ele>1090.76</ele>
      </trkpt>
      <trkpt lat="6.89402" lon="125.38731">
        <ele>1090.19</ele>
      </trkpt>
      <trkpt lat="6.89399" lon="125.38729">
        <ele>1088.39</ele>
      </trkpt>
      <trkpt lat="6.89392" lon="125.38718">
        <ele>1083.27</ele>
      </trkpt>
      <trkpt lat="6.89386" lon="125.38713">
        <ele>1080.51</ele>
      </trkpt>
      <trkpt lat="6.89384" lon="125.3871">
        <ele>1079.5</ele>
      </trkpt>
      <trkpt lat="6.89381" lon="125.38707">
        <ele>1078.35</ele>
      </trkpt>
      <trkpt lat="6.89379" lon="125.38705">
        <ele>1077.66</ele>
      </trkpt>
      <trkpt lat="6.89374" lon="125.38704">
        <ele>1076.47</ele>
      </trkpt>
      <trkpt lat="6.89366" lon="125.38702">
        <ele>1074.72</ele>
      </trkpt>
      <trkpt lat="6.89366" lon="125.38702">
        <ele>1074.72</ele>
      </trkpt>
      <trkpt lat="6.89364" lon="125.38701">
        <ele>1074.33</ele>
      </trkpt>
      <trkpt lat="6.89359" lon="125.38697">
        <ele>1073.49</ele>
      </trkpt>
      <trkpt lat="6.89355" lon="125.38692">
        <ele>1073.02</ele>
      </trkpt>
      <trkpt lat="6.89351" lon="125.3869">
        <ele>1072.53</ele>
      </trkpt>
      <trkpt lat="6.89349" lon="125.3869">
        <ele>1072.24</ele>
      </trkpt>
      <trkpt lat="6.89345" lon="125.38692">
        <ele>1071.41</ele>
      </trkpt>
      <trkpt lat="6.89342" lon="125.3869">
        <ele>1071.22</ele>
      </trkpt>
      <trkpt lat="6.89339" lon="125.38688">
        <ele>1071.13</ele>
      </trkpt>
      <trkpt lat="6.89335" lon="125.38688">
        <ele>1070.61</ele>
      </trkpt>
      <trkpt lat="6.89334" lon="125.38688">
        <ele>1070.48</ele>
      </trkpt>
      <trkpt lat="6.89329" lon="125.38687">
        <ele>1068.44</ele>
      </trkpt>
      <trkpt lat="6.89323" lon="125.38684">
        <ele>1066.24</ele>
      </trkpt>
      <trkpt lat="6.89319" lon="125.38683">
        <ele>1064.58</ele>
      </trkpt>
      <trkpt lat="6.89317" lon="125.38681">
        <ele>1064.22</ele>
      </trkpt>
      <trkpt lat="6.89314" lon="125.38681">
        <ele>1062.81</ele>
      </trkpt>
      <trkpt lat="6.89312" lon="125.3868">
        <ele>1062.2</ele>
      </trkpt>
      <trkpt lat="6.8931" lon="125.38681">
        <ele>1060.93</ele>
      </trkpt>
      <trkpt lat="6.89309" lon="125.38681">
        <ele>1060.46</ele>
      </trkpt>
      <trkpt lat="6.89306" lon="125.3868">
        <ele>1059.41</ele>
      </trkpt>
      <trkpt lat="6.89304" lon="125.3868">
        <ele>1058.48</ele>
      </trkpt>
      <trkpt lat="6.89302" lon="125.38679">
        <ele>1057.92</ele>
      </trkpt>
      <trkpt lat="6.893" lon="125.38679">
        <ele>1057.0</ele>
      </trkpt>
      <trkpt lat="6.89298" lon="125.38678">
        <ele>1056.48</ele>
      </trkpt>
      <trkpt lat="6.89296" lon="125.38677">
        <ele>1055.98</ele>
      </trkpt>
      <trkpt lat="6.89294" lon="125.38676">
        <ele>1055.5</ele>
      </trkpt>
      <trkpt lat="6.89294" lon="125.38676">
        <ele>1055.5</ele>
      </trkpt>
      <trkpt lat="6.89293" lon="125.38675">
        <ele>1055.49</ele>
      </trkpt>
      <trkpt lat="6.89287" lon="125.38669">
        <ele>1055.59</ele>
      </trkpt>
      <trkpt lat="6.89287" lon="125.38669">
        <ele>1055.59</ele>
      </trkpt>
      <trkpt lat="6.89284" lon="125.38662">
        <ele>1054.21</ele>
      </trkpt>
      <trkpt lat="6.89283" lon="125.38661">
        <ele>1053.56</ele>
      </trkpt>
      <trkpt lat="6.89278" lon="125.38659">
        <ele>1051.15</ele>
      </trkpt>
      <trkpt lat="6.89273" lon="125.3866">
        <ele>1049.51</ele>
      </trkpt>
      <trkpt lat="6.89269" lon="125.38661">
        <ele>1048.22</ele>
      </trkpt>
      <trkpt lat="6.89262" lon="125.38662">
        <ele>1045.77</ele>
      </trkpt>
      <trkpt lat="6.89261" lon="125.38662">
        <ele>1045.38</ele>
      </trkpt>
      <trkpt lat="6.89257" lon="125.38659">
        <ele>1043.25</ele>
      </trkpt>
      <trkpt lat="6.89254" lon="125.38655">
        <ele>1041.36</ele>
      </trkpt>
      <trkpt lat="6.89252" lon="125.38651">
        <ele>1039.89</ele>
      </trkpt>
      <trkpt lat="6.89248" lon="125.38648">
        <ele>1037.71</ele>
      </trkpt>
      <trkpt lat="6.89243" lon="125.38646">
        <ele>1035.06</ele>
      </trkpt>
      <trkpt lat="6.89238" lon="125.38647">
        <ele>1032.9</ele>
      </trkpt>
      <trkpt lat="6.89234" lon="125.38648">
        <ele>1031.16</ele>
      </trkpt>
      <trkpt lat="6.89231" lon="125.38646">
        <ele>1029.55</ele>
      </trkpt>
      <trkpt lat="6.8923" lon="125.38644">
        <ele>1028.88</ele>
      </trkpt>
      <trkpt lat="6.89227" lon="125.3864">
        <ele>1027.16</ele>
      </trkpt>
      <trkpt lat="6.89223" lon="125.38635">
        <ele>1025.05</ele>
      </trkpt>
      <trkpt lat="6.89221" lon="125.3863">
        <ele>1023.83</ele>
      </trkpt>
      <trkpt lat="6.89221" lon="125.38625">
        <ele>1023.49</ele>
      </trkpt>
      <trkpt lat="6.89219" lon="125.38621">
        <ele>1022.43</ele>
      </trkpt>
      <trkpt lat="6.89219" lon="125.38621">
        <ele>1022.43</ele>
      </trkpt>
      <trkpt lat="6.89215" lon="125.38618">
        <ele>1020.7</ele>
      </trkpt>
      <trkpt lat="6.89209" lon="125.38613">
        <ele>1018.28</ele>
      </trkpt>
      <trkpt lat="6.89206" lon="125.38606">
        <ele>1017.11</ele>
      </trkpt>
      <trkpt lat="6.89204" lon="125.38601">
        <ele>1016.43</ele>
      </trkpt>
      <trkpt lat="6.89202" lon="125.38598">
        <ele>1015.81</ele>
      </trkpt>
      <trkpt lat="6.89192" lon="125.38592">
        <ele>1012.99</ele>
      </trkpt>
      <trkpt lat="6.8919" lon="125.38592">
        <ele>1012.42</ele>
      </trkpt>
      <trkpt lat="6.89174" lon="125.38578">
        <ele>1007.59</ele>
      </trkpt>
      <trkpt lat="6.89173" lon="125.38576">
        <ele>1006.89</ele>
      </trkpt>
      <trkpt lat="6.89173" lon="125.38573">
        <ele>1006.19</ele>
      </trkpt>
      <trkpt lat="6.89173" lon="125.3857">
        <ele>1005.5</ele>
      </trkpt>
      <trkpt lat="6.89173" lon="125.38568">
        <ele>1005.03</ele>
      </trkpt>
      <trkpt lat="6.89171" lon="125.38565">
        <ele>1003.93</ele>
      </trkpt>
      <trkpt lat="6.89166" lon="125.38559">
        <ele>1001.33</ele>
      </trkpt>
      <trkpt lat="6.89163" lon="125.38553">
        <ele>998.16</ele>
      </trkpt>
      <trkpt lat="6.8916" lon="125.38548">
        <ele>995.28</ele>
      </trkpt>
      <trkpt lat="6.89159" lon="125.38546">
        <ele>994.28</ele>
      </trkpt>
      <trkpt lat="6.89158" lon="125.38541">
        <ele>992.68</ele>
      </trkpt>
      <trkpt lat="6.89156" lon="125.38535">
        <ele>990.43</ele>
      </trkpt>
      <trkpt lat="6.89156" lon="125.38532">
        <ele>989.84</ele>
      </trkpt>
      <trkpt lat="6.89155" lon="125.38529">
        <ele>988.77</ele>
      </trkpt>
      <trkpt lat="6.89154" lon="125.38526">
        <ele>987.78</ele>
      </trkpt>
      <trkpt lat="6.8915" lon="125.38519">
        <ele>984.87</ele>
      </trkpt>
      <trkpt lat="6.89146" lon="125.38516">
        <ele>982.73</ele>
      </trkpt>
      <trkpt lat="6.89142" lon="125.38515">
        <ele>980.92</ele>
      </trkpt>
      <trkpt lat="6.8914" lon="125.38512">
        <ele>979.75</ele>
      </trkpt>
      <trkpt lat="6.89136" lon="125.38503">
        <ele>977.34</ele>
      </trkpt>
      <trkpt lat="6.89135" lon="125.38497">
        <ele>975.83</ele>
      </trkpt>
      <trkpt lat="6.89134" lon="125.38492">
        <ele>974.03</ele>
      </trkpt>
      <trkpt lat="6.89131" lon="125.38488">
        <ele>972.05</ele>
      </trkpt>
      <trkpt lat="6.89129" lon="125.38485">
        <ele>970.7</ele>
      </trkpt>
      <trkpt lat="6.89126" lon="125.3848">
        <ele>968.68</ele>
      </trkpt>
      <trkpt lat="6.89124" lon="125.38478">
        <ele>967.75</ele>
      </trkpt>
      <trkpt lat="6.89121" lon="125.38477">
        <ele>966.88</ele>
      </trkpt>
      <trkpt lat="6.8912" lon="125.38476">
        <ele>966.45</ele>
      </trkpt>
      <trkpt lat="6.89118" lon="125.38475">
        <ele>965.84</ele>
      </trkpt>
      <trkpt lat="6.89114" lon="125.38469">
        <ele>963.9</ele>
      </trkpt>
      <trkpt lat="6.8911" lon="125.38465">
        <ele>962.51</ele>
      </trkpt>
      <trkpt lat="6.89107" lon="125.38458">
        <ele>960.93</ele>
      </trkpt>
      <trkpt lat="6.89104" lon="125.3845">
        <ele>959.49</ele>
      </trkpt>
      <trkpt lat="6.89104" lon="125.38449">
        <ele>959.35</ele>
      </trkpt>
      <trkpt lat="6.89105" lon="125.38446">
        <ele>959.0</ele>
      </trkpt>
      <trkpt lat="6.89105" lon="125.38442">
        <ele>958.42</ele>
      </trkpt>
      <trkpt lat="6.89103" lon="125.38438">
        <ele>957.82</ele>
      </trkpt>
      <trkpt lat="6.89097" lon="125.38434">
        <ele>957.38</ele>
      </trkpt>
      <trkpt lat="6.89089" lon="125.38427">
        <ele>957.06</ele>
      </trkpt>
      <trkpt lat="6.89084" lon="125.38422">
        <ele>957.14</ele>
      </trkpt>
      <trkpt lat="6.89079" lon="125.38417">
        <ele>955.6</ele>
      </trkpt>
      <trkpt lat="6.89076" lon="125.38411">
        <ele>952.8</ele>
      </trkpt>
      <trkpt lat="6.89071" lon="125.38403">
        <ele>948.96</ele>
      </trkpt>
      <trkpt lat="6.89067" lon="125.38394">
        <ele>945.47</ele>
      </trkpt>
      <trkpt lat="6.89061" lon="125.38384">
        <ele>941.96</ele>
      </trkpt>
      <trkpt lat="6.89054" lon="125.38378">
        <ele>939.88</ele>
      </trkpt>
      <trkpt lat="6.89053" lon="125.38375">
        <ele>939.27</ele>
      </trkpt>
      <trkpt lat="6.89052" lon="125.38375">
        <ele>939.18</ele>
      </trkpt>
      <trkpt lat="6.8905" lon="125.38369">
        <ele>938.05</ele>
      </trkpt>
      <trkpt lat="6.89045" lon="125.38362">
        <ele>936.74</ele>
      </trkpt>
      <trkpt lat="6.89041" lon="125.38357">
        <ele>935.98</ele>
      </trkpt>
      <trkpt lat="6.89036" lon="125.38353">
        <ele>935.57</ele>
      </trkpt>
      <trkpt lat="6.89033" lon="125.38351">
        <ele>935.48</ele>
      </trkpt>
      <trkpt lat="6.8903" lon="125.3835">
        <ele>935.52</ele>
      </trkpt>
      <trkpt lat="6.89027" lon="125.38347">
        <ele>935.52</ele>
      </trkpt>
      <trkpt lat="6.89022" lon="125.38344">
        <ele>935.69</ele>
      </trkpt>
      <trkpt lat="6.89017" lon="125.3834">
        <ele>936.03</ele>
      </trkpt>
      <trkpt lat="6.89007" lon="125.38339">
        <ele>936.84</ele>
      </trkpt>
      <trkpt lat="6.89003" lon="125.38338">
        <ele>937.24</ele>
      </trkpt>
      <trkpt lat="6.88997" lon="125.38335">
        <ele>937.15</ele>
      </trkpt>
      <trkpt lat="6.88993" lon="125.38334">
        <ele>936.39</ele>
      </trkpt>
      <trkpt lat="6.88989" lon="125.38333">
        <ele>935.51</ele>
      </trkpt>
      <trkpt lat="6.88976" lon="125.38331">
        <ele>932.12</ele>
      </trkpt>
      <trkpt lat="6.88971" lon="125.3833">
        <ele>930.83</ele>
      </trkpt>
      <trkpt lat="6.88969" lon="125.38329">
        <ele>930.19</ele>
      </trkpt>
      <trkpt lat="6.88961" lon="125.38324">
        <ele>927.43</ele>
      </trkpt>
      <trkpt lat="6.88956" lon="125.38322">
        <ele>926.05</ele>
      </trkpt>
      <trkpt lat="6.88953" lon="125.38319">
        <ele>924.77</ele>
      </trkpt>
      <trkpt lat="6.88951" lon="125.38317">
        <ele>923.93</ele>
      </trkpt>
      <trkpt lat="6.88949" lon="125.38316">
        <ele>923.35</ele>
      </trkpt>
      <trkpt lat="6.88946" lon="125.38314">
        <ele>922.37</ele>
      </trkpt>
      <trkpt lat="6.88944" lon="125.38313">
        <ele>921.8</ele>
      </trkpt>
      <trkpt lat="6.88942" lon="125.38312">
        <ele>921.23</ele>
      </trkpt>
      <trkpt lat="6.88942" lon="125.3831">
        <ele>920.74</ele>
      </trkpt>
      <trkpt lat="6.88941" lon="125.38308">
        <ele>920.1</ele>
      </trkpt>
      <trkpt lat="6.88939" lon="125.38305">
        <ele>919.08</ele>
      </trkpt>
      <trkpt lat="6.88936" lon="125.38298">
        <ele>916.96</ele>
      </trkpt>
      <trkpt lat="6.88934" lon="125.38296">
        <ele>916.22</ele>
      </trkpt>
      <trkpt lat="6.88931" lon="125.38293">
        <ele>915.12</ele>
      </trkpt>
      <trkpt lat="6.88921" lon="125.38287">
        <ele>912.51</ele>
      </trkpt>
      <trkpt lat="6.88915" lon="125.38283">
        <ele>910.7</ele>
      </trkpt>
      <trkpt lat="6.88908" lon="125.38275">
        <ele>907.78</ele>
      </trkpt>
      <trkpt lat="6.88906" lon="125.38272">
        <ele>907.06</ele>
      </trkpt>
      <trkpt lat="6.889" lon="125.38267">
        <ele>905.62</ele>
      </trkpt>
      <trkpt lat="6.88896" lon="125.38261">
        <ele>904.76</ele>
      </trkpt>
      <trkpt lat="6.88891" lon="125.38255">
        <ele>904.14</ele>
      </trkpt>
      <trkpt lat="6.88886" lon="125.38248">
        <ele>903.13</ele>
      </trkpt>
      <trkpt lat="6.88883" lon="125.38244">
        <ele>901.55</ele>
      </trkpt>
      <trkpt lat="6.8888" lon="125.3824">
        <ele>900.07</ele>
      </trkpt>
      <trkpt lat="6.88874" lon="125.38235">
        <ele>898.39</ele>
      </trkpt>
      <trkpt lat="6.88867" lon="125.3823">
        <ele>896.99</ele>
      </trkpt>
      <trkpt lat="6.88857" lon="125.38219">
        <ele>894.17</ele>
      </trkpt>
      <trkpt lat="6.88854" lon="125.38216">
        <ele>893.47</ele>
      </trkpt>
      <trkpt lat="6.88851" lon="125.38215">
        <ele>893.4</ele>
      </trkpt>
      <trkpt lat="6.88849" lon="125.38213">
        <ele>893.03</ele>
      </trkpt>
      <trkpt lat="6.88838" lon="125.38209">
        <ele>893.13</ele>
      </trkpt>
      <trkpt lat="6.88832" lon="125.38205">
        <ele>892.51</ele>
      </trkpt>
      <trkpt lat="6.88831" lon="125.38204">
        <ele>892.05</ele>
      </trkpt>
      <trkpt lat="6.88825" lon="125.38201">
        <ele>889.87</ele>
      </trkpt>
      <trkpt lat="6.8882" lon="125.38197">
        <ele>887.97</ele>
      </trkpt>
      <trkpt lat="6.88816" lon="125.38194">
        <ele>886.57</ele>
      </trkpt>
      <trkpt lat="6.88814" lon="125.3819">
        <ele>885.5</ele>
      </trkpt>
      <trkpt lat="6.88812" lon="125.38186">
        <ele>884.5</ele>
      </trkpt>
      <trkpt lat="6.88806" lon="125.38173">
        <ele>881.76</ele>
      </trkpt>
      <trkpt lat="6.88807" lon="125.3817">
        <ele>881.59</ele>
      </trkpt>
      <trkpt lat="6.88808" lon="125.38165">
        <ele>880.74</ele>
      </trkpt>
      <trkpt lat="6.88808" lon="125.38161">
        <ele>879.26</ele>
      </trkpt>
      <trkpt lat="6.88806" lon="125.38156">
        <ele>877.21</ele>
      </trkpt>
      <trkpt lat="6.88801" lon="125.38148">
        <ele>873.95</ele>
      </trkpt>
      <trkpt lat="6.88798" lon="125.38145">
        <ele>872.75</ele>
      </trkpt>
      <trkpt lat="6.88795" lon="125.38141">
        <ele>871.29</ele>
      </trkpt>
      <trkpt lat="6.88789" lon="125.38137">
        <ele>869.89</ele>
      </trkpt>
      <trkpt lat="6.88787" lon="125.38136">
        <ele>869.57</ele>
      </trkpt>
      <trkpt lat="6.88782" lon="125.3813">
        <ele>868.04</ele>
      </trkpt>
      <trkpt lat="6.88778" lon="125.38125">
        <ele>866.99</ele>
      </trkpt>
      <trkpt lat="6.88771" lon="125.38117">
        <ele>865.66</ele>
      </trkpt>
      <trkpt lat="6.88766" lon="125.3811">
        <ele>864.64</ele>
      </trkpt>
      <trkpt lat="6.88761" lon="125.38103">
        <ele>863.87</ele>
      </trkpt>
      <trkpt lat="6.8876" lon="125.38102">
        <ele>863.82</ele>
      </trkpt>
      <trkpt lat="6.88756" lon="125.381">
        <ele>864.02</ele>
      </trkpt>
      <trkpt lat="6.88753" lon="125.38098">
        <ele>864.16</ele>
      </trkpt>
      <trkpt lat="6.88748" lon="125.3809">
        <ele>863.36</ele>
      </trkpt>
      <trkpt lat="6.88747" lon="125.38087">
        <ele>862.91</ele>
      </trkpt>
      <trkpt lat="6.88744" lon="125.38084">
        <ele>862.19</ele>
      </trkpt>
      <trkpt lat="6.88738" lon="125.38079">
        <ele>859.91</ele>
      </trkpt>
      <trkpt lat="6.88735" lon="125.38074">
        <ele>858.02</ele>
      </trkpt>
      <trkpt lat="6.88726" lon="125.38065">
        <ele>854.65</ele>
      </trkpt>
      <trkpt lat="6.8872" lon="125.38059">
        <ele>852.75</ele>
      </trkpt>
      <trkpt lat="6.88714" lon="125.38052">
        <ele>850.96</ele>
      </trkpt>
      <trkpt lat="6.88711" lon="125.3805">
        <ele>850.52</ele>
      </trkpt>
      <trkpt lat="6.88707" lon="125.38046">
        <ele>849.8</ele>
      </trkpt>
      <trkpt lat="6.88704" lon="125.38043">
        <ele>849.37</ele>
      </trkpt>
      <trkpt lat="6.88699" lon="125.38039">
        <ele>848.99</ele>
      </trkpt>
      <trkpt lat="6.88693" lon="125.38037">
        <ele>849.08</ele>
      </trkpt>
      <trkpt lat="6.88688" lon="125.38032">
        <ele>849.01</ele>
      </trkpt>
      <trkpt lat="6.88684" lon="125.3803">
        <ele>849.25</ele>
      </trkpt>
      <trkpt lat="6.88681" lon="125.38028">
        <ele>849.46</ele>
      </trkpt>
      <trkpt lat="6.88673" lon="125.38023">
        <ele>850.2</ele>
      </trkpt>
      <trkpt lat="6.8867" lon="125.38022">
        <ele>850.57</ele>
      </trkpt>
      <trkpt lat="6.88668" lon="125.3802">
        <ele>850.82</ele>
      </trkpt>
      <trkpt lat="6.88665" lon="125.38015">
        <ele>850.36</ele>
      </trkpt>
      <trkpt lat="6.88663" lon="125.38015">
        <ele>849.6</ele>
      </trkpt>
      <trkpt lat="6.88662" lon="125.38013">
        <ele>849.25</ele>
      </trkpt>
      <trkpt lat="6.88661" lon="125.38013">
        <ele>848.88</ele>
      </trkpt>
      <trkpt lat="6.8866" lon="125.38012">
        <ele>848.53</ele>
      </trkpt>
      <trkpt lat="6.88658" lon="125.3801">
        <ele>847.86</ele>
      </trkpt>
      <trkpt lat="6.88657" lon="125.38005">
        <ele>847.68</ele>
      </trkpt>
      <trkpt lat="6.88654" lon="125.37999">
        <ele>846.57</ele>
      </trkpt>
      <trkpt lat="6.88652" lon="125.37995">
        <ele>844.65</ele>
      </trkpt>
      <trkpt lat="6.8865" lon="125.37991">
        <ele>842.81</ele>
      </trkpt>
      <trkpt lat="6.88647" lon="125.37987">
        <ele>840.81</ele>
      </trkpt>
      <trkpt lat="6.88644" lon="125.37983">
        <ele>838.92</ele>
      </trkpt>
      <trkpt lat="6.88642" lon="125.37979">
        <ele>837.38</ele>
      </trkpt>
      <trkpt lat="6.88639" lon="125.37974">
        <ele>835.47</ele>
      </trkpt>
      <trkpt lat="6.88632" lon="125.37963">
        <ele>832.18</ele>
      </trkpt>
      <trkpt lat="6.88628" lon="125.37959">
        <ele>830.95</ele>
      </trkpt>
      <trkpt lat="6.88624" lon="125.37954">
        <ele>829.62</ele>
      </trkpt>
      <trkpt lat="6.88621" lon="125.3795">
        <ele>828.65</ele>
      </trkpt>
      <trkpt lat="6.88619" lon="125.37949">
        <ele>828.32</ele>
      </trkpt>
      <trkpt lat="6.88615" lon="125.3795">
        <ele>828.14</ele>
      </trkpt>
      <trkpt lat="6.88612" lon="125.37952">
        <ele>828.17</ele>
      </trkpt>
      <trkpt lat="6.88609" lon="125.37955">
        <ele>828.33</ele>
      </trkpt>
      <trkpt lat="6.88607" lon="125.37961">
        <ele>828.88</ele>
      </trkpt>
      <trkpt lat="6.88604" lon="125.37967">
        <ele>829.16</ele>
      </trkpt>
      <trkpt lat="6.886" lon="125.37969">
        <ele>828.72</ele>
      </trkpt>
      <trkpt lat="6.88597" lon="125.37971">
        <ele>828.37</ele>
      </trkpt>
      <trkpt lat="6.88595" lon="125.37972">
        <ele>828.09</ele>
      </trkpt>
      <trkpt lat="6.88593" lon="125.37972">
        <ele>827.73</ele>
      </trkpt>
      <trkpt lat="6.88589" lon="125.37972">
        <ele>827.01</ele>
      </trkpt>
      <trkpt lat="6.88581" lon="125.3797">
        <ele>825.35</ele>
      </trkpt>
      <trkpt lat="6.88568" lon="125.3796">
        <ele>822.56</ele>
      </trkpt>
      <trkpt lat="6.88562" lon="125.37957">
        <ele>821.54</ele>
      </trkpt>
      <trkpt lat="6.88558" lon="125.37952">
        <ele>821.36</ele>
      </trkpt>
      <trkpt lat="6.88554" lon="125.3795">
        <ele>820.93</ele>
      </trkpt>
      <trkpt lat="6.88551" lon="125.37949">
        <ele>820.58</ele>
      </trkpt>
      <trkpt lat="6.88547" lon="125.37947">
        <ele>820.29</ele>
      </trkpt>
      <trkpt lat="6.88541" lon="125.37941">
        <ele>820.66</ele>
      </trkpt>
      <trkpt lat="6.88535" lon="125.37935">
        <ele>821.41</ele>
      </trkpt>
      <trkpt lat="6.88528" lon="125.37932">
        <ele>821.6</ele>
      </trkpt>
      <trkpt lat="6.88525" lon="125.3793">
        <ele>821.92</ele>
      </trkpt>
      <trkpt lat="6.88524" lon="125.37927">
        <ele>822.74</ele>
      </trkpt>
      <trkpt lat="6.88523" lon="125.37925">
        <ele>823.27</ele>
      </trkpt>
      <trkpt lat="6.88522" lon="125.37923">
        <ele>823.83</ele>
      </trkpt>
      <trkpt lat="6.88521" lon="125.37921">
        <ele>824.39</ele>
      </trkpt>
      <trkpt lat="6.8852" lon="125.37918">
        <ele>825.3</ele>
      </trkpt>
      <trkpt lat="6.88518" lon="125.37916">
        <ele>825.48</ele>
      </trkpt>
      <trkpt lat="6.88514" lon="125.37913">
        <ele>824.58</ele>
      </trkpt>
      <trkpt lat="6.88511" lon="125.3791">
        <ele>823.72</ele>
      </trkpt>
      <trkpt lat="6.88508" lon="125.37905">
        <ele>822.35</ele>
      </trkpt>
      <trkpt lat="6.88507" lon="125.37904">
        <ele>822.06</ele>
      </trkpt>
      <trkpt lat="6.88504" lon="125.37901">
        <ele>821.2</ele>
      </trkpt>
      <trkpt lat="6.88498" lon="125.37895">
        <ele>819.19</ele>
      </trkpt>
      <trkpt lat="6.88493" lon="125.37892">
        <ele>817.66</ele>
      </trkpt>
      <trkpt lat="6.88491" lon="125.37891">
        <ele>817.14</ele>
      </trkpt>
      <trkpt lat="6.88487" lon="125.37883">
        <ele>814.83</ele>
      </trkpt>
      <trkpt lat="6.88487" lon="125.37883">
        <ele>814.83</ele>
      </trkpt>
      <trkpt lat="6.88481" lon="125.37879">
        <ele>813.39</ele>
      </trkpt>
      <trkpt lat="6.88473" lon="125.37878">
        <ele>812.5</ele>
      </trkpt>
      <trkpt lat="6.88473" lon="125.37878">
        <ele>812.5</ele>
      </trkpt>
      <trkpt lat="6.88468" lon="125.3788">
        <ele>812.31</ele>
      </trkpt>
      <trkpt lat="6.88464" lon="125.37882">
        <ele>812.12</ele>
      </trkpt>
      <trkpt lat="6.88459" lon="125.37882">
        <ele>811.58</ele>
      </trkpt>
      <trkpt lat="6.88452" lon="125.37886">
        <ele>810.97</ele>
      </trkpt>
      <trkpt lat="6.88451" lon="125.37886">
        <ele>810.85</ele>
      </trkpt>
      <trkpt lat="6.88447" lon="125.37888">
        <ele>810.36</ele>
      </trkpt>
      <trkpt lat="6.88441" lon="125.37888">
        <ele>809.52</ele>
      </trkpt>
      <trkpt lat="6.88436" lon="125.37884">
        <ele>809.0</ele>
      </trkpt>
      <trkpt lat="6.88431" lon="125.37883">
        <ele>808.47</ele>
      </trkpt>
      <trkpt lat="6.88427" lon="125.37885">
        <ele>807.84</ele>
      </trkpt>
      <trkpt lat="6.88421" lon="125.37892">
        <ele>806.13</ele>
      </trkpt>
      <trkpt lat="6.88422" lon="125.379">
        <ele>805.08</ele>
      </trkpt>
      <trkpt lat="6.88422" lon="125.3791">
        <ele>803.55</ele>
      </trkpt>
      <trkpt lat="6.88422" lon="125.37915">
        <ele>802.79</ele>
      </trkpt>
      <trkpt lat="6.8842" lon="125.37925">
        <ele>800.09</ele>
      </trkpt>
      <trkpt lat="6.88418" lon="125.37929">
        <ele>798.68</ele>
      </trkpt>
      <trkpt lat="6.88418" lon="125.37932">
        <ele>798.02</ele>
      </trkpt>
      <trkpt lat="6.88416" lon="125.37935">
        <ele>796.82</ele>
      </trkpt>
      <trkpt lat="6.88416" lon="125.37937">
        <ele>796.39</ele>
      </trkpt>
      <trkpt lat="6.88417" lon="125.37939">
        <ele>796.25</ele>
      </trkpt>
      <trkpt lat="6.88418" lon="125.3794">
        <ele>796.26</ele>
      </trkpt>
      <trkpt lat="6.8842" lon="125.37946">
        <ele>795.32</ele>
      </trkpt>
      <trkpt lat="6.88424" lon="125.37955">
        <ele>793.82</ele>
      </trkpt>
      <trkpt lat="6.88422" lon="125.37959">
        <ele>792.38</ele>
      </trkpt>
      <trkpt lat="6.88422" lon="125.37961">
        <ele>791.87</ele>
      </trkpt>
      <trkpt lat="6.88418" lon="125.37964">
        <ele>790.33</ele>
      </trkpt>
      <trkpt lat="6.88415" lon="125.37965">
        <ele>789.18</ele>
      </trkpt>
      <trkpt lat="6.88413" lon="125.37964">
        <ele>788.66</ele>
      </trkpt>
      <trkpt lat="6.88411" lon="125.37965">
        <ele>787.63</ele>
      </trkpt>
      <trkpt lat="6.88404" lon="125.37965">
        <ele>784.92</ele>
      </trkpt>
      <trkpt lat="6.88402" lon="125.37964">
        <ele>784.42</ele>
      </trkpt>
      <trkpt lat="6.88398" lon="125.37964">
        <ele>782.88</ele>
      </trkpt>
      <trkpt lat="6.88386" lon="125.37964">
        <ele>778.21</ele>
      </trkpt>
      <trkpt lat="6.8838" lon="125.37965">
        <ele>775.49</ele>
      </trkpt>
      <trkpt lat="6.88367" lon="125.37961">
        <ele>771.73</ele>
      </trkpt>
      <trkpt lat="6.88359" lon="125.37958">
        <ele>769.84</ele>
      </trkpt>
      <trkpt lat="6.88356" lon="125.37956">
        <ele>769.54</ele>
      </trkpt>
      <trkpt lat="6.88351" lon="125.37952">
        <ele>769.43</ele>
      </trkpt>
      <trkpt lat="6.88343" lon="125.37944">
        <ele>770.34</ele>
      </trkpt>
      <trkpt lat="6.88332" lon="125.37936">
        <ele>770.97</ele>
      </trkpt>
      <trkpt lat="6.88327" lon="125.37929">
        <ele>773.42</ele>
      </trkpt>
      <trkpt lat="6.88324" lon="125.37926">
        <ele>774.28</ele>
      </trkpt>
      <trkpt lat="6.88317" lon="125.37921">
        <ele>775.29</ele>
      </trkpt>
      <trkpt lat="6.88314" lon="125.37918">
        <ele>776.15</ele>
      </trkpt>
      <trkpt lat="6.88312" lon="125.37917">
        <ele>776.22</ele>
      </trkpt>
      <trkpt lat="6.88307" lon="125.37917">
        <ele>775.14</ele>
      </trkpt>
      <trkpt lat="6.88303" lon="125.37916">
        <ele>774.49</ele>
      </trkpt>
      <trkpt lat="6.88299" lon="125.37915">
        <ele>773.69</ele>
      </trkpt>
      <trkpt lat="6.88297" lon="125.37914">
        <ele>773.31</ele>
      </trkpt>
      <trkpt lat="6.88291" lon="125.37913">
        <ele>772.05</ele>
      </trkpt>
      <trkpt lat="6.88287" lon="125.37911">
        <ele>771.26</ele>
      </trkpt>
      <trkpt lat="6.88283" lon="125.37909">
        <ele>770.46</ele>
      </trkpt>
      <trkpt lat="6.88278" lon="125.37907">
        <ele>769.4</ele>
      </trkpt>
      <trkpt lat="6.88272" lon="125.37904">
        <ele>768.11</ele>
      </trkpt>
      <trkpt lat="6.8827" lon="125.37904">
        <ele>767.65</ele>
      </trkpt>
      <trkpt lat="6.88269" lon="125.37904">
        <ele>767.42</ele>
      </trkpt>
      <trkpt lat="6.88266" lon="125.37903">
        <ele>766.74</ele>
      </trkpt>
      <trkpt lat="6.88261" lon="125.37902">
        <ele>765.59</ele>
      </trkpt>
      <trkpt lat="6.88258" lon="125.37901">
        <ele>764.89</ele>
      </trkpt>
      <trkpt lat="6.88249" lon="125.37898">
        <ele>762.86</ele>
      </trkpt>
      <trkpt lat="6.88245" lon="125.37897">
        <ele>762.28</ele>
      </trkpt>
      <trkpt lat="6.88242" lon="125.37896">
        <ele>761.85</ele>
      </trkpt>
      <trkpt lat="6.88237" lon="125.37894">
        <ele>761.13</ele>
      </trkpt>
      <trkpt lat="6.88227" lon="125.37891">
        <ele>759.69</ele>
      </trkpt>
      <trkpt lat="6.88219" lon="125.37889">
        <ele>758.65</ele>
      </trkpt>
      <trkpt lat="6.88207" lon="125.37884">
        <ele>757.53</ele>
      </trkpt>
      <trkpt lat="6.88197" lon="125.37881">
        <ele>756.56</ele>
      </trkpt>
      <trkpt lat="6.88191" lon="125.37881">
        <ele>755.86</ele>
      </trkpt>
      <trkpt lat="6.88188" lon="125.37878">
        <ele>755.65</ele>
      </trkpt>
      <trkpt lat="6.88182" lon="125.37873">
        <ele>755.29</ele>
      </trkpt>
      <trkpt lat="6.88181" lon="125.37872">
        <ele>755.26</ele>
      </trkpt>
      <trkpt lat="6.88172" lon="125.37868">
        <ele>754.74</ele>
      </trkpt>
      <trkpt lat="6.88171" lon="125.37868">
        <ele>754.65</ele>
      </trkpt>
      <trkpt lat="6.88169" lon="125.37868">
        <ele>754.47</ele>
      </trkpt>
      <trkpt lat="6.88167" lon="125.37867">
        <ele>754.39</ele>
      </trkpt>
      <trkpt lat="6.88165" lon="125.37867">
        <ele>754.1</ele>
      </trkpt>
      <trkpt lat="6.88162" lon="125.37865">
        <ele>753.86</ele>
      </trkpt>
      <trkpt lat="6.88159" lon="125.37865">
        <ele>753.4</ele>
      </trkpt>
      <trkpt lat="6.88149" lon="125.37861">
        <ele>752.47</ele>
      </trkpt>
      <trkpt lat="6.88146" lon="125.37861">
        <ele>752.04</ele>
      </trkpt>
      <trkpt lat="6.88143" lon="125.3786">
        <ele>751.81</ele>
      </trkpt>
      <trkpt lat="6.8814" lon="125.37858">
        <ele>751.81</ele>
      </trkpt>
      <trkpt lat="6.88138" lon="125.37858">
        <ele>751.58</ele>
      </trkpt>
      <trkpt lat="6.88135" lon="125.37855">
        <ele>751.96</ele>
      </trkpt>
      <trkpt lat="6.88131" lon="125.37854">
        <ele>751.83</ele>
      </trkpt>
      <trkpt lat="6.88123" lon="125.37849">
        <ele>752.4</ele>
      </trkpt>
      <trkpt lat="6.88118" lon="125.37846">
        <ele>752.83</ele>
      </trkpt>
      <trkpt lat="6.88116" lon="125.37845">
        <ele>752.96</ele>
      </trkpt>
      <trkpt lat="6.88116" lon="125.37844">
        <ele>753.24</ele>
      </trkpt>
      <trkpt lat="6.88116" lon="125.37844">
        <ele>753.24</ele>
      </trkpt>
      <trkpt lat="6.8811" lon="125.37841">
        <ele>753.76</ele>
      </trkpt>
      <trkpt lat="6.88104" lon="125.37836">
        <ele>755.16</ele>
      </trkpt>
      <trkpt lat="6.88095" lon="125.37824">
        <ele>755.86</ele>
      </trkpt>
      <trkpt lat="6.88088" lon="125.37818">
        <ele>755.91</ele>
      </trkpt>
      <trkpt lat="6.88084" lon="125.37814">
        <ele>755.98</ele>
      </trkpt>
      <trkpt lat="6.88079" lon="125.37809">
        <ele>755.34</ele>
      </trkpt>
      <trkpt lat="6.88075" lon="125.37806">
        <ele>754.79</ele>
      </trkpt>
      <trkpt lat="6.88071" lon="125.37801">
        <ele>754.37</ele>
      </trkpt>
      <trkpt lat="6.88066" lon="125.37796">
        <ele>753.93</ele>
      </trkpt>
      <trkpt lat="6.8806" lon="125.37789">
        <ele>753.64</ele>
      </trkpt>
      <trkpt lat="6.88053" lon="125.37786">
        <ele>753.17</ele>
      </trkpt>
      <trkpt lat="6.8805" lon="125.37785">
        <ele>752.98</ele>
      </trkpt>
      <trkpt lat="6.88045" lon="125.37781">
        <ele>752.92</ele>
      </trkpt>
      <trkpt lat="6.8804" lon="125.37778">
        <ele>752.86</ele>
      </trkpt>
      <trkpt lat="6.88031" lon="125.37767">
        <ele>753.69</ele>
      </trkpt>
      <trkpt lat="6.88026" lon="125.37756">
        <ele>755.11</ele>
      </trkpt>
      <trkpt lat="6.88024" lon="125.37749">
        <ele>755.79</ele>
      </trkpt>
      <trkpt lat="6.88022" lon="125.37747">
        <ele>755.4</ele>
      </trkpt>
      <trkpt lat="6.88018" lon="125.3774">
        <ele>754.09</ele>
      </trkpt>
      <trkpt lat="6.88012" lon="125.37732">
        <ele>752.85</ele>
      </trkpt>
      <trkpt lat="6.8801" lon="125.37729">
        <ele>752.43</ele>
      </trkpt>
      <trkpt lat="6.88003" lon="125.37719">
        <ele>751.19</ele>
      </trkpt>
      <trkpt lat="6.87999" lon="125.37715">
        <ele>750.48</ele>
      </trkpt>
      <trkpt lat="6.87997" lon="125.37713">
        <ele>749.69</ele>
      </trkpt>
      <trkpt lat="6.87995" lon="125.37711">
        <ele>748.94</ele>
      </trkpt>
      <trkpt lat="6.87991" lon="125.37707">
        <ele>747.52</ele>
      </trkpt>
      <trkpt lat="6.87986" lon="125.377">
        <ele>745.68</ele>
      </trkpt>
      <trkpt lat="6.87981" lon="125.37697">
        <ele>744.54</ele>
      </trkpt>
      <trkpt lat="6.87977" lon="125.37695">
        <ele>743.74</ele>
      </trkpt>
      <trkpt lat="6.87974" lon="125.37692">
        <ele>743.07</ele>
      </trkpt>
      <trkpt lat="6.87971" lon="125.37687">
        <ele>742.32</ele>
      </trkpt>
      <trkpt lat="6.8797" lon="125.37684">
        <ele>742.02</ele>
      </trkpt>
      <trkpt lat="6.87966" lon="125.37675">
        <ele>741.17</ele>
      </trkpt>
      <trkpt lat="6.87964" lon="125.3767">
        <ele>740.84</ele>
      </trkpt>
      <trkpt lat="6.8796" lon="125.37665">
        <ele>740.14</ele>
      </trkpt>
      <trkpt lat="6.87957" lon="125.37662">
        <ele>739.28</ele>
      </trkpt>
      <trkpt lat="6.87951" lon="125.37659">
        <ele>738.3</ele>
      </trkpt>
      <trkpt lat="6.87944" lon="125.37657">
        <ele>737.54</ele>
      </trkpt>
      <trkpt lat="6.87938" lon="125.37654">
        <ele>736.56</ele>
      </trkpt>
      <trkpt lat="6.87933" lon="125.37651">
        <ele>735.69</ele>
      </trkpt>
      <trkpt lat="6.87931" lon="125.37648">
        <ele>734.98</ele>
      </trkpt>
      <trkpt lat="6.8793" lon="125.37645">
        <ele>734.31</ele>
      </trkpt>
      <trkpt lat="6.87928" lon="125.37641">
        <ele>733.44</ele>
      </trkpt>
      <trkpt lat="6.87923" lon="125.37638">
        <ele>732.86</ele>
      </trkpt>
      <trkpt lat="6.87915" lon="125.37635">
        <ele>732.1</ele>
      </trkpt>
      <trkpt lat="6.87915" lon="125.37634">
        <ele>731.96</ele>
      </trkpt>
      <trkpt lat="6.87908" lon="125.3763">
        <ele>730.05</ele>
      </trkpt>
      <trkpt lat="6.87908" lon="125.37628">
        <ele>729.8</ele>
      </trkpt>
      <trkpt lat="6.87906" lon="125.37626">
        <ele>729.2</ele>
      </trkpt>
      <trkpt lat="6.87904" lon="125.37624">
        <ele>728.61</ele>
      </trkpt>
      <trkpt lat="6.87901" lon="125.37619">
        <ele>727.56</ele>
      </trkpt>
      <trkpt lat="6.87899" lon="125.37616">
        <ele>726.94</ele>
      </trkpt>
      <trkpt lat="6.87896" lon="125.37614">
        <ele>726.29</ele>
      </trkpt>
      <trkpt lat="6.87894" lon="125.3761">
        <ele>725.63</ele>
      </trkpt>
      <trkpt lat="6.87889" lon="125.37606">
        <ele>724.65</ele>
      </trkpt>
      <trkpt lat="6.87884" lon="125.37605">
        <ele>724.15</ele>
      </trkpt>
      <trkpt lat="6.87875" lon="125.37605">
        <ele>723.39</ele>
      </trkpt>
      <trkpt lat="6.87869" lon="125.37604">
        <ele>722.89</ele>
      </trkpt>
      <trkpt lat="6.87866" lon="125.37604">
        <ele>722.65</ele>
      </trkpt>
      <trkpt lat="6.87864" lon="125.37604">
        <ele>722.49</ele>
      </trkpt>
      <trkpt lat="6.87861" lon="125.37603">
        <ele>722.28</ele>
      </trkpt>
      <trkpt lat="6.87857" lon="125.37603">
        <ele>721.93</ele>
      </trkpt>
      <trkpt lat="6.87853" lon="125.37602">
        <ele>721.64</ele>
      </trkpt>
      <trkpt lat="6.8785" lon="125.37602">
        <ele>721.39</ele>
      </trkpt>
      <trkpt lat="6.87839" lon="125.37599">
        <ele>720.74</ele>
      </trkpt>
      <trkpt lat="6.87831" lon="125.37595">
        <ele>720.0</ele>
      </trkpt>
      <trkpt lat="6.87827" lon="125.37594">
        <ele>718.85</ele>
      </trkpt>
      <trkpt lat="6.87824" lon="125.37592">
        <ele>718.17</ele>
      </trkpt>
      <trkpt lat="6.87821" lon="125.37589">
        <ele>717.65</ele>
      </trkpt>
      <trkpt lat="6.87819" lon="125.37585">
        <ele>717.63</ele>
      </trkpt>
      <trkpt lat="6.87816" lon="125.37581">
        <ele>716.61</ele>
      </trkpt>
      <trkpt lat="6.87815" lon="125.37577">
        <ele>715.65</ele>
      </trkpt>
      <trkpt lat="6.87815" lon="125.37574">
        <ele>715.15</ele>
      </trkpt>
      <trkpt lat="6.87813" lon="125.37569">
        <ele>713.8</ele>
      </trkpt>
      <trkpt lat="6.87809" lon="125.37564">
        <ele>712.04</ele>
      </trkpt>
      <trkpt lat="6.87805" lon="125.37561">
        <ele>710.67</ele>
      </trkpt>
      <trkpt lat="6.87801" lon="125.37559">
        <ele>709.59</ele>
      </trkpt>
      <trkpt lat="6.87798" lon="125.37558">
        <ele>708.9</ele>
      </trkpt>
      <trkpt lat="6.87794" lon="125.37556">
        <ele>707.96</ele>
      </trkpt>
      <trkpt lat="6.87788" lon="125.37552">
        <ele>706.62</ele>
      </trkpt>
      <trkpt lat="6.8778" lon="125.37546">
        <ele>705.0</ele>
      </trkpt>
      <trkpt lat="6.87779" lon="125.37544">
        <ele>704.77</ele>
      </trkpt>
      <trkpt lat="6.87778" lon="125.37543">
        <ele>704.58</ele>
      </trkpt>
      <trkpt lat="6.87775" lon="125.37539">
        <ele>704.04</ele>
      </trkpt>
      <trkpt lat="6.87773" lon="125.37537">
        <ele>703.76</ele>
      </trkpt>
      <trkpt lat="6.87771" lon="125.37532">
        <ele>703.52</ele>
      </trkpt>
      <trkpt lat="6.87771" lon="125.37526">
        <ele>703.54</ele>
      </trkpt>
      <trkpt lat="6.87769" lon="125.37522">
        <ele>703.5</ele>
      </trkpt>
      <trkpt lat="6.87765" lon="125.37519">
        <ele>703.37</ele>
      </trkpt>
      <trkpt lat="6.87758" lon="125.37515">
        <ele>703.23</ele>
      </trkpt>
      <trkpt lat="6.87751" lon="125.37513">
        <ele>703.1</ele>
      </trkpt>
      <trkpt lat="6.8774" lon="125.3751">
        <ele>701.09</ele>
      </trkpt>
      <trkpt lat="6.87729" lon="125.3751">
        <ele>698.68</ele>
      </trkpt>
      <trkpt lat="6.87727" lon="125.37509">
        <ele>698.41</ele>
      </trkpt>
      <trkpt lat="6.87723" lon="125.37507">
        <ele>697.9</ele>
      </trkpt>
      <trkpt lat="6.87721" lon="125.37503">
        <ele>698.23</ele>
      </trkpt>
      <trkpt lat="6.87714" lon="125.37495">
        <ele>696.96</ele>
      </trkpt>
      <trkpt lat="6.87712" lon="125.37494">
        <ele>696.53</ele>
      </trkpt>
      <trkpt lat="6.87708" lon="125.3749">
        <ele>695.55</ele>
      </trkpt>
      <trkpt lat="6.87705" lon="125.37485">
        <ele>694.74</ele>
      </trkpt>
      <trkpt lat="6.87702" lon="125.37483">
        <ele>694.25</ele>
      </trkpt>
      <trkpt lat="6.87696" lon="125.37475">
        <ele>693.23</ele>
      </trkpt>
      <trkpt lat="6.87694" lon="125.37471">
        <ele>692.93</ele>
      </trkpt>
      <trkpt lat="6.87692" lon="125.37468">
        <ele>692.73</ele>
      </trkpt>
      <trkpt lat="6.87691" lon="125.37464">
        <ele>692.6</ele>
      </trkpt>
      <trkpt lat="6.8769" lon="125.37461">
        <ele>692.53</ele>
      </trkpt>
      <trkpt lat="6.87688" lon="125.37455">
        <ele>692.49</ele>
      </trkpt>
      <trkpt lat="6.87686" lon="125.3745">
        <ele>692.56</ele>
      </trkpt>
      <trkpt lat="6.87679" lon="125.37434">
        <ele>693.36</ele>
      </trkpt>
      <trkpt lat="6.87677" lon="125.37425">
        <ele>693.87</ele>
      </trkpt>
      <trkpt lat="6.87673" lon="125.37416">
        <ele>694.64</ele>
      </trkpt>
      <trkpt lat="6.87669" lon="125.3741">
        <ele>693.42</ele>
      </trkpt>
      <trkpt lat="6.87664" lon="125.37405">
        <ele>691.57</ele>
      </trkpt>
      <trkpt lat="6.8766" lon="125.37398">
        <ele>688.52</ele>
      </trkpt>
      <trkpt lat="6.87659" lon="125.37395">
        <ele>687.42</ele>
      </trkpt>
      <trkpt lat="6.87652" lon="125.37386">
        <ele>683.59</ele>
      </trkpt>
      <trkpt lat="6.87652" lon="125.37385">
        <ele>683.32</ele>
      </trkpt>
      <trkpt lat="6.87649" lon="125.37382">
        <ele>682.06</ele>
      </trkpt>
      <trkpt lat="6.87646" lon="125.37379">
        <ele>680.87</ele>
      </trkpt>
      <trkpt lat="6.87644" lon="125.37377">
        <ele>680.12</ele>
      </trkpt>
      <trkpt lat="6.87639" lon="125.37371">
        <ele>678.15</ele>
      </trkpt>
      <trkpt lat="6.87631" lon="125.37363">
        <ele>675.78</ele>
      </trkpt>
      <trkpt lat="6.8763" lon="125.37359">
        <ele>675.0</ele>
      </trkpt>
      <trkpt lat="6.87618" lon="125.37344">
        <ele>672.65</ele>
      </trkpt>
      <trkpt lat="6.87616" lon="125.3734">
        <ele>672.3</ele>
      </trkpt>
      <trkpt lat="6.87615" lon="125.37338">
        <ele>672.15</ele>
      </trkpt>
      <trkpt lat="6.87611" lon="125.3733">
        <ele>671.16</ele>
      </trkpt>
      <trkpt lat="6.8761" lon="125.37329">
        <ele>670.96</ele>
      </trkpt>
      <trkpt lat="6.87605" lon="125.37323">
        <ele>669.78</ele>
      </trkpt>
      <trkpt lat="6.87601" lon="125.37318">
        <ele>668.9</ele>
      </trkpt>
      <trkpt lat="6.87598" lon="125.37314">
        <ele>668.26</ele>
      </trkpt>
      <trkpt lat="6.87596" lon="125.37312">
        <ele>668.0</ele>
      </trkpt>
      <trkpt lat="6.87593" lon="125.37307">
        <ele>667.25</ele>
      </trkpt>
      <trkpt lat="6.87588" lon="125.37299">
        <ele>666.47</ele>
      </trkpt>
      <trkpt lat="6.87586" lon="125.37296">
        <ele>666.27</ele>
      </trkpt>
      <trkpt lat="6.87585" lon="125.37291">
        <ele>665.66</ele>
      </trkpt>
      <trkpt lat="6.87586" lon="125.37286">
        <ele>664.76</ele>
      </trkpt>
      <trkpt lat="6.87585" lon="125.37283">
        <ele>664.47</ele>
      </trkpt>
      <trkpt lat="6.87585" lon="125.37275">
        <ele>663.19</ele>
      </trkpt>
      <trkpt lat="6.87584" lon="125.37271">
        <ele>662.65</ele>
      </trkpt>
      <trkpt lat="6.87581" lon="125.37265">
        <ele>660.86</ele>
      </trkpt>
      <trkpt lat="6.87576" lon="125.37259">
        <ele>657.98</ele>
      </trkpt>
      <trkpt lat="6.87575" lon="125.37256">
        <ele>657.08</ele>
      </trkpt>
      <trkpt lat="6.87567" lon="125.37242">
        <ele>652.71</ele>
      </trkpt>
      <trkpt lat="6.87566" lon="125.37237">
        <ele>652.12</ele>
      </trkpt>
      <trkpt lat="6.87567" lon="125.37233">
        <ele>652.26</ele>
      </trkpt>
      <trkpt lat="6.87568" lon="125.3723">
        <ele>652.44</ele>
      </trkpt>
      <trkpt lat="6.8757" lon="125.37227">
        <ele>652.94</ele>
      </trkpt>
      <trkpt lat="6.87573" lon="125.37222">
        <ele>653.64</ele>
      </trkpt>
      <trkpt lat="6.87576" lon="125.37214">
        <ele>654.11</ele>
      </trkpt>
      <trkpt lat="6.87579" lon="125.37204">
        <ele>654.39</ele>
      </trkpt>
      <trkpt lat="6.87578" lon="125.372">
        <ele>653.83</ele>
      </trkpt>
      <trkpt lat="6.87577" lon="125.37198">
        <ele>653.4</ele>
      </trkpt>
      <trkpt lat="6.87575" lon="125.37192">
        <ele>652.45</ele>
      </trkpt>
      <trkpt lat="6.87573" lon="125.37189">
        <ele>651.7</ele>
      </trkpt>
      <trkpt lat="6.87572" lon="125.37187">
        <ele>651.31</ele>
      </trkpt>
      <trkpt lat="6.87572" lon="125.37181">
        <ele>650.97</ele>
      </trkpt>
      <trkpt lat="6.87573" lon="125.37176">
        <ele>650.94</ele>
      </trkpt>
      <trkpt lat="6.87573" lon="125.37163">
        <ele>650.66</ele>
      </trkpt>
      <trkpt lat="6.87574" lon="125.37159">
        <ele>651.2</ele>
      </trkpt>
      <trkpt lat="6.87574" lon="125.37156">
        <ele>651.42</ele>
      </trkpt>
      <trkpt lat="6.87575" lon="125.37152">
        <ele>651.96</ele>
      </trkpt>
      <trkpt lat="6.87575" lon="125.37148">
        <ele>652.24</ele>
      </trkpt>
      <trkpt lat="6.87574" lon="125.37144">
        <ele>652.28</ele>
      </trkpt>
      <trkpt lat="6.87572" lon="125.37139">
        <ele>652.14</ele>
      </trkpt>
      <trkpt lat="6.8757" lon="125.37133">
        <ele>652.06</ele>
      </trkpt>
      <trkpt lat="6.8757" lon="125.3713">
        <ele>652.27</ele>
      </trkpt>
      <trkpt lat="6.87568" lon="125.37122">
        <ele>652.42</ele>
      </trkpt>
      <trkpt lat="6.87568" lon="125.37116">
        <ele>652.87</ele>
      </trkpt>
      <trkpt lat="6.87571" lon="125.37107">
        <ele>654.08</ele>
      </trkpt>
      <trkpt lat="6.87571" lon="125.37105">
        <ele>654.22</ele>
      </trkpt>
      <trkpt lat="6.8757" lon="125.371">
        <ele>654.4</ele>
      </trkpt>
      <trkpt lat="6.87567" lon="125.37095">
        <ele>654.22</ele>
      </trkpt>
      <trkpt lat="6.87567" lon="125.37089">
        <ele>654.65</ele>
      </trkpt>
      <trkpt lat="6.87567" lon="125.37087">
        <ele>654.8</ele>
      </trkpt>
      <trkpt lat="6.87569" lon="125.37084">
        <ele>655.37</ele>
      </trkpt>
      <trkpt lat="6.87574" lon="125.37077">
        <ele>653.97</ele>
      </trkpt>
      <trkpt lat="6.87576" lon="125.37074">
        <ele>653.16</ele>
      </trkpt>
      <trkpt lat="6.87581" lon="125.37069">
        <ele>651.99</ele>
      </trkpt>
      <trkpt lat="6.87584" lon="125.37065">
        <ele>650.53</ele>
      </trkpt>
      <trkpt lat="6.87586" lon="125.37062">
        <ele>648.71</ele>
      </trkpt>
      <trkpt lat="6.87586" lon="125.3706">
        <ele>647.91</ele>
      </trkpt>
      <trkpt lat="6.87587" lon="125.37056">
        <ele>645.99</ele>
      </trkpt>
      <trkpt lat="6.87586" lon="125.37048">
        <ele>642.87</ele>
      </trkpt>
      <trkpt lat="6.87584" lon="125.37043">
        <ele>641.36</ele>
      </trkpt>
      <trkpt lat="6.87583" lon="125.37035">
        <ele>638.11</ele>
      </trkpt>
      <trkpt lat="6.8758" lon="125.3703">
        <ele>635.93</ele>
      </trkpt>
      <trkpt lat="6.87581" lon="125.37027">
        <ele>634.7</ele>
      </trkpt>
      <trkpt lat="6.87579" lon="125.37021">
        <ele>632.39</ele>
      </trkpt>
      <trkpt lat="6.87575" lon="125.37017">
        <ele>630.96</ele>
      </trkpt>
      <trkpt lat="6.87572" lon="125.37015">
        <ele>630.32</ele>
      </trkpt>
      <trkpt lat="6.8757" lon="125.37014">
        <ele>630.02</ele>
      </trkpt>
      <trkpt lat="6.87566" lon="125.37011">
        <ele>629.11</ele>
      </trkpt>
      <trkpt lat="6.8756" lon="125.37006">
        <ele>627.69</ele>
      </trkpt>
      <trkpt lat="6.87555" lon="125.37002">
        <ele>626.68</ele>
      </trkpt>
      <trkpt lat="6.87551" lon="125.36998">
        <ele>625.49</ele>
      </trkpt>
      <trkpt lat="6.87549" lon="125.36997">
        <ele>625.23</ele>
      </trkpt>
      <trkpt lat="6.87545" lon="125.36993">
        <ele>623.93</ele>
      </trkpt>
      <trkpt lat="6.87542" lon="125.36992">
        <ele>623.8</ele>
      </trkpt>
      <trkpt lat="6.87541" lon="125.36992">
        <ele>623.89</ele>
      </trkpt>
      <trkpt lat="6.87537" lon="125.36992">
        <ele>624.26</ele>
      </trkpt>
      <trkpt lat="6.87534" lon="125.36991">
        <ele>624.17</ele>
      </trkpt>
      <trkpt lat="6.87527" lon="125.36993">
        <ele>625.55</ele>
      </trkpt>
      <trkpt lat="6.87524" lon="125.36993">
        <ele>625.82</ele>
      </trkpt>
      <trkpt lat="6.87515" lon="125.36997">
        <ele>627.94</ele>
      </trkpt>
      <trkpt lat="6.87504" lon="125.36999">
        <ele>629.41</ele>
      </trkpt>
      <trkpt lat="6.87496" lon="125.37002">
        <ele>629.26</ele>
      </trkpt>
      <trkpt lat="6.87493" lon="125.37002">
        <ele>628.49</ele>
      </trkpt>
      <trkpt lat="6.87479" lon="125.37002">
        <ele>624.89</ele>
      </trkpt>
      <trkpt lat="6.87474" lon="125.37003">
        <ele>623.68</ele>
      </trkpt>
      <trkpt lat="6.87466" lon="125.37003">
        <ele>621.4</ele>
      </trkpt>
      <trkpt lat="6.87461" lon="125.37004">
        <ele>620.0</ele>
      </trkpt>
      <trkpt lat="6.87457" lon="125.37004">
        <ele>618.83</ele>
      </trkpt>
      <trkpt lat="6.87451" lon="125.37005">
        <ele>617.11</ele>
      </trkpt>
      <trkpt lat="6.87447" lon="125.37006">
        <ele>615.97</ele>
      </trkpt>
      <trkpt lat="6.87442" lon="125.37007">
        <ele>614.61</ele>
      </trkpt>
      <trkpt lat="6.87439" lon="125.37008">
        <ele>613.86</ele>
      </trkpt>
      <trkpt lat="6.87438" lon="125.37008">
        <ele>613.6</ele>
      </trkpt>
      <trkpt lat="6.87435" lon="125.37008">
        <ele>612.81</ele>
      </trkpt>
      <trkpt lat="6.87432" lon="125.37009">
        <ele>612.04</ele>
      </trkpt>
      <trkpt lat="6.87428" lon="125.37012">
        <ele>611.03</ele>
      </trkpt>
      <trkpt lat="6.87427" lon="125.37011">
        <ele>610.75</ele>
      </trkpt>
      <trkpt lat="6.87421" lon="125.37015">
        <ele>609.18</ele>
      </trkpt>
      <trkpt lat="6.87418" lon="125.37017">
        <ele>608.37</ele>
      </trkpt>
      <trkpt lat="6.87416" lon="125.37018">
        <ele>607.66</ele>
      </trkpt>
      <trkpt lat="6.87414" lon="125.37021">
        <ele>606.61</ele>
      </trkpt>
      <trkpt lat="6.8741" lon="125.37024">
        <ele>604.47</ele>
      </trkpt>
      <trkpt lat="6.87399" lon="125.37031">
        <ele>598.2</ele>
      </trkpt>
      <trkpt lat="6.87392" lon="125.37038">
        <ele>593.66</ele>
      </trkpt>
      <trkpt lat="6.87389" lon="125.37044">
        <ele>591.31</ele>
      </trkpt>
      <trkpt lat="6.87388" lon="125.37047">
        <ele>590.41</ele>
      </trkpt>
      <trkpt lat="6.87388" lon="125.37051">
        <ele>589.98</ele>
      </trkpt>
      <trkpt lat="6.87388" lon="125.37055">
        <ele>589.55</ele>
      </trkpt>
      <trkpt lat="6.87388" lon="125.37057">
        <ele>589.38</ele>
      </trkpt>
      <trkpt lat="6.87389" lon="125.3706">
        <ele>589.75</ele>
      </trkpt>
      <trkpt lat="6.8739" lon="125.37063">
        <ele>590.17</ele>
      </trkpt>
      <trkpt lat="6.8739" lon="125.37066">
        <ele>589.96</ele>
      </trkpt>
      <trkpt lat="6.87394" lon="125.37072">
        <ele>592.16</ele>
      </trkpt>
      <trkpt lat="6.87394" lon="125.37075">
        <ele>591.99</ele>
      </trkpt>
      <trkpt lat="6.87396" lon="125.37077">
        <ele>593.2</ele>
      </trkpt>
      <trkpt lat="6.87399" lon="125.3708">
        <ele>595.07</ele>
      </trkpt>
      <trkpt lat="6.87403" lon="125.37084">
        <ele>597.52</ele>
      </trkpt>
      <trkpt lat="6.87403" lon="125.37085">
        <ele>597.32</ele>
      </trkpt>
      <trkpt lat="6.87405" lon="125.37086">
        <ele>598.47</ele>
      </trkpt>
      <trkpt lat="6.87408" lon="125.37088">
        <ele>600.05</ele>
      </trkpt>
      <trkpt lat="6.87414" lon="125.37092">
        <ele>603.08</ele>
      </trkpt>
      <trkpt lat="6.87415" lon="125.37097">
        <ele>602.5</ele>
      </trkpt>
      <trkpt lat="6.87415" lon="125.37099">
        <ele>602.01</ele>
      </trkpt>
      <trkpt lat="6.87416" lon="125.37102">
        <ele>601.89</ele>
      </trkpt>
      <trkpt lat="6.87418" lon="125.37105">
        <ele>602.15</ele>
      </trkpt>
      <trkpt lat="6.87419" lon="125.37105">
        <ele>602.61</ele>
      </trkpt>
      <trkpt lat="6.87419" lon="125.37108">
        <ele>601.87</ele>
      </trkpt>
      <trkpt lat="6.87421" lon="125.37111">
        <ele>602.06</ele>
      </trkpt>
      <trkpt lat="6.87424" lon="125.37115">
        <ele>602.49</ele>
      </trkpt>
      <trkpt lat="6.87425" lon="125.37118">
        <ele>602.24</ele>
      </trkpt>
      <trkpt lat="6.87425" lon="125.37129">
        <ele>599.59</ele>
      </trkpt>
      <trkpt lat="6.87424" lon="125.37136">
        <ele>597.4</ele>
      </trkpt>
      <trkpt lat="6.87423" lon="125.37138">
        <ele>596.41</ele>
      </trkpt>
      <trkpt lat="6.87423" lon="125.3714">
        <ele>595.93</ele>
      </trkpt>
      <trkpt lat="6.87422" lon="125.37141">
        <ele>595.19</ele>
      </trkpt>
      <trkpt lat="6.87422" lon="125.37143">
        <ele>594.71</ele>
      </trkpt>
      <trkpt lat="6.8742" lon="125.37147">
        <ele>592.71</ele>
      </trkpt>
      <trkpt lat="6.8742" lon="125.37149">
        <ele>592.22</ele>
      </trkpt>
      <trkpt lat="6.87419" lon="125.3715">
        <ele>591.44</ele>
      </trkpt>
      <trkpt lat="6.87418" lon="125.37155">
        <ele>589.67</ele>
      </trkpt>
      <trkpt lat="6.87416" lon="125.37158">
        <ele>587.9</ele>
      </trkpt>
      <trkpt lat="6.87416" lon="125.37171">
        <ele>585.73</ele>
      </trkpt>
      <trkpt lat="6.87415" lon="125.37176">
        <ele>585.32</ele>
      </trkpt>
      <trkpt lat="6.87416" lon="125.3718">
        <ele>585.72</ele>
      </trkpt>
      <trkpt lat="6.87416" lon="125.37184">
        <ele>585.72</ele>
      </trkpt>
      <trkpt lat="6.87418" lon="125.37189">
        <ele>586.73</ele>
      </trkpt>
      <trkpt lat="6.87418" lon="125.37191">
        <ele>586.73</ele>
      </trkpt>
      <trkpt lat="6.87419" lon="125.37195">
        <ele>587.26</ele>
      </trkpt>
      <trkpt lat="6.87419" lon="125.372">
        <ele>587.26</ele>
      </trkpt>
      <trkpt lat="6.87422" lon="125.37207">
        <ele>588.88</ele>
      </trkpt>
      <trkpt lat="6.87422" lon="125.3721">
        <ele>588.88</ele>
      </trkpt>
      <trkpt lat="6.87421" lon="125.37213">
        <ele>588.34</ele>
      </trkpt>
      <trkpt lat="6.87421" lon="125.37216">
        <ele>588.34</ele>
      </trkpt>
      <trkpt lat="6.8742" lon="125.37219">
        <ele>587.8</ele>
      </trkpt>
      <trkpt lat="6.8742" lon="125.37222">
        <ele>587.8</ele>
      </trkpt>
      <trkpt lat="6.8742" lon="125.37225">
        <ele>587.79</ele>
      </trkpt>
      <trkpt lat="6.8742" lon="125.3723">
        <ele>587.77</ele>
      </trkpt>
      <trkpt lat="6.8742" lon="125.37238">
        <ele>587.73</ele>
      </trkpt>
      <trkpt lat="6.8742" lon="125.37246">
        <ele>587.7</ele>
      </trkpt>
      <trkpt lat="6.87419" lon="125.37257">
        <ele>587.95</ele>
      </trkpt>
      <trkpt lat="6.87418" lon="125.3726">
        <ele>587.77</ele>
      </trkpt>
      <trkpt lat="6.87418" lon="125.37267">
        <ele>588.54</ele>
      </trkpt>
      <trkpt lat="6.87414" lon="125.37274">
        <ele>587.07</ele>
      </trkpt>
      <trkpt lat="6.87409" lon="125.37279">
        <ele>584.72</ele>
      </trkpt>
      <trkpt lat="6.87404" lon="125.37287">
        <ele>582.58</ele>
      </trkpt>
      <trkpt lat="6.87398" lon="125.37293">
        <ele>579.34</ele>
      </trkpt>
      <trkpt lat="6.8739" lon="125.373">
        <ele>574.54</ele>
      </trkpt>
      <trkpt lat="6.87388" lon="125.37302">
        <ele>573.3</ele>
      </trkpt>
      <trkpt lat="6.87388" lon="125.37304">
        <ele>573.37</ele>
      </trkpt>
      <trkpt lat="6.87387" lon="125.37305">
        <ele>572.76</ele>
      </trkpt>
      <trkpt lat="6.87387" lon="125.37308">
        <ele>572.93</ele>
      </trkpt>
      <trkpt lat="6.87386" lon="125.3731">
        <ele>572.4</ele>
      </trkpt>
      <trkpt lat="6.87388" lon="125.3732">
        <ele>574.41</ele>
      </trkpt>
      <trkpt lat="6.87392" lon="125.37326">
        <ele>577.68</ele>
      </trkpt>
      <trkpt lat="6.87396" lon="125.3733">
        <ele>580.85</ele>
      </trkpt>
      <trkpt lat="6.87396" lon="125.37331">
        <ele>580.93</ele>
      </trkpt>
      <trkpt lat="6.87401" lon="125.37334">
        <ele>584.59</ele>
      </trkpt>
      <trkpt lat="6.87404" lon="125.37338">
        <ele>585.95</ele>
      </trkpt>
      <trkpt lat="6.87406" lon="125.37345">
        <ele>585.96</ele>
      </trkpt>
      <trkpt lat="6.87407" lon="125.37351">
        <ele>585.45</ele>
      </trkpt>
      <trkpt lat="6.87408" lon="125.37353">
        <ele>585.73</ele>
      </trkpt>
      <trkpt lat="6.87408" lon="125.37355">
        <ele>585.32</ele>
      </trkpt>
      <trkpt lat="6.8741" lon="125.37364">
        <ele>584.92</ele>
      </trkpt>
      <trkpt lat="6.8741" lon="125.37367">
        <ele>584.38</ele>
      </trkpt>
      <trkpt lat="6.87409" lon="125.37368">
        <ele>583.52</ele>
      </trkpt>
      <trkpt lat="6.87409" lon="125.3737">
        <ele>583.16</ele>
      </trkpt>
      <trkpt lat="6.87408" lon="125.37371">
        <ele>582.29</ele>
      </trkpt>
      <trkpt lat="6.87409" lon="125.37373">
        <ele>582.62</ele>
      </trkpt>
      <trkpt lat="6.87408" lon="125.37375">
        <ele>581.57</ele>
      </trkpt>
      <trkpt lat="6.87408" lon="125.37379">
        <ele>580.85</ele>
      </trkpt>
      <trkpt lat="6.87407" lon="125.37381">
        <ele>579.81</ele>
      </trkpt>
      <trkpt lat="6.87407" lon="125.37383">
        <ele>579.45</ele>
      </trkpt>
      <trkpt lat="6.87406" lon="125.37385">
        <ele>578.4</ele>
      </trkpt>
      <trkpt lat="6.87404" lon="125.37389">
        <ele>576.32</ele>
      </trkpt>
      <trkpt lat="6.87402" lon="125.37393">
        <ele>574.24</ele>
      </trkpt>
      <trkpt lat="6.87398" lon="125.37398">
        <ele>570.7</ele>
      </trkpt>
      <trkpt lat="6.87396" lon="125.37402">
        <ele>568.73</ele>
      </trkpt>
      <trkpt lat="6.87395" lon="125.37405">
        <ele>567.6</ele>
      </trkpt>
      <trkpt lat="6.87395" lon="125.37411">
        <ele>566.65</ele>
      </trkpt>
      <trkpt lat="6.87398" lon="125.37419">
        <ele>566.74</ele>
      </trkpt>
      <trkpt lat="6.874" lon="125.37422">
        <ele>566.84</ele>
      </trkpt>
      <trkpt lat="6.874" lon="125.37425">
        <ele>565.74</ele>
      </trkpt>
      <trkpt lat="6.87403" lon="125.37428">
        <ele>566.34</ele>
      </trkpt>
      <trkpt lat="6.87405" lon="125.37433">
        <ele>565.54</ele>
      </trkpt>
      <trkpt lat="6.87405" lon="125.37436">
        <ele>564.38</ele>
      </trkpt>
      <trkpt lat="6.87409" lon="125.37442">
        <ele>564.12</ele>
      </trkpt>
      <trkpt lat="6.87414" lon="125.37446">
        <ele>565.05</ele>
      </trkpt>
      <trkpt lat="6.87415" lon="125.37448">
        <ele>564.77</ele>
      </trkpt>
      <trkpt lat="6.8742" lon="125.37455">
        <ele>564.69</ele>
      </trkpt>
      <trkpt lat="6.87422" lon="125.3746">
        <ele>563.8</ele>
      </trkpt>
      <trkpt lat="6.87423" lon="125.37463">
        <ele>563.15</ele>
      </trkpt>
      <trkpt lat="6.87423" lon="125.37465">
        <ele>562.34</ele>
      </trkpt>
      <trkpt lat="6.87424" lon="125.37468">
        <ele>561.67</ele>
      </trkpt>
      <trkpt lat="6.87425" lon="125.37471">
        <ele>561.0</ele>
      </trkpt>
      <trkpt lat="6.87425" lon="125.37473">
        <ele>560.16</ele>
      </trkpt>
      <trkpt lat="6.87426" lon="125.37476">
        <ele>559.41</ele>
      </trkpt>
      <trkpt lat="6.87427" lon="125.3748">
        <ele>558.22</ele>
      </trkpt>
      <trkpt lat="6.87429" lon="125.37486">
        <ele>556.71</ele>
      </trkpt>
      <trkpt lat="6.87433" lon="125.37494">
        <ele>555.41</ele>
      </trkpt>
      <trkpt lat="6.87441" lon="125.37503">
        <ele>556.6</ele>
      </trkpt>
      <trkpt lat="6.87444" lon="125.37509">
        <ele>557.14</ele>
      </trkpt>
      <trkpt lat="6.87446" lon="125.37518">
        <ele>556.56</ele>
      </trkpt>
      <trkpt lat="6.87449" lon="125.37524">
        <ele>557.0</ele>
      </trkpt>
      <trkpt lat="6.87451" lon="125.37528">
        <ele>557.26</ele>
      </trkpt>
      <trkpt lat="6.87454" lon="125.37532">
        <ele>557.9</ele>
      </trkpt>
      <trkpt lat="6.87457" lon="125.37537">
        <ele>558.34</ele>
      </trkpt>
      <trkpt lat="6.87459" lon="125.37542">
        <ele>558.26</ele>
      </trkpt>
      <trkpt lat="6.87461" lon="125.37545">
        <ele>558.62</ele>
      </trkpt>
      <trkpt lat="6.87464" lon="125.3755">
        <ele>559.06</ele>
      </trkpt>
      <trkpt lat="6.87466" lon="125.37556">
        <ele>558.77</ele>
      </trkpt>
      <trkpt lat="6.87467" lon="125.37558">
        <ele>558.86</ele>
      </trkpt>
      <trkpt lat="6.87469" lon="125.37562">
        <ele>559.01</ele>
      </trkpt>
      <trkpt lat="6.87469" lon="125.37568">
        <ele>557.74</ele>
      </trkpt>
      <trkpt lat="6.87466" lon="125.37579">
        <ele>553.99</ele>
      </trkpt>
      <trkpt lat="6.87463" lon="125.37584">
        <ele>551.79</ele>
      </trkpt>
      <trkpt lat="6.87462" lon="125.37585">
        <ele>551.48</ele>
      </trkpt>
      <trkpt lat="6.87456" lon="125.37594">
        <ele>550.17</ele>
      </trkpt>
      <trkpt lat="6.87453" lon="125.37596">
        <ele>549.14</ele>
      </trkpt>
      <trkpt lat="6.8745" lon="125.37597">
        <ele>547.96</ele>
      </trkpt>
      <trkpt lat="6.87445" lon="125.37598">
        <ele>545.89</ele>
      </trkpt>
      <trkpt lat="6.87437" lon="125.37601">
        <ele>542.7</ele>
      </trkpt>
      <trkpt lat="6.87431" lon="125.37606">
        <ele>540.79</ele>
      </trkpt>
      <trkpt lat="6.8743" lon="125.37607">
        <ele>540.5</ele>
      </trkpt>
      <trkpt lat="6.87427" lon="125.3761">
        <ele>539.64</ele>
      </trkpt>
      <trkpt lat="6.87425" lon="125.37612">
        <ele>539.07</ele>
      </trkpt>
      <trkpt lat="6.87423" lon="125.37615">
        <ele>538.74</ele>
      </trkpt>
      <trkpt lat="6.87421" lon="125.37618">
        <ele>538.44</ele>
      </trkpt>
      <trkpt lat="6.87419" lon="125.37623">
        <ele>538.59</ele>
      </trkpt>
      <trkpt lat="6.87418" lon="125.37631">
        <ele>539.85</ele>
      </trkpt>
      <trkpt lat="6.87418" lon="125.37636">
        <ele>540.91</ele>
      </trkpt>
      <trkpt lat="6.87416" lon="125.37643">
        <ele>541.48</ele>
      </trkpt>
      <trkpt lat="6.87413" lon="125.3765">
        <ele>541.55</ele>
      </trkpt>
      <trkpt lat="6.87411" lon="125.37657">
        <ele>542.02</ele>
      </trkpt>
      <trkpt lat="6.87411" lon="125.37662">
        <ele>542.92</ele>
      </trkpt>
      <trkpt lat="6.87408" lon="125.37669">
        <ele>542.35</ele>
      </trkpt>
      <trkpt lat="6.87404" lon="125.37676">
        <ele>540.01</ele>
      </trkpt>
      <trkpt lat="6.874" lon="125.37678">
        <ele>538.09</ele>
      </trkpt>
      <trkpt lat="6.87397" lon="125.3768">
        <ele>536.57</ele>
      </trkpt>
      <trkpt lat="6.87394" lon="125.37681">
        <ele>535.15</ele>
      </trkpt>
      <trkpt lat="6.8739" lon="125.37683">
        <ele>533.14</ele>
      </trkpt>
      <trkpt lat="6.87388" lon="125.37683">
        <ele>532.25</ele>
      </trkpt>
      <trkpt lat="6.87386" lon="125.37684">
        <ele>531.19</ele>
      </trkpt>
      <trkpt lat="6.87383" lon="125.37685">
        <ele>529.68</ele>
      </trkpt>
      <trkpt lat="6.87381" lon="125.37685">
        <ele>528.76</ele>
      </trkpt>
      <trkpt lat="6.87373" lon="125.37687">
        <ele>524.79</ele>
      </trkpt>
      <trkpt lat="6.87367" lon="125.37688">
        <ele>521.87</ele>
      </trkpt>
      <trkpt lat="6.87357" lon="125.37692">
        <ele>516.54</ele>
      </trkpt>
      <trkpt lat="6.87347" lon="125.377">
        <ele>510.09</ele>
      </trkpt>
      <trkpt lat="6.87346" lon="125.37708">
        <ele>507.73</ele>
      </trkpt>
      <trkpt lat="6.87349" lon="125.37721">
        <ele>506.18</ele>
      </trkpt>
      <trkpt lat="6.87358" lon="125.37733">
        <ele>508.41</ele>
      </trkpt>
      <trkpt lat="6.87371" lon="125.37744">
        <ele>513.7</ele>
      </trkpt>
      <trkpt lat="6.87379" lon="125.37747">
        <ele>517.77</ele>
      </trkpt>
      <trkpt lat="6.87379" lon="125.37748">
        <ele>517.62</ele>
      </trkpt>
      <trkpt lat="6.87383" lon="125.37748">
        <ele>519.91</ele>
      </trkpt>
      <trkpt lat="6.8739" lon="125.37751">
        <ele>522.85</ele>
      </trkpt>
      <trkpt lat="6.87394" lon="125.37751">
        <ele>525.15</ele>
      </trkpt>
      <trkpt lat="6.87398" lon="125.37753">
        <ele>525.87</ele>
      </trkpt>
      <trkpt lat="6.87402" lon="125.37753">
        <ele>528.18</ele>
      </trkpt>
      <trkpt lat="6.87413" lon="125.37758">
        <ele>530.55</ele>
      </trkpt>
      <trkpt lat="6.87417" lon="125.3776">
        <ele>531.11</ele>
      </trkpt>
      <trkpt lat="6.87421" lon="125.37762">
        <ele>529.92</ele>
      </trkpt>
      <trkpt lat="6.87423" lon="125.37762">
        <ele>530.12</ele>
      </trkpt>
      <trkpt lat="6.87426" lon="125.37765">
        <ele>528.18</ele>
      </trkpt>
      <trkpt lat="6.87431" lon="125.37768">
        <ele>526.6</ele>
      </trkpt>
      <trkpt lat="6.87436" lon="125.37771">
        <ele>525.17</ele>
      </trkpt>
      <trkpt lat="6.8744" lon="125.37775">
        <ele>523.06</ele>
      </trkpt>
      <trkpt lat="6.87442" lon="125.37776">
        <ele>522.73</ele>
      </trkpt>
      <trkpt lat="6.87444" lon="125.37777">
        <ele>522.43</ele>
      </trkpt>
      <trkpt lat="6.8745" lon="125.37779">
        <ele>522.44</ele>
      </trkpt>
      <trkpt lat="6.87451" lon="125.37779">
        <ele>522.67</ele>
      </trkpt>
      <trkpt lat="6.87453" lon="125.37781">
        <ele>521.9</ele>
      </trkpt>
      <trkpt lat="6.87458" lon="125.37782">
        <ele>522.49</ele>
      </trkpt>
      <trkpt lat="6.87463" lon="125.37785">
        <ele>522.02</ele>
      </trkpt>
      <trkpt lat="6.87467" lon="125.37786">
        <ele>522.51</ele>
      </trkpt>
      <trkpt lat="6.87472" lon="125.3779">
        <ele>521.78</ele>
      </trkpt>
      <trkpt lat="6.87475" lon="125.37796">
        <ele>519.64</ele>
      </trkpt>
      <trkpt lat="6.87476" lon="125.37797">
        <ele>519.46</ele>
      </trkpt>
      <trkpt lat="6.87476" lon="125.37799">
        <ele>518.5</ele>
      </trkpt>
      <trkpt lat="6.87472" lon="125.37804">
        <ele>514.71</ele>
      </trkpt>
      <trkpt lat="6.87468" lon="125.37806">
        <ele>512.25</ele>
      </trkpt>
      <trkpt lat="6.87466" lon="125.3781">
        <ele>509.38</ele>
      </trkpt>
      <trkpt lat="6.87465" lon="125.37811">
        <ele>508.45</ele>
      </trkpt>
      <trkpt lat="6.87466" lon="125.37813">
        <ele>507.77</ele>
      </trkpt>
      <trkpt lat="6.87464" lon="125.37819">
        <ele>503.69</ele>
      </trkpt>
      <trkpt lat="6.87464" lon="125.37823">
        <ele>501.5</ele>
      </trkpt>
      <trkpt lat="6.87464" lon="125.37827">
        <ele>499.32</ele>
      </trkpt>
      <trkpt lat="6.87462" lon="125.3783">
        <ele>496.7</ele>
      </trkpt>
      <trkpt lat="6.87462" lon="125.37833">
        <ele>495.03</ele>
      </trkpt>
      <trkpt lat="6.87459" lon="125.37835">
        <ele>492.98</ele>
      </trkpt>
      <trkpt lat="6.87459" lon="125.37836">
        <ele>492.76</ele>
      </trkpt>
      <trkpt lat="6.87456" lon="125.37846">
        <ele>489.09</ele>
      </trkpt>
      <trkpt lat="6.87454" lon="125.37847">
        <ele>487.86</ele>
      </trkpt>
      <trkpt lat="6.87451" lon="125.3785">
        <ele>485.7</ele>
      </trkpt>
      <trkpt lat="6.8745" lon="125.37851">
        <ele>484.98</ele>
      </trkpt>
      <trkpt lat="6.8745" lon="125.37854">
        <ele>484.34</ele>
      </trkpt>
      <trkpt lat="6.87449" lon="125.37856">
        <ele>483.4</ele>
      </trkpt>
      <trkpt lat="6.87448" lon="125.37857">
        <ele>482.68</ele>
      </trkpt>
      <trkpt lat="6.87446" lon="125.3786">
        <ele>481.02</ele>
      </trkpt>
      <trkpt lat="6.87439" lon="125.37864">
        <ele>476.83</ele>
      </trkpt>
      <trkpt lat="6.8742" lon="125.37864">
        <ele>467.94</ele>
      </trkpt>
      <trkpt lat="6.87417" lon="125.37866">
        <ele>466.1</ele>
      </trkpt>
      <trkpt lat="6.87409" lon="125.37864">
        <ele>462.87</ele>
      </trkpt>
      <trkpt lat="6.87404" lon="125.37864">
        <ele>460.59</ele>
      </trkpt>
      <trkpt lat="6.874" lon="125.37865">
        <ele>458.61</ele>
      </trkpt>
      <trkpt lat="6.87396" lon="125.37867">
        <ele>456.53</ele>
      </trkpt>
      <trkpt lat="6.87393" lon="125.37867">
        <ele>455.19</ele>
      </trkpt>
      <trkpt lat="6.87391" lon="125.37867">
        <ele>454.3</ele>
      </trkpt>
      <trkpt lat="6.87388" lon="125.37867">
        <ele>452.96</ele>
      </trkpt>
      <trkpt lat="6.87381" lon="125.37866">
        <ele>449.88</ele>
      </trkpt>
      <trkpt lat="6.87376" lon="125.37867">
        <ele>447.53</ele>
      </trkpt>
      <trkpt lat="6.87373" lon="125.37868">
        <ele>446.1</ele>
      </trkpt>
      <trkpt lat="6.87372" lon="125.3787">
        <ele>445.53</ele>
      </trkpt>
      <trkpt lat="6.87371" lon="125.37871">
        <ele>445.02</ele>
      </trkpt>
      <trkpt lat="6.87367" lon="125.37871">
        <ele>443.25</ele>
      </trkpt>
      <trkpt lat="6.87366" lon="125.37869">
        <ele>442.9</ele>
      </trkpt>
      <trkpt lat="6.87364" lon="125.37867">
        <ele>442.1</ele>
      </trkpt>
      <trkpt lat="6.87362" lon="125.37868">
        <ele>441.15</ele>
      </trkpt>
      <trkpt lat="6.87361" lon="125.37868">
        <ele>440.7</ele>
      </trkpt>
      <trkpt lat="6.87356" lon="125.3787">
        <ele>438.41</ele>
      </trkpt>
      <trkpt lat="6.87351" lon="125.37871">
        <ele>436.17</ele>
      </trkpt>
      <trkpt lat="6.8735" lon="125.37873">
        <ele>435.71</ele>
      </trkpt>
      <trkpt lat="6.87347" lon="125.37878">
        <ele>434.41</ele>
      </trkpt>
      <trkpt lat="6.87345" lon="125.37886">
        <ele>433.6</ele>
      </trkpt>
      <trkpt lat="6.87347" lon="125.37888">
        <ele>434.41</ele>
      </trkpt>
      <trkpt lat="6.87346" lon="125.37892">
        <ele>434.03</ele>
      </trkpt>
      <trkpt lat="6.87348" lon="125.37897">
        <ele>434.79</ele>
      </trkpt>
      <trkpt lat="6.87347" lon="125.37908">
        <ele>434.42</ele>
      </trkpt>
      <trkpt lat="6.87345" lon="125.37911">
        <ele>433.75</ele>
      </trkpt>
      <trkpt lat="6.87342" lon="125.37914">
        <ele>432.77</ele>
      </trkpt>
      <trkpt lat="6.87341" lon="125.37914">
        <ele>432.44</ele>
      </trkpt>
      <trkpt lat="6.87334" lon="125.3791">
        <ele>429.99</ele>
      </trkpt>
      <trkpt lat="6.87333" lon="125.37908">
        <ele>429.81</ele>
      </trkpt>
      <trkpt lat="6.87333" lon="125.37907">
        <ele>429.77</ele>
      </trkpt>
      <trkpt lat="6.87331" lon="125.37904">
        <ele>430.31</ele>
      </trkpt>
      <trkpt lat="6.87329" lon="125.37903">
        <ele>430.92</ele>
      </trkpt>
      <trkpt lat="6.87327" lon="125.37899">
        <ele>431.29</ele>
      </trkpt>
      <trkpt lat="6.87324" lon="125.37895">
        <ele>431.87</ele>
      </trkpt>
      <trkpt lat="6.8732" lon="125.3789">
        <ele>432.48</ele>
      </trkpt>
      <trkpt lat="6.87318" lon="125.37892">
        <ele>433.22</ele>
      </trkpt>
      <trkpt lat="6.87317" lon="125.37892">
        <ele>433.49</ele>
      </trkpt>
      <trkpt lat="6.87312" lon="125.3789">
        <ele>434.54</ele>
      </trkpt>
      <trkpt lat="6.87311" lon="125.37888">
        <ele>434.49</ele>
      </trkpt>
      <trkpt lat="6.8731" lon="125.37887">
        <ele>434.58</ele>
      </trkpt>
      <trkpt lat="6.87308" lon="125.37886">
        <ele>434.9</ele>
      </trkpt>
      <trkpt lat="6.87305" lon="125.37883">
        <ele>435.06</ele>
      </trkpt>
      <trkpt lat="6.87304" lon="125.37882">
        <ele>435.08</ele>
      </trkpt>
      <trkpt lat="6.87302" lon="125.37879">
        <ele>434.89</ele>
      </trkpt>
      <trkpt lat="6.87301" lon="125.37876">
        <ele>434.45</ele>
      </trkpt>
      <trkpt lat="6.87296" lon="125.37871">
        <ele>434.08</ele>
      </trkpt>
      <trkpt lat="6.87295" lon="125.37869">
        <ele>433.72</ele>
      </trkpt>
      <trkpt lat="6.87294" lon="125.37867">
        <ele>433.33</ele>
      </trkpt>
      <trkpt lat="6.87292" lon="125.37865">
        <ele>433.02</ele>
      </trkpt>
      <trkpt lat="6.87288" lon="125.37864">
        <ele>433.11</ele>
      </trkpt>
      <trkpt lat="6.87286" lon="125.37861">
        <ele>432.38</ele>
      </trkpt>
      <trkpt lat="6.87283" lon="125.37859">
        <ele>431.98</ele>
      </trkpt>
      <trkpt lat="6.87279" lon="125.37854">
        <ele>430.64</ele>
      </trkpt>
      <trkpt lat="6.87272" lon="125.37847">
        <ele>428.52</ele>
      </trkpt>
      <trkpt lat="6.87267" lon="125.37843">
        <ele>427.03</ele>
      </trkpt>
      <trkpt lat="6.87267" lon="125.37843">
        <ele>427.03</ele>
      </trkpt>
      <trkpt lat="6.87263" lon="125.37841">
        <ele>426.15</ele>
      </trkpt>
      <trkpt lat="6.87261" lon="125.3784">
        <ele>425.68</ele>
      </trkpt>
      <trkpt lat="6.87257" lon="125.37838">
        <ele>424.64</ele>
      </trkpt>
      <trkpt lat="6.87254" lon="125.37837">
        <ele>424.04</ele>
      </trkpt>
      <trkpt lat="6.8725" lon="125.37832">
        <ele>422.05</ele>
      </trkpt>
      <trkpt lat="6.87244" lon="125.37829">
        <ele>423.5</ele>
      </trkpt>
      <trkpt lat="6.87237" lon="125.37824">
        <ele>424.83</ele>
      </trkpt>
      <trkpt lat="6.87233" lon="125.37822">
        <ele>425.44</ele>
      </trkpt>
      <trkpt lat="6.8723" lon="125.37819">
        <ele>425.7</ele>
      </trkpt>
      <trkpt lat="6.87227" lon="125.37817">
        <ele>425.95</ele>
      </trkpt>
      <trkpt lat="6.87218" lon="125.37815">
        <ele>426.97</ele>
      </trkpt>
      <trkpt lat="6.87209" lon="125.37811">
        <ele>427.49</ele>
      </trkpt>
      <trkpt lat="6.87206" lon="125.3781">
        <ele>427.67</ele>
      </trkpt>
      <trkpt lat="6.87204" lon="125.37809">
        <ele>427.71</ele>
      </trkpt>
      <trkpt lat="6.87196" lon="125.37806">
        <ele>427.94</ele>
      </trkpt>
      <trkpt lat="6.87193" lon="125.37806">
        <ele>428.22</ele>
      </trkpt>
      <trkpt lat="6.8719" lon="125.37805">
        <ele>428.15</ele>
      </trkpt>
      <trkpt lat="6.87187" lon="125.37804">
        <ele>428.03</ele>
      </trkpt>
      <trkpt lat="6.87186" lon="125.37803">
        <ele>427.76</ele>
      </trkpt>
      <trkpt lat="6.87184" lon="125.37802">
        <ele>427.54</ele>
      </trkpt>
      <trkpt lat="6.87182" lon="125.37801">
        <ele>427.29</ele>
      </trkpt>
      <trkpt lat="6.87182" lon="125.378">
        <ele>426.94</ele>
      </trkpt>
      <trkpt lat="6.87175" lon="125.37794">
        <ele>424.91</ele>
      </trkpt>
      <trkpt lat="6.87168" lon="125.37789">
        <ele>422.87</ele>
      </trkpt>
      <trkpt lat="6.87164" lon="125.37787">
        <ele>421.25</ele>
      </trkpt>
      <trkpt lat="6.87161" lon="125.37784">
        <ele>419.17</ele>
      </trkpt>
      <trkpt lat="6.87152" lon="125.37777">
        <ele>414.0</ele>
      </trkpt>
      <trkpt lat="6.87147" lon="125.37774">
        <ele>411.6</ele>
      </trkpt>
      <trkpt lat="6.87144" lon="125.37773">
        <ele>410.5</ele>
      </trkpt>
      <trkpt lat="6.87129" lon="125.37761">
        <ele>402.9</ele>
      </trkpt>
      <trkpt lat="6.87123" lon="125.37754">
        <ele>399.42</ele>
      </trkpt>
      <trkpt lat="6.8712" lon="125.37752">
        <ele>398.22</ele>
      </trkpt>
      <trkpt lat="6.87117" lon="125.3775">
        <ele>397.06</ele>
      </trkpt>
      <trkpt lat="6.87114" lon="125.37748">
        <ele>396.61</ele>
      </trkpt>
      <trkpt lat="6.87111" lon="125.37747">
        <ele>396.09</ele>
      </trkpt>
      <trkpt lat="6.8711" lon="125.37746">
        <ele>395.93</ele>
      </trkpt>
      <trkpt lat="6.87107" lon="125.37745">
        <ele>395.39</ele>
      </trkpt>
      <trkpt lat="6.87103" lon="125.37744">
        <ele>394.63</ele>
      </trkpt>
      <trkpt lat="6.87099" lon="125.37741">
        <ele>393.86</ele>
      </trkpt>
      <trkpt lat="6.87095" lon="125.3774">
        <ele>393.04</ele>
      </trkpt>
      <trkpt lat="6.87085" lon="125.37738">
        <ele>390.92</ele>
      </trkpt>
      <trkpt lat="6.87082" lon="125.37737">
        <ele>390.7</ele>
      </trkpt>
      <trkpt lat="6.87076" lon="125.37738">
        <ele>391.44</ele>
      </trkpt>
      <trkpt lat="6.87071" lon="125.37739">
        <ele>392.02</ele>
      </trkpt>
      <trkpt lat="6.87068" lon="125.37739">
        <ele>392.36</ele>
      </trkpt>
      <trkpt lat="6.87064" lon="125.37741">
        <ele>392.74</ele>
      </trkpt>
      <trkpt lat="6.87054" lon="125.37748">
        <ele>393.22</ele>
      </trkpt>
      <trkpt lat="6.87048" lon="125.37756">
        <ele>393.25</ele>
      </trkpt>
      <trkpt lat="6.87044" lon="125.37762">
        <ele>393.13</ele>
      </trkpt>
      <trkpt lat="6.87043" lon="125.37764">
        <ele>393.04</ele>
      </trkpt>
      <trkpt lat="6.87042" lon="125.37766">
        <ele>392.94</ele>
      </trkpt>
      <trkpt lat="6.87041" lon="125.37768">
        <ele>392.81</ele>
      </trkpt>
      <trkpt lat="6.87038" lon="125.3777">
        <ele>392.53</ele>
      </trkpt>
      <trkpt lat="6.87035" lon="125.37774">
        <ele>392.05</ele>
      </trkpt>
      <trkpt lat="6.87031" lon="125.3778">
        <ele>391.23</ele>
      </trkpt>
      <trkpt lat="6.87027" lon="125.37784">
        <ele>390.46</ele>
      </trkpt>
      <trkpt lat="6.8702" lon="125.37789">
        <ele>388.95</ele>
      </trkpt>
      <trkpt lat="6.86996" lon="125.37801">
        <ele>384.16</ele>
      </trkpt>
      <trkpt lat="6.86992" lon="125.37803">
        <ele>385.45</ele>
      </trkpt>
      <trkpt lat="6.86989" lon="125.37805">
        <ele>386.3</ele>
      </trkpt>
      <trkpt lat="6.86988" lon="125.37806">
        <ele>386.5</ele>
      </trkpt>
      <trkpt lat="6.86986" lon="125.37809">
        <ele>386.68</ele>
      </trkpt>
      <trkpt lat="6.86984" lon="125.37815">
        <ele>386.11</ele>
      </trkpt>
      <trkpt lat="6.86984" lon="125.37817">
        <ele>385.6</ele>
      </trkpt>
      <trkpt lat="6.86984" lon="125.37819">
        <ele>385.1</ele>
      </trkpt>
      <trkpt lat="6.86986" lon="125.37825">
        <ele>382.65</ele>
      </trkpt>
      <trkpt lat="6.86988" lon="125.37829">
        <ele>380.71</ele>
      </trkpt>
      <trkpt lat="6.86989" lon="125.3783">
        <ele>379.99</ele>
      </trkpt>
      <trkpt lat="6.86995" lon="125.37837">
        <ele>376.27</ele>
      </trkpt>
      <trkpt lat="6.86996" lon="125.37842">
        <ele>375.74</ele>
      </trkpt>
      <trkpt lat="6.86996" lon="125.37845">
        <ele>375.69</ele>
      </trkpt>
      <trkpt lat="6.86995" lon="125.37849">
        <ele>376.04</ele>
      </trkpt>
      <trkpt lat="6.86995" lon="125.37854">
        <ele>375.94</ele>
      </trkpt>
      <trkpt lat="6.86995" lon="125.3786">
        <ele>375.82</ele>
      </trkpt>
      <trkpt lat="6.86994" lon="125.37865">
        <ele>375.93</ele>
      </trkpt>
      <trkpt lat="6.86994" lon="125.37872">
        <ele>375.51</ele>
      </trkpt>
      <trkpt lat="6.86994" lon="125.37873">
        <ele>375.45</ele>
      </trkpt>
      <trkpt lat="6.86993" lon="125.37876">
        <ele>375.58</ele>
      </trkpt>
      <trkpt lat="6.86992" lon="125.37878">
        <ele>375.75</ele>
      </trkpt>
      <trkpt lat="6.86988" lon="125.37881">
        <ele>376.68</ele>
      </trkpt>
      <trkpt lat="6.86987" lon="125.37881">
        <ele>376.96</ele>
      </trkpt>
      <trkpt lat="6.86983" lon="125.37878">
        <ele>378.4</ele>
      </trkpt>
      <trkpt lat="6.86981" lon="125.37878">
        <ele>378.98</ele>
      </trkpt>
      <trkpt lat="6.86975" lon="125.3788">
        <ele>380.48</ele>
      </trkpt>
      <trkpt lat="6.86974" lon="125.37881">
        <ele>380.63</ele>
      </trkpt>
      <trkpt lat="6.86967" lon="125.37888">
        <ele>381.46</ele>
      </trkpt>
      <trkpt lat="6.86963" lon="125.37895">
        <ele>381.37</ele>
      </trkpt>
      <trkpt lat="6.86962" lon="125.37896">
        <ele>381.43</ele>
      </trkpt>
      <trkpt lat="6.86958" lon="125.379">
        <ele>381.56</ele>
      </trkpt>
      <trkpt lat="6.86953" lon="125.37907">
        <ele>381.08</ele>
      </trkpt>
      <trkpt lat="6.8695" lon="125.3791">
        <ele>380.89</ele>
      </trkpt>
      <trkpt lat="6.86944" lon="125.37916">
        <ele>380.23</ele>
      </trkpt>
      <trkpt lat="6.86936" lon="125.37927">
        <ele>378.9</ele>
      </trkpt>
      <trkpt lat="6.86935" lon="125.3793">
        <ele>378.31</ele>
      </trkpt>
      <trkpt lat="6.86932" lon="125.37936">
        <ele>377.06</ele>
      </trkpt>
      <trkpt lat="6.86931" lon="125.37941">
        <ele>375.86</ele>
      </trkpt>
      <trkpt lat="6.86927" lon="125.37946">
        <ele>374.58</ele>
      </trkpt>
      <trkpt lat="6.86924" lon="125.37951">
        <ele>373.13</ele>
      </trkpt>
      <trkpt lat="6.86921" lon="125.37953">
        <ele>372.42</ele>
      </trkpt>
      <trkpt lat="6.8692" lon="125.37956">
        <ele>371.46</ele>
      </trkpt>
      <trkpt lat="6.86918" lon="125.3796">
        <ele>370.07</ele>
      </trkpt>
      <trkpt lat="6.8691" lon="125.37967">
        <ele>370.09</ele>
      </trkpt>
      <trkpt lat="6.8691" lon="125.37967">
        <ele>370.09</ele>
      </trkpt>
      <trkpt lat="6.86908" lon="125.37969">
        <ele>370.16</ele>
      </trkpt>
      <trkpt lat="6.86905" lon="125.37973">
        <ele>369.96</ele>
      </trkpt>
      <trkpt lat="6.86899" lon="125.37978">
        <ele>370.62</ele>
      </trkpt>
      <trkpt lat="6.86895" lon="125.37983">
        <ele>370.61</ele>
      </trkpt>
      <trkpt lat="6.86892" lon="125.37988">
        <ele>370.27</ele>
      </trkpt>
      <trkpt lat="6.86889" lon="125.37997">
        <ele>368.82</ele>
      </trkpt>
      <trkpt lat="6.86883" lon="125.38005">
        <ele>369.93</ele>
      </trkpt>
      <trkpt lat="6.86878" lon="125.38014">
        <ele>371.11</ele>
      </trkpt>
      <trkpt lat="6.86876" lon="125.38016">
        <ele>371.68</ele>
      </trkpt>
      <trkpt lat="6.86868" lon="125.38019">
        <ele>374.39</ele>
      </trkpt>
      <trkpt lat="6.86859" lon="125.38024">
        <ele>377.18</ele>
      </trkpt>
      <trkpt lat="6.86856" lon="125.38029">
        <ele>377.71</ele>
      </trkpt>
      <trkpt lat="6.86854" lon="125.38032">
        <ele>378.1</ele>
      </trkpt>
      <trkpt lat="6.86852" lon="125.38036">
        <ele>378.39</ele>
      </trkpt>
      <trkpt lat="6.86851" lon="125.38039">
        <ele>378.43</ele>
      </trkpt>
      <trkpt lat="6.8685" lon="125.38043">
        <ele>378.36</ele>
      </trkpt>
      <trkpt lat="6.86848" lon="125.38047">
        <ele>378.64</ele>
      </trkpt>
      <trkpt lat="6.86843" lon="125.38054">
        <ele>379.69</ele>
      </trkpt>
      <trkpt lat="6.86838" lon="125.38059">
        <ele>380.84</ele>
      </trkpt>
      <trkpt lat="6.86835" lon="125.38063">
        <ele>381.34</ele>
      </trkpt>
      <trkpt lat="6.86834" lon="125.3807">
        <ele>380.69</ele>
      </trkpt>
      <trkpt lat="6.86834" lon="125.38072">
        <ele>380.41</ele>
      </trkpt>
      <trkpt lat="6.86837" lon="125.38077">
        <ele>378.69</ele>
      </trkpt>
      <trkpt lat="6.8684" lon="125.38083">
        <ele>376.89</ele>
      </trkpt>
      <trkpt lat="6.86848" lon="125.38092">
        <ele>373.62</ele>
      </trkpt>
      <trkpt lat="6.8685" lon="125.38096">
        <ele>372.69</ele>
      </trkpt>
      <trkpt lat="6.86851" lon="125.38099">
        <ele>372.15</ele>
      </trkpt>
      <trkpt lat="6.86851" lon="125.38104">
        <ele>371.79</ele>
      </trkpt>
      <trkpt lat="6.86851" lon="125.38109">
        <ele>371.43</ele>
      </trkpt>
      <trkpt lat="6.86851" lon="125.38114">
        <ele>371.04</ele>
      </trkpt>
      <trkpt lat="6.8685" lon="125.38119">
        <ele>370.98</ele>
      </trkpt>
      <trkpt lat="6.86848" lon="125.38127">
        <ele>371.07</ele>
      </trkpt>
      <trkpt lat="6.86847" lon="125.38132">
        <ele>371.08</ele>
      </trkpt>
      <trkpt lat="6.86847" lon="125.38145">
        <ele>370.15</ele>
      </trkpt>
      <trkpt lat="6.86846" lon="125.38149">
        <ele>370.26</ele>
      </trkpt>
      <trkpt lat="6.86843" lon="125.38153">
        <ele>371.16</ele>
      </trkpt>
      <trkpt lat="6.86842" lon="125.38161">
        <ele>370.98</ele>
      </trkpt>
      <trkpt lat="6.86838" lon="125.38169">
        <ele>372.07</ele>
      </trkpt>
      <trkpt lat="6.86835" lon="125.38173">
        <ele>373.11</ele>
      </trkpt>
      <trkpt lat="6.86835" lon="125.38177">
        <ele>372.97</ele>
      </trkpt>
      <trkpt lat="6.86833" lon="125.38181">
        <ele>373.66</ele>
      </trkpt>
      <trkpt lat="6.86833" lon="125.38191">
        <ele>373.29</ele>
      </trkpt>
      <trkpt lat="6.86834" lon="125.38193">
        <ele>372.79</ele>
      </trkpt>
      <trkpt lat="6.86834" lon="125.38195">
        <ele>372.72</ele>
      </trkpt>
      <trkpt lat="6.86833" lon="125.38198">
        <ele>373.04</ele>
      </trkpt>
      <trkpt lat="6.86833" lon="125.382">
        <ele>372.97</ele>
      </trkpt>
      <trkpt lat="6.86833" lon="125.38201">
        <ele>372.93</ele>
      </trkpt>
      <trkpt lat="6.86833" lon="125.38205">
        <ele>372.78</ele>
      </trkpt>
      <trkpt lat="6.86833" lon="125.38211">
        <ele>372.56</ele>
      </trkpt>
      <trkpt lat="6.86834" lon="125.38216">
        <ele>371.98</ele>
      </trkpt>
      <trkpt lat="6.86834" lon="125.38224">
        <ele>371.7</ele>
      </trkpt>
      <trkpt lat="6.86835" lon="125.38227">
        <ele>371.24</ele>
      </trkpt>
      <trkpt lat="6.86834" lon="125.3823">
        <ele>371.49</ele>
      </trkpt>
      <trkpt lat="6.86834" lon="125.38242">
        <ele>371.07</ele>
      </trkpt>
      <trkpt lat="6.86833" lon="125.38245">
        <ele>371.33</ele>
      </trkpt>
      <trkpt lat="6.86832" lon="125.38254">
        <ele>370.86</ele>
      </trkpt>
      <trkpt lat="6.86832" lon="125.38258">
        <ele>370.14</ele>
      </trkpt>
      <trkpt lat="6.86831" lon="125.3826">
        <ele>370.21</ele>
      </trkpt>
      <trkpt lat="6.86832" lon="125.38263">
        <ele>369.24</ele>
      </trkpt>
      <trkpt lat="6.86831" lon="125.38268">
        <ele>368.77</ele>
      </trkpt>
      <trkpt lat="6.86829" lon="125.38272">
        <ele>368.91</ele>
      </trkpt>
      <trkpt lat="6.86829" lon="125.38278">
        <ele>367.83</ele>
      </trkpt>
      <trkpt lat="6.86827" lon="125.38282">
        <ele>367.86</ele>
      </trkpt>
      <trkpt lat="6.86827" lon="125.38285">
        <ele>367.24</ele>
      </trkpt>
      <trkpt lat="6.86826" lon="125.38288">
        <ele>367.06</ele>
      </trkpt>
      <trkpt lat="6.86825" lon="125.38293">
        <ele>366.48</ele>
      </trkpt>
      <trkpt lat="6.86825" lon="125.38297">
        <ele>365.66</ele>
      </trkpt>
      <trkpt lat="6.86824" lon="125.38301">
        <ele>365.3</ele>
      </trkpt>
      <trkpt lat="6.86822" lon="125.38308">
        <ele>364.86</ele>
      </trkpt>
      <trkpt lat="6.86822" lon="125.38311">
        <ele>364.32</ele>
      </trkpt>
      <trkpt lat="6.86821" lon="125.38313">
        <ele>364.43</ele>
      </trkpt>
      <trkpt lat="6.86821" lon="125.38316">
        <ele>363.89</ele>
      </trkpt>
      <trkpt lat="6.8682" lon="125.38318">
        <ele>364.0</ele>
      </trkpt>
      <trkpt lat="6.86821" lon="125.3832">
        <ele>363.17</ele>
      </trkpt>
      <trkpt lat="6.8682" lon="125.38324">
        <ele>362.92</ele>
      </trkpt>
      <trkpt lat="6.8682" lon="125.38328">
        <ele>362.2</ele>
      </trkpt>
      <trkpt lat="6.86818" lon="125.38335">
        <ele>362.02</ele>
      </trkpt>
      <trkpt lat="6.86818" lon="125.38342">
        <ele>361.38</ele>
      </trkpt>
      <trkpt lat="6.86816" lon="125.38346">
        <ele>361.92</ele>
      </trkpt>
      <trkpt lat="6.86817" lon="125.38349">
        <ele>361.18</ele>
      </trkpt>
      <trkpt lat="6.86815" lon="125.38352">
        <ele>361.79</ele>
      </trkpt>
      <trkpt lat="6.86814" lon="125.38356">
        <ele>361.85</ele>
      </trkpt>
      <trkpt lat="6.86814" lon="125.38358">
        <ele>361.65</ele>
      </trkpt>
      <trkpt lat="6.86813" lon="125.38361">
        <ele>361.79</ele>
      </trkpt>
      <trkpt lat="6.86812" lon="125.38368">
        <ele>361.34</ele>
      </trkpt>
      <trkpt lat="6.86812" lon="125.38374">
        <ele>360.58</ele>
      </trkpt>
      <trkpt lat="6.86811" lon="125.38379">
        <ele>360.32</ele>
      </trkpt>
      <trkpt lat="6.8681" lon="125.38381">
        <ele>360.45</ele>
      </trkpt>
      <trkpt lat="6.8681" lon="125.38384">
        <ele>360.05</ele>
      </trkpt>
      <trkpt lat="6.86806" lon="125.38393">
        <ele>360.4</ele>
      </trkpt>
      <trkpt lat="6.86805" lon="125.38397">
        <ele>360.33</ele>
      </trkpt>
      <trkpt lat="6.86805" lon="125.38401">
        <ele>359.89</ele>
      </trkpt>
      <trkpt lat="6.86803" lon="125.38408">
        <ele>359.82</ele>
      </trkpt>
      <trkpt lat="6.86801" lon="125.38411">
        <ele>360.15</ele>
      </trkpt>
      <trkpt lat="6.86801" lon="125.38413">
        <ele>359.92</ele>
      </trkpt>
      <trkpt lat="6.86798" lon="125.38421">
        <ele>359.54</ele>
      </trkpt>
      <trkpt lat="6.86797" lon="125.38428">
        <ele>358.36</ele>
      </trkpt>
      <trkpt lat="6.86792" lon="125.38441">
        <ele>356.73</ele>
      </trkpt>
      <trkpt lat="6.86789" lon="125.38448">
        <ele>355.78</ele>
      </trkpt>
      <trkpt lat="6.86786" lon="125.38454">
        <ele>355.02</ele>
      </trkpt>
      <trkpt lat="6.86783" lon="125.38459">
        <ele>354.4</ele>
      </trkpt>
      <trkpt lat="6.86781" lon="125.38462">
        <ele>354.03</ele>
      </trkpt>
      <trkpt lat="6.8678" lon="125.38464">
        <ele>353.7</ele>
      </trkpt>
      <trkpt lat="6.86778" lon="125.38467">
        <ele>353.28</ele>
      </trkpt>
      <trkpt lat="6.86775" lon="125.38472">
        <ele>352.46</ele>
      </trkpt>
      <trkpt lat="6.86771" lon="125.38475">
        <ele>352.13</ele>
      </trkpt>
      <trkpt lat="6.86766" lon="125.3848">
        <ele>351.22</ele>
      </trkpt>
      <trkpt lat="6.86759" lon="125.38486">
        <ele>350.07</ele>
      </trkpt>
      <trkpt lat="6.86754" lon="125.38488">
        <ele>349.91</ele>
      </trkpt>
      <trkpt lat="6.86748" lon="125.38492">
        <ele>349.33</ele>
      </trkpt>
      <trkpt lat="6.86737" lon="125.38499">
        <ele>349.18</ele>
      </trkpt>
      <trkpt lat="6.86732" lon="125.38503">
        <ele>348.67</ele>
      </trkpt>
      <trkpt lat="6.86729" lon="125.38504">
        <ele>348.88</ele>
      </trkpt>
      <trkpt lat="6.86721" lon="125.3851">
        <ele>347.9</ele>
      </trkpt>
      <trkpt lat="6.86717" lon="125.38513">
        <ele>347.32</ele>
      </trkpt>
      <trkpt lat="6.86712" lon="125.38519">
        <ele>345.63</ele>
      </trkpt>
      <trkpt lat="6.8671" lon="125.38522">
        <ele>344.7</ele>
      </trkpt>
      <trkpt lat="6.86707" lon="125.38525">
        <ele>343.94</ele>
      </trkpt>
      <trkpt lat="6.86699" lon="125.38531">
        <ele>342.71</ele>
      </trkpt>
      <trkpt lat="6.86692" lon="125.38535">
        <ele>341.97</ele>
      </trkpt>
      <trkpt lat="6.86684" lon="125.38539">
        <ele>341.25</ele>
      </trkpt>
      <trkpt lat="6.86683" lon="125.38539">
        <ele>341.4</ele>
      </trkpt>
      <trkpt lat="6.86679" lon="125.38538">
        <ele>342.44</ele>
      </trkpt>
      <trkpt lat="6.86673" lon="125.3854">
        <ele>342.37</ele>
      </trkpt>
      <trkpt lat="6.8667" lon="125.38541">
        <ele>342.33</ele>
      </trkpt>
      <trkpt lat="6.86669" lon="125.38541">
        <ele>342.48</ele>
      </trkpt>
      <trkpt lat="6.86612" lon="125.38556">
        <ele>343.65</ele>
      </trkpt>
      <trkpt lat="6.86589" lon="125.38568">
        <ele>340.91</ele>
      </trkpt>
      <trkpt lat="6.86551" lon="125.38585">
        <ele>340.43</ele>
      </trkpt>
      <trkpt lat="6.86546" lon="125.38588">
        <ele>340.49</ele>
      </trkpt>
      <trkpt lat="6.86521" lon="125.38607">
        <ele>338.74</ele>
      </trkpt>
      <trkpt lat="6.8651" lon="125.38615">
        <ele>337.71</ele>
      </trkpt>
      <trkpt lat="6.86491" lon="125.38622">
        <ele>337.86</ele>
      </trkpt>
      <trkpt lat="6.86475" lon="125.38623">
        <ele>339.51</ele>
      </trkpt>
      <trkpt lat="6.86466" lon="125.38633">
        <ele>336.26</ele>
      </trkpt>
      <trkpt lat="6.86465" lon="125.38634">
        <ele>335.94</ele>
      </trkpt>
      <trkpt lat="6.8646" lon="125.3864">
        <ele>333.8</ele>
      </trkpt>
      <trkpt lat="6.8646" lon="125.38642">
        <ele>332.88</ele>
      </trkpt>
      <trkpt lat="6.86457" lon="125.38645">
        <ele>331.76</ele>
      </trkpt>
      <trkpt lat="6.86455" lon="125.38647">
        <ele>330.99</ele>
      </trkpt>
      <trkpt lat="6.86454" lon="125.38652">
        <ele>328.68</ele>
      </trkpt>
      <trkpt lat="6.86453" lon="125.38654">
        <ele>327.8</ele>
      </trkpt>
      <trkpt lat="6.86446" lon="125.38661">
        <ele>324.78</ele>
      </trkpt>
      <trkpt lat="6.86443" lon="125.38665">
        <ele>322.94</ele>
      </trkpt>
      <trkpt lat="6.86437" lon="125.3867">
        <ele>321.37</ele>
      </trkpt>
      <trkpt lat="6.86435" lon="125.38673">
        <ele>320.48</ele>
      </trkpt>
      <trkpt lat="6.86427" lon="125.3868">
        <ele>318.76</ele>
      </trkpt>
      <trkpt lat="6.86424" lon="125.38681">
        <ele>318.69</ele>
      </trkpt>
      <trkpt lat="6.86419" lon="125.38685">
        <ele>317.84</ele>
      </trkpt>
      <trkpt lat="6.86412" lon="125.38689">
        <ele>316.8</ele>
      </trkpt>
      <trkpt lat="6.86411" lon="125.3869">
        <ele>316.47</ele>
      </trkpt>
      <trkpt lat="6.8641" lon="125.38692">
        <ele>315.81</ele>
      </trkpt>
      <trkpt lat="6.86408" lon="125.38693">
        <ele>315.48</ele>
      </trkpt>
      <trkpt lat="6.86406" lon="125.38695">
        <ele>314.8</ele>
      </trkpt>
      <trkpt lat="6.86404" lon="125.38696">
        <ele>314.44</ele>
      </trkpt>
      <trkpt lat="6.86396" lon="125.387">
        <ele>313.0</ele>
      </trkpt>
      <trkpt lat="6.86387" lon="125.38707">
        <ele>310.45</ele>
      </trkpt>
      <trkpt lat="6.86385" lon="125.38709">
        <ele>309.69</ele>
      </trkpt>
      <trkpt lat="6.86379" lon="125.38712">
        <ele>308.46</ele>
      </trkpt>
      <trkpt lat="6.86374" lon="125.38717">
        <ele>306.44</ele>
      </trkpt>
      <trkpt lat="6.86363" lon="125.38723">
        <ele>303.76</ele>
      </trkpt>
      <trkpt lat="6.86359" lon="125.38725">
        <ele>302.82</ele>
      </trkpt>
      <trkpt lat="6.86353" lon="125.38728">
        <ele>301.36</ele>
      </trkpt>
      <trkpt lat="6.86345" lon="125.38734">
        <ele>298.51</ele>
      </trkpt>
      <trkpt lat="6.86341" lon="125.38735">
        <ele>297.88</ele>
      </trkpt>
      <trkpt lat="6.86338" lon="125.38737">
        <ele>296.87</ele>
      </trkpt>
      <trkpt lat="6.86334" lon="125.38738">
        <ele>296.22</ele>
      </trkpt>
      <trkpt lat="6.86331" lon="125.38739">
        <ele>295.87</ele>
      </trkpt>
      <trkpt lat="6.86331" lon="125.38739">
        <ele>295.87</ele>
      </trkpt>
      <trkpt lat="6.86327" lon="125.38741">
        <ele>295.19</ele>
      </trkpt>
      <trkpt lat="6.86321" lon="125.38742">
        <ele>295.03</ele>
      </trkpt>
      <trkpt lat="6.86314" lon="125.38744">
        <ele>294.44</ele>
      </trkpt>
      <trkpt lat="6.86305" lon="125.38747">
        <ele>293.41</ele>
      </trkpt>
      <trkpt lat="6.86293" lon="125.38749">
        <ele>292.48</ele>
      </trkpt>
      <trkpt lat="6.86286" lon="125.38754">
        <ele>290.7</ele>
      </trkpt>
      <trkpt lat="6.86283" lon="125.38757">
        <ele>289.73</ele>
      </trkpt>
      <trkpt lat="6.86276" lon="125.38764">
        <ele>287.46</ele>
      </trkpt>
      <trkpt lat="6.86275" lon="125.38765">
        <ele>287.13</ele>
      </trkpt>
      <trkpt lat="6.86273" lon="125.38769">
        <ele>285.78</ele>
      </trkpt>
      <trkpt lat="6.86271" lon="125.38771">
        <ele>285.07</ele>
      </trkpt>
      <trkpt lat="6.86267" lon="125.38773">
        <ele>284.29</ele>
      </trkpt>
      <trkpt lat="6.86263" lon="125.38776">
        <ele>283.11</ele>
      </trkpt>
      <trkpt lat="6.86259" lon="125.38778">
        <ele>282.24</ele>
      </trkpt>
      <trkpt lat="6.86256" lon="125.38779">
        <ele>281.78</ele>
      </trkpt>
      <trkpt lat="6.86253" lon="125.38781">
        <ele>280.95</ele>
      </trkpt>
      <trkpt lat="6.86249" lon="125.38782">
        <ele>280.54</ele>
      </trkpt>
      <trkpt lat="6.86244" lon="125.38784">
        <ele>280.05</ele>
      </trkpt>
      <trkpt lat="6.86237" lon="125.38785">
        <ele>279.97</ele>
      </trkpt>
      <trkpt lat="6.86232" lon="125.38785">
        <ele>280.19</ele>
      </trkpt>
      <trkpt lat="6.86226" lon="125.38786">
        <ele>280.0</ele>
      </trkpt>
      <trkpt lat="6.86222" lon="125.38786">
        <ele>280.16</ele>
      </trkpt>
      <trkpt lat="6.86213" lon="125.38788">
        <ele>279.43</ele>
      </trkpt>
      <trkpt lat="6.86207" lon="125.3879">
        <ele>278.59</ele>
      </trkpt>
      <trkpt lat="6.86202" lon="125.38792">
        <ele>277.7</ele>
      </trkpt>
      <trkpt lat="6.86198" lon="125.38792">
        <ele>277.77</ele>
      </trkpt>
      <trkpt lat="6.86193" lon="125.38793">
        <ele>277.35</ele>
      </trkpt>
      <trkpt lat="6.86187" lon="125.38794">
        <ele>276.94</ele>
      </trkpt>
      <trkpt lat="6.86182" lon="125.38794">
        <ele>277.01</ele>
      </trkpt>
      <trkpt lat="6.86179" lon="125.38795">
        <ele>276.53</ele>
      </trkpt>
      <trkpt lat="6.86172" lon="125.38796">
        <ele>276.09</ele>
      </trkpt>
      <trkpt lat="6.86168" lon="125.38797">
        <ele>275.61</ele>
      </trkpt>
      <trkpt lat="6.86163" lon="125.38799">
        <ele>274.74</ele>
      </trkpt>
      <trkpt lat="6.86153" lon="125.38802">
        <ele>273.78</ele>
      </trkpt>
      <trkpt lat="6.86138" lon="125.38806">
        <ele>272.81</ele>
      </trkpt>
      <trkpt lat="6.86136" lon="125.38806">
        <ele>272.88</ele>
      </trkpt>
      <trkpt lat="6.8613" lon="125.38806">
        <ele>273.11</ele>
      </trkpt>
      <trkpt lat="6.8612" lon="125.38805">
        <ele>273.93</ele>
      </trkpt>
      <trkpt lat="6.86112" lon="125.38804">
        <ele>274.64</ele>
      </trkpt>
      <trkpt lat="6.86101" lon="125.388">
        <ele>276.91</ele>
      </trkpt>
      <trkpt lat="6.86088" lon="125.38799">
        <ele>277.91</ele>
      </trkpt>
      <trkpt lat="6.86077" lon="125.388">
        <ele>277.8</ele>
      </trkpt>
      <trkpt lat="6.86077" lon="125.388">
        <ele>277.8</ele>
      </trkpt>
      <trkpt lat="6.86076" lon="125.388">
        <ele>277.8</ele>
      </trkpt>
      <trkpt lat="6.86073" lon="125.38801">
        <ele>277.48</ele>
      </trkpt>
      <trkpt lat="6.86064" lon="125.38804">
        <ele>276.5</ele>
      </trkpt>
      <trkpt lat="6.86053" lon="125.38805">
        <ele>276.09</ele>
      </trkpt>
      <trkpt lat="6.86034" lon="125.38806">
        <ele>275.06</ele>
      </trkpt>
      <trkpt lat="6.86027" lon="125.38807">
        <ele>274.48</ele>
      </trkpt>
      <trkpt lat="6.86016" lon="125.38806">
        <ele>274.84</ele>
      </trkpt>
      <trkpt lat="6.86009" lon="125.38803">
        <ele>276.01</ele>
      </trkpt>
      <trkpt lat="6.86002" lon="125.38802">
        <ele>276.41</ele>
      </trkpt>
      <trkpt lat="6.85997" lon="125.38802">
        <ele>276.08</ele>
      </trkpt>
      <trkpt lat="6.85992" lon="125.38801">
        <ele>275.94</ele>
      </trkpt>
      <trkpt lat="6.85989" lon="125.38801">
        <ele>275.62</ele>
      </trkpt>
      <trkpt lat="6.85984" lon="125.388">
        <ele>275.47</ele>
      </trkpt>
      <trkpt lat="6.85974" lon="125.388">
        <ele>274.39</ele>
      </trkpt>
      <trkpt lat="6.85962" lon="125.38805">
        <ele>271.47</ele>
      </trkpt>
      <trkpt lat="6.85954" lon="125.38809">
        <ele>269.45</ele>
      </trkpt>
      <trkpt lat="6.85948" lon="125.38811">
        <ele>268.3</ele>
      </trkpt>
      <trkpt lat="6.85941" lon="125.38811">
        <ele>267.52</ele>
      </trkpt>
      <trkpt lat="6.85937" lon="125.38811">
        <ele>266.92</ele>
      </trkpt>
      <trkpt lat="6.85932" lon="125.38812">
        <ele>265.71</ele>
      </trkpt>
      <trkpt lat="6.85929" lon="125.38811">
        <ele>265.72</ele>
      </trkpt>
      <trkpt lat="6.85923" lon="125.38811">
        <ele>264.82</ele>
      </trkpt>
      <trkpt lat="6.85911" lon="125.38809">
        <ele>264.79</ele>
      </trkpt>
      <trkpt lat="6.85905" lon="125.38809">
        <ele>264.55</ele>
      </trkpt>
      <trkpt lat="6.85901" lon="125.38809">
        <ele>264.39</ele>
      </trkpt>
      <trkpt lat="6.85898" lon="125.38809">
        <ele>264.27</ele>
      </trkpt>
      <trkpt lat="6.85894" lon="125.3881">
        <ele>263.26</ele>
      </trkpt>
      <trkpt lat="6.8589" lon="125.38811">
        <ele>262.17</ele>
      </trkpt>
      <trkpt lat="6.85887" lon="125.38811">
        <ele>261.51</ele>
      </trkpt>
      <trkpt lat="6.85884" lon="125.38812">
        <ele>259.7</ele>
      </trkpt>
      <trkpt lat="6.8588" lon="125.38812">
        <ele>258.47</ele>
      </trkpt>
      <trkpt lat="6.85873" lon="125.38813">
        <ele>255.46</ele>
      </trkpt>
      <trkpt lat="6.85861" lon="125.38814">
        <ele>251.02</ele>
      </trkpt>
      <trkpt lat="6.85849" lon="125.38814">
        <ele>252.5</ele>
      </trkpt>
      <trkpt lat="6.85841" lon="125.38814">
        <ele>253.49</ele>
      </trkpt>
      <trkpt lat="6.85839" lon="125.38814">
        <ele>253.74</ele>
      </trkpt>
      <trkpt lat="6.85827" lon="125.38817">
        <ele>253.66</ele>
      </trkpt>
      <trkpt lat="6.85818" lon="125.3882">
        <ele>252.77</ele>
      </trkpt>
      <trkpt lat="6.85806" lon="125.38824">
        <ele>250.7</ele>
      </trkpt>
      <trkpt lat="6.85797" lon="125.38827">
        <ele>248.58</ele>
      </trkpt>
      <trkpt lat="6.85786" lon="125.3883">
        <ele>246.83</ele>
      </trkpt>
      <trkpt lat="6.85774" lon="125.38831">
        <ele>247.21</ele>
      </trkpt>
      <trkpt lat="6.85771" lon="125.38832">
        <ele>247.06</ele>
      </trkpt>
      <trkpt lat="6.85756" lon="125.38832">
        <ele>249.61</ele>
      </trkpt>
      <trkpt lat="6.85746" lon="125.38833">
        <ele>249.87</ele>
      </trkpt>
      <trkpt lat="6.85734" lon="125.38836">
        <ele>247.04</ele>
      </trkpt>
      <trkpt lat="6.85726" lon="125.38838">
        <ele>245.2</ele>
      </trkpt>
      <trkpt lat="6.85721" lon="125.3884">
        <ele>243.74</ele>
      </trkpt>
      <trkpt lat="6.85718" lon="125.38841">
        <ele>243.28</ele>
      </trkpt>
      <trkpt lat="6.85715" lon="125.38842">
        <ele>242.87</ele>
      </trkpt>
      <trkpt lat="6.85711" lon="125.38843">
        <ele>242.58</ele>
      </trkpt>
      <trkpt lat="6.85708" lon="125.38845">
        <ele>241.73</ele>
      </trkpt>
      <trkpt lat="6.85704" lon="125.38847">
        <ele>241.08</ele>
      </trkpt>
      <trkpt lat="6.85694" lon="125.3885">
        <ele>240.72</ele>
      </trkpt>
      <trkpt lat="6.85691" lon="125.38851">
        <ele>239.69</ele>
      </trkpt>
      <trkpt lat="6.8568" lon="125.38856">
        <ele>234.72</ele>
      </trkpt>
      <trkpt lat="6.8567" lon="125.38858">
        <ele>230.99</ele>
      </trkpt>
      <trkpt lat="6.85668" lon="125.38859">
        <ele>229.8</ele>
      </trkpt>
      <trkpt lat="6.85662" lon="125.38862">
        <ele>228.63</ele>
      </trkpt>
      <trkpt lat="6.85658" lon="125.38863">
        <ele>229.09</ele>
      </trkpt>
      <trkpt lat="6.85656" lon="125.38863">
        <ele>229.43</ele>
      </trkpt>
      <trkpt lat="6.85651" lon="125.38864">
        <ele>230.02</ele>
      </trkpt>
      <trkpt lat="6.85646" lon="125.38866">
        <ele>230.27</ele>
      </trkpt>
      <trkpt lat="6.85641" lon="125.38867">
        <ele>230.76</ele>
      </trkpt>
      <trkpt lat="6.85637" lon="125.38868">
        <ele>230.89</ele>
      </trkpt>
      <trkpt lat="6.85633" lon="125.38868">
        <ele>231.14</ele>
      </trkpt>
      <trkpt lat="6.85629" lon="125.38869">
        <ele>231.01</ele>
      </trkpt>
      <trkpt lat="6.85627" lon="125.38869">
        <ele>231.12</ele>
      </trkpt>
      <trkpt lat="6.85625" lon="125.3887">
        <ele>230.82</ele>
      </trkpt>
      <trkpt lat="6.8562" lon="125.38871">
        <ele>230.63</ele>
      </trkpt>
      <trkpt lat="6.8561" lon="125.38872">
        <ele>230.26</ele>
      </trkpt>
      <trkpt lat="6.85601" lon="125.38874">
        <ele>227.41</ele>
      </trkpt>
      <trkpt lat="6.85591" lon="125.38875">
        <ele>225.02</ele>
      </trkpt>
      <trkpt lat="6.85585" lon="125.38877">
        <ele>223.3</ele>
      </trkpt>
      <trkpt lat="6.8558" lon="125.38878">
        <ele>223.04</ele>
      </trkpt>
      <trkpt lat="6.85565" lon="125.38879">
        <ele>224.34</ele>
      </trkpt>
      <trkpt lat="6.85554" lon="125.38879">
        <ele>224.79</ele>
      </trkpt>
      <trkpt lat="6.85544" lon="125.38878">
        <ele>221.62</ele>
      </trkpt>
      <trkpt lat="6.85534" lon="125.38878">
        <ele>218.51</ele>
      </trkpt>
      <trkpt lat="6.85522" lon="125.38877">
        <ele>217.75</ele>
      </trkpt>
      <trkpt lat="6.85512" lon="125.38875">
        <ele>220.41</ele>
      </trkpt>
      <trkpt lat="6.8551" lon="125.38874">
        <ele>221.31</ele>
      </trkpt>
      <trkpt lat="6.85506" lon="125.38874">
        <ele>222.24</ele>
      </trkpt>
      <trkpt lat="6.85496" lon="125.38871">
        <ele>224.84</ele>
      </trkpt>
      <trkpt lat="6.85493" lon="125.3887">
        <ele>224.88</ele>
      </trkpt>
      <trkpt lat="6.85489" lon="125.38868">
        <ele>225.26</ele>
      </trkpt>
      <trkpt lat="6.85486" lon="125.38867">
        <ele>225.19</ele>
      </trkpt>
      <trkpt lat="6.85483" lon="125.38866">
        <ele>225.09</ele>
      </trkpt>
      <trkpt lat="6.85479" lon="125.38864">
        <ele>225.23</ele>
      </trkpt>
      <trkpt lat="6.85473" lon="125.38862">
        <ele>224.78</ele>
      </trkpt>
      <trkpt lat="6.85469" lon="125.38861">
        <ele>225.02</ele>
      </trkpt>
      <trkpt lat="6.85465" lon="125.3886">
        <ele>225.22</ele>
      </trkpt>
      <trkpt lat="6.85459" lon="125.38859">
        <ele>225.45</ele>
      </trkpt>
      <trkpt lat="6.85453" lon="125.38858">
        <ele>225.72</ele>
      </trkpt>
      <trkpt lat="6.85447" lon="125.38857">
        <ele>226.01</ele>
      </trkpt>
      <trkpt lat="6.85443" lon="125.38856">
        <ele>226.61</ele>
      </trkpt>
      <trkpt lat="6.85431" lon="125.38855">
        <ele>229.55</ele>
      </trkpt>
      <trkpt lat="6.85423" lon="125.38854">
        <ele>231.62</ele>
      </trkpt>
      <trkpt lat="6.85418" lon="125.38853">
        <ele>233.03</ele>
      </trkpt>
      <trkpt lat="6.85414" lon="125.38853">
        <ele>231.75</ele>
      </trkpt>
      <trkpt lat="6.85408" lon="125.38852">
        <ele>228.52</ele>
      </trkpt>
      <trkpt lat="6.85405" lon="125.38852">
        <ele>226.75</ele>
      </trkpt>
      <trkpt lat="6.854" lon="125.38851">
        <ele>224.2</ele>
      </trkpt>
      <trkpt lat="6.85393" lon="125.38851">
        <ele>220.13</ele>
      </trkpt>
      <trkpt lat="6.8539" lon="125.38851">
        <ele>218.38</ele>
      </trkpt>
      <trkpt lat="6.85384" lon="125.3885">
        <ele>216.72</ele>
      </trkpt>
      <trkpt lat="6.85377" lon="125.3885">
        <ele>214.6</ele>
      </trkpt>
      <trkpt lat="6.85373" lon="125.38849">
        <ele>213.95</ele>
      </trkpt>
      <trkpt lat="6.8537" lon="125.38848">
        <ele>213.62</ele>
      </trkpt>
      <trkpt lat="6.85367" lon="125.38847">
        <ele>213.33</ele>
      </trkpt>
      <trkpt lat="6.85358" lon="125.38845">
        <ele>211.99</ele>
      </trkpt>
      <trkpt lat="6.85346" lon="125.38843">
        <ele>209.76</ele>
      </trkpt>
      <trkpt lat="6.85338" lon="125.38841">
        <ele>208.51</ele>
      </trkpt>
      <trkpt lat="6.85334" lon="125.3884">
        <ele>207.84</ele>
      </trkpt>
      <trkpt lat="6.85316" lon="125.38838">
        <ele>210.52</ele>
      </trkpt>
      <trkpt lat="6.85304" lon="125.38836">
        <ele>212.92</ele>
      </trkpt>
      <trkpt lat="6.85301" lon="125.38837">
        <ele>211.91</ele>
      </trkpt>
      <trkpt lat="6.85298" lon="125.38836">
        <ele>212.32</ele>
      </trkpt>
      <trkpt lat="6.85294" lon="125.38837">
        <ele>211.22</ele>
      </trkpt>
      <trkpt lat="6.85289" lon="125.38837">
        <ele>210.73</ele>
      </trkpt>
      <trkpt lat="6.85286" lon="125.38837">
        <ele>210.43</ele>
      </trkpt>
      <trkpt lat="6.85284" lon="125.38838">
        <ele>209.57</ele>
      </trkpt>
      <trkpt lat="6.85281" lon="125.38839">
        <ele>208.63</ele>
      </trkpt>
      <trkpt lat="6.85276" lon="125.3884">
        <ele>207.71</ele>
      </trkpt>
      <trkpt lat="6.8527" lon="125.38839">
        <ele>208.49</ele>
      </trkpt>
      <trkpt lat="6.85263" lon="125.3884">
        <ele>207.96</ele>
      </trkpt>
      <trkpt lat="6.85257" lon="125.38843">
        <ele>205.96</ele>
      </trkpt>
      <trkpt lat="6.85255" lon="125.38843">
        <ele>205.99</ele>
      </trkpt>
      <trkpt lat="6.85249" lon="125.38843">
        <ele>206.0</ele>
      </trkpt>
      <trkpt lat="6.85242" lon="125.38845">
        <ele>204.31</ele>
      </trkpt>
      <trkpt lat="6.85235" lon="125.38846">
        <ele>203.34</ele>
      </trkpt>
      <trkpt lat="6.85225" lon="125.38846">
        <ele>202.98</ele>
      </trkpt>
      <trkpt lat="6.85213" lon="125.38846">
        <ele>203.0</ele>
      </trkpt>
      <trkpt lat="6.85203" lon="125.38846">
        <ele>203.13</ele>
      </trkpt>
      <trkpt lat="6.8519" lon="125.38846">
        <ele>204.12</ele>
      </trkpt>
      <trkpt lat="6.85183" lon="125.38845">
        <ele>206.25</ele>
      </trkpt>
      <trkpt lat="6.85181" lon="125.38845">
        <ele>206.67</ele>
      </trkpt>
      <trkpt lat="6.85166" lon="125.38845">
        <ele>209.63</ele>
      </trkpt>
      <trkpt lat="6.85153" lon="125.38847">
        <ele>207.21</ele>
      </trkpt>
      <trkpt lat="6.85144" lon="125.38847">
        <ele>206.87</ele>
      </trkpt>
      <trkpt lat="6.85138" lon="125.38849">
        <ele>204.42</ele>
      </trkpt>
      <trkpt lat="6.85129" lon="125.3885">
        <ele>197.58</ele>
      </trkpt>
      <trkpt lat="6.85123" lon="125.3885">
        <ele>193.56</ele>
      </trkpt>
      <trkpt lat="6.8512" lon="125.3885">
        <ele>191.55</ele>
      </trkpt>
      <trkpt lat="6.85115" lon="125.3885">
        <ele>188.2</ele>
      </trkpt>
      <trkpt lat="6.8511" lon="125.3885">
        <ele>185.66</ele>
      </trkpt>
      <trkpt lat="6.85106" lon="125.3885">
        <ele>185.89</ele>
      </trkpt>
      <trkpt lat="6.85104" lon="125.38851">
        <ele>185.51</ele>
      </trkpt>
      <trkpt lat="6.851" lon="125.38851">
        <ele>185.75</ele>
      </trkpt>
      <trkpt lat="6.85094" lon="125.38851">
        <ele>186.1</ele>
      </trkpt>
      <trkpt lat="6.85091" lon="125.38851">
        <ele>186.28</ele>
      </trkpt>
      <trkpt lat="6.85086" lon="125.38851">
        <ele>186.57</ele>
      </trkpt>
      <trkpt lat="6.85074" lon="125.38851">
        <ele>185.94</ele>
      </trkpt>
      <trkpt lat="6.85065" lon="125.38853">
        <ele>184.28</ele>
      </trkpt>
      <trkpt lat="6.8506" lon="125.38853">
        <ele>183.87</ele>
      </trkpt>
      <trkpt lat="6.85055" lon="125.38854">
        <ele>182.99</ele>
      </trkpt>
      <trkpt lat="6.85051" lon="125.38854">
        <ele>182.41</ele>
      </trkpt>
      <trkpt lat="6.85044" lon="125.38855">
        <ele>181.03</ele>
      </trkpt>
      <trkpt lat="6.8504" lon="125.38854">
        <ele>180.82</ele>
      </trkpt>
      <trkpt lat="6.85037" lon="125.38855">
        <ele>180.05</ele>
      </trkpt>
      <trkpt lat="6.85034" lon="125.38856">
        <ele>179.31</ele>
      </trkpt>
      <trkpt lat="6.85032" lon="125.38856">
        <ele>179.04</ele>
      </trkpt>
      <trkpt lat="6.85029" lon="125.38856">
        <ele>178.64</ele>
      </trkpt>
      <trkpt lat="6.85024" lon="125.38857">
        <ele>177.6</ele>
      </trkpt>
      <trkpt lat="6.85022" lon="125.38856">
        <ele>177.62</ele>
      </trkpt>
      <trkpt lat="6.85019" lon="125.38857">
        <ele>176.84</ele>
      </trkpt>
      <trkpt lat="6.85017" lon="125.38858">
        <ele>176.17</ele>
      </trkpt>
      <trkpt lat="6.85014" lon="125.38858">
        <ele>175.69</ele>
      </trkpt>
      <trkpt lat="6.85008" lon="125.38858">
        <ele>174.73</ele>
      </trkpt>
      <trkpt lat="6.85001" lon="125.3886">
        <ele>172.69</ele>
      </trkpt>
      <trkpt lat="6.84993" lon="125.3886">
        <ele>170.28</ele>
      </trkpt>
      <trkpt lat="6.84989" lon="125.38861">
        <ele>168.49</ele>
      </trkpt>
      <trkpt lat="6.84982" lon="125.38861">
        <ele>166.23</ele>
      </trkpt>
      <trkpt lat="6.84976" lon="125.38863">
        <ele>163.83</ele>
      </trkpt>
      <trkpt lat="6.84974" lon="125.38863">
        <ele>163.21</ele>
      </trkpt>
      <trkpt lat="6.84971" lon="125.38864">
        <ele>162.62</ele>
      </trkpt>
      <trkpt lat="6.84967" lon="125.38864">
        <ele>163.06</ele>
      </trkpt>
      <trkpt lat="6.84962" lon="125.38866">
        <ele>163.29</ele>
      </trkpt>
      <trkpt lat="6.84958" lon="125.38866">
        <ele>163.75</ele>
      </trkpt>
      <trkpt lat="6.84956" lon="125.38866">
        <ele>163.97</ele>
      </trkpt>
      <trkpt lat="6.84946" lon="125.38867">
        <ele>164.97</ele>
      </trkpt>
      <trkpt lat="6.84943" lon="125.38866">
        <ele>165.43</ele>
      </trkpt>
      <trkpt lat="6.84937" lon="125.38866">
        <ele>166.01</ele>
      </trkpt>
      <trkpt lat="6.84933" lon="125.38864">
        <ele>166.73</ele>
      </trkpt>
      <trkpt lat="6.84929" lon="125.38863">
        <ele>167.32</ele>
      </trkpt>
      <trkpt lat="6.84924" lon="125.38861">
        <ele>168.22</ele>
      </trkpt>
      <trkpt lat="6.8492" lon="125.38858">
        <ele>168.75</ele>
      </trkpt>
      <trkpt lat="6.84914" lon="125.38853">
        <ele>168.44</ele>
      </trkpt>
      <trkpt lat="6.84911" lon="125.38849">
        <ele>167.71</ele>
      </trkpt>
      <trkpt lat="6.84908" lon="125.38842">
        <ele>166.8</ele>
      </trkpt>
      <trkpt lat="6.84903" lon="125.38824">
        <ele>163.76</ele>
      </trkpt>
      <trkpt lat="6.84901" lon="125.38812">
        <ele>160.63</ele>
      </trkpt>
      <trkpt lat="6.84901" lon="125.38808">
        <ele>159.91</ele>
      </trkpt>
      <trkpt lat="6.849" lon="125.38805">
        <ele>158.62</ele>
      </trkpt>
      <trkpt lat="6.849" lon="125.38802">
        <ele>158.7</ele>
      </trkpt>
      <trkpt lat="6.84897" lon="125.38793">
        <ele>156.76</ele>
      </trkpt>
      <trkpt lat="6.84896" lon="125.38789">
        <ele>156.31</ele>
      </trkpt>
      <trkpt lat="6.84896" lon="125.38785">
        <ele>156.59</ele>
      </trkpt>
      <trkpt lat="6.84894" lon="125.38779">
        <ele>155.83</ele>
      </trkpt>
      <trkpt lat="6.84894" lon="125.38776">
        <ele>156.37</ele>
      </trkpt>
      <trkpt lat="6.84893" lon="125.38772">
        <ele>156.76</ele>
      </trkpt>
      <trkpt lat="6.84891" lon="125.38765">
        <ele>157.37</ele>
      </trkpt>
      <trkpt lat="6.84891" lon="125.38763">
        <ele>157.86</ele>
      </trkpt>
      <trkpt lat="6.8489" lon="125.38759">
        <ele>158.32</ele>
      </trkpt>
      <trkpt lat="6.84886" lon="125.38747">
        <ele>160.16</ele>
      </trkpt>
      <trkpt lat="6.84881" lon="125.38738">
        <ele>161.21</ele>
      </trkpt>
      <trkpt lat="6.84877" lon="125.38734">
        <ele>160.51</ele>
      </trkpt>
      <trkpt lat="6.84873" lon="125.38727">
        <ele>160.17</ele>
      </trkpt>
      <trkpt lat="6.84867" lon="125.38721">
        <ele>157.51</ele>
      </trkpt>
      <trkpt lat="6.8486" lon="125.38712">
        <ele>153.06</ele>
      </trkpt>
      <trkpt lat="6.84841" lon="125.38691">
        <ele>151.21</ele>
      </trkpt>
      <trkpt lat="6.84806" lon="125.38657">
        <ele>149.16</ele>
      </trkpt>
      <trkpt lat="6.84751" lon="125.38606">
        <ele>161.12</ele>
      </trkpt>
      <trkpt lat="6.84697" lon="125.38558">
        <ele>160.89</ele>
      </trkpt>
      <trkpt lat="6.84671" lon="125.38532">
        <ele>161.88</ele>
      </trkpt>
      <trkpt lat="6.84668" lon="125.38529">
        <ele>161.98</ele>
      </trkpt>
      <trkpt lat="6.84659" lon="125.38521">
        <ele>163.21</ele>
      </trkpt>
      <trkpt lat="6.84655" lon="125.38518">
        <ele>163.37</ele>
      </trkpt>
      <trkpt lat="6.84652" lon="125.38514">
        <ele>163.8</ele>
      </trkpt>
      <trkpt lat="6.84648" lon="125.38508">
        <ele>164.23</ele>
      </trkpt>
      <trkpt lat="6.8465" lon="125.38503">
        <ele>165.91</ele>
      </trkpt>
      <trkpt lat="6.84653" lon="125.38499">
        <ele>167.66</ele>
      </trkpt>
      <trkpt lat="6.84659" lon="125.38495">
        <ele>169.93</ele>
      </trkpt>
    </trkseg>
  </trk>
</gpx>
