<?xml version="1.0"?>
<gpx xmlns="http://www.topografix.com/GPX/1/1" xmlns:xsi="http://www.w3.org/2001/XMLSchema-instance" version="1.1" creator="AllTrails.com" xsi:schemaLocation="http://www.topografix.com/GPX/1/1 http://www.topografix.com/GPX/1/1/gpx.xsd">
  <metadata>
    <name><![CDATA[Mount Apo via Kapatagan Trail]]></name>
    <desc><![CDATA[]]></desc>
    <link href="http://www.alltrails.com">
      <text>AllTrails, LLC</text>
    </link>
    <bounds minlat="6.94643" minlon="125.27094" maxlat="6.98735" maxlon="125.28636"/>
  </metadata>
  <trk>
    <name><![CDATA[Mount Apo via Kapatagan Trail]]></name>
    <src>AllTrails</src>
    <trkseg>
      <trkpt lat="6.94643" lon="125.28636">
        <ele>1616.4</ele>
      </trkpt>
      <trkpt lat="6.94689" lon="125.28616">
        <ele>1620.29</ele>
      </trkpt>
      <trkpt lat="6.94689" lon="125.28616">
        <ele>1620.29</ele>
      </trkpt>
      <trkpt lat="6.94719" lon="125.28598">
        <ele>1623.19</ele>
      </trkpt>
      <trkpt lat="6.94719" lon="125.28598">
        <ele>1623.19</ele>
      </trkpt>
      <trkpt lat="6.94732" lon="125.28593">
        <ele>1624.66</ele>
      </trkpt>
      <trkpt lat="6.94737" lon="125.28591">
        <ele>1625.24</ele>
      </trkpt>
      <trkpt lat="6.94741" lon="125.28586">
        <ele>1626.06</ele>
      </trkpt>
      <trkpt lat="6.94742" lon="125.28585">
        <ele>1626.24</ele>
      </trkpt>
      <trkpt lat="6.94763" lon="125.28569">
        <ele>1627.0</ele>
      </trkpt>
      <trkpt lat="6.94763" lon="125.28569">
        <ele>1627.0</ele>
      </trkpt>
      <trkpt lat="6.94785" lon="125.28549">
        <ele>1627.5</ele>
      </trkpt>
      <trkpt lat="6.94785" lon="125.28549">
        <ele>1627.5</ele>
      </trkpt>
      <trkpt lat="6.94794" lon="125.28538">
        <ele>1628.22</ele>
      </trkpt>
      <trkpt lat="6.94796" lon="125.28533">
        <ele>1628.47</ele>
      </trkpt>
      <trkpt lat="6.94799" lon="125.28529">
        <ele>1628.72</ele>
      </trkpt>
      <trkpt lat="6.94803" lon="125.28525">
        <ele>1629.18</ele>
      </trkpt>
      <trkpt lat="6.94803" lon="125.28525">
        <ele>1629.18</ele>
      </trkpt>
      <trkpt lat="6.94832" lon="125.285">
        <ele>1636.76</ele>
      </trkpt>
      <trkpt lat="6.94833" lon="125.285">
        <ele>1636.94</ele>
      </trkpt>
      <trkpt lat="6.94841" lon="125.28493">
        <ele>1635.72</ele>
      </trkpt>
      <trkpt lat="6.94845" lon="125.2849">
        <ele>1635.32</ele>
      </trkpt>
      <trkpt lat="6.94847" lon="125.28486">
        <ele>1634.99</ele>
      </trkpt>
      <trkpt lat="6.94847" lon="125.28481">
        <ele>1634.63</ele>
      </trkpt>
      <trkpt lat="6.94848" lon="125.28476">
        <ele>1634.31</ele>
      </trkpt>
      <trkpt lat="6.94851" lon="125.28473">
        <ele>1634.31</ele>
      </trkpt>
      <trkpt lat="6.94899" lon="125.28432">
        <ele>1623.84</ele>
      </trkpt>
      <trkpt lat="6.94899" lon="125.28432">
        <ele>1623.84</ele>
      </trkpt>
      <trkpt lat="6.94928" lon="125.28405">
        <ele>1634.02</ele>
      </trkpt>
      <trkpt lat="6.94928" lon="125.28405">
        <ele>1634.02</ele>
      </trkpt>
      <trkpt lat="6.94949" lon="125.28385">
        <ele>1647.93</ele>
      </trkpt>
      <trkpt lat="6.94951" lon="125.2838">
        <ele>1647.75</ele>
      </trkpt>
      <trkpt lat="6.94952" lon="125.28377">
        <ele>1647.65</ele>
      </trkpt>
      <trkpt lat="6.94975" lon="125.28351">
        <ele>1648.84</ele>
      </trkpt>
      <trkpt lat="6.94977" lon="125.28347">
        <ele>1648.84</ele>
      </trkpt>
      <trkpt lat="6.94977" lon="125.28342">
        <ele>1648.66</ele>
      </trkpt>
      <trkpt lat="6.94975" lon="125.28338">
        <ele>1648.37</ele>
      </trkpt>
      <trkpt lat="6.94975" lon="125.28333">
        <ele>1648.25</ele>
      </trkpt>
      <trkpt lat="6.94979" lon="125.28329">
        <ele>1649.07</ele>
      </trkpt>
      <trkpt lat="6.94983" lon="125.28327">
        <ele>1649.6</ele>
      </trkpt>
      <trkpt lat="6.94986" lon="125.28326">
        <ele>1649.92</ele>
      </trkpt>
      <trkpt lat="6.94998" lon="125.28316">
        <ele>1651.77</ele>
      </trkpt>
      <trkpt lat="6.95001" lon="125.28312">
        <ele>1652.48</ele>
      </trkpt>
      <trkpt lat="6.95003" lon="125.28307">
        <ele>1653.38</ele>
      </trkpt>
      <trkpt lat="6.95004" lon="125.28303">
        <ele>1654.07</ele>
      </trkpt>
      <trkpt lat="6.95003" lon="125.28298">
        <ele>1654.6</ele>
      </trkpt>
      <trkpt lat="6.95003" lon="125.28293">
        <ele>1655.3</ele>
      </trkpt>
      <trkpt lat="6.95003" lon="125.2829">
        <ele>1655.72</ele>
      </trkpt>
      <trkpt lat="6.95005" lon="125.28275">
        <ele>1658.0</ele>
      </trkpt>
      <trkpt lat="6.95005" lon="125.28275">
        <ele>1658.0</ele>
      </trkpt>
      <trkpt lat="6.95006" lon="125.28272">
        <ele>1658.44</ele>
      </trkpt>
      <trkpt lat="6.95006" lon="125.28272">
        <ele>1658.44</ele>
      </trkpt>
      <trkpt lat="6.95007" lon="125.2827">
        <ele>1658.78</ele>
      </trkpt>
      <trkpt lat="6.9501" lon="125.28266">
        <ele>1659.56</ele>
      </trkpt>
      <trkpt lat="6.95013" lon="125.28261">
        <ele>1660.4</ele>
      </trkpt>
      <trkpt lat="6.95016" lon="125.28257">
        <ele>1661.12</ele>
      </trkpt>
      <trkpt lat="6.95016" lon="125.28254">
        <ele>1661.38</ele>
      </trkpt>
      <trkpt lat="6.95018" lon="125.2825">
        <ele>1661.94</ele>
      </trkpt>
      <trkpt lat="6.95025" lon="125.28239">
        <ele>1664.32</ele>
      </trkpt>
      <trkpt lat="6.95029" lon="125.28232">
        <ele>1665.71</ele>
      </trkpt>
      <trkpt lat="6.95033" lon="125.28224">
        <ele>1667.14</ele>
      </trkpt>
      <trkpt lat="6.95033" lon="125.28221">
        <ele>1667.5</ele>
      </trkpt>
      <trkpt lat="6.95038" lon="125.28214">
        <ele>1668.52</ele>
      </trkpt>
      <trkpt lat="6.9504" lon="125.28206">
        <ele>1669.38</ele>
      </trkpt>
      <trkpt lat="6.95039" lon="125.28201">
        <ele>1669.79</ele>
      </trkpt>
      <trkpt lat="6.9504" lon="125.28193">
        <ele>1670.6</ele>
      </trkpt>
      <trkpt lat="6.95041" lon="125.28191">
        <ele>1670.85</ele>
      </trkpt>
      <trkpt lat="6.95044" lon="125.28187">
        <ele>1671.34</ele>
      </trkpt>
      <trkpt lat="6.95049" lon="125.28178">
        <ele>1672.23</ele>
      </trkpt>
      <trkpt lat="6.95053" lon="125.28165">
        <ele>1673.5</ele>
      </trkpt>
      <trkpt lat="6.95058" lon="125.28161">
        <ele>1674.36</ele>
      </trkpt>
      <trkpt lat="6.95062" lon="125.28157">
        <ele>1675.28</ele>
      </trkpt>
      <trkpt lat="6.95067" lon="125.28152">
        <ele>1676.5</ele>
      </trkpt>
      <trkpt lat="6.95071" lon="125.28147">
        <ele>1677.79</ele>
      </trkpt>
      <trkpt lat="6.95076" lon="125.2814">
        <ele>1679.69</ele>
      </trkpt>
      <trkpt lat="6.95077" lon="125.28136">
        <ele>1680.89</ele>
      </trkpt>
      <trkpt lat="6.95081" lon="125.28131">
        <ele>1682.51</ele>
      </trkpt>
      <trkpt lat="6.95086" lon="125.28122">
        <ele>1685.8</ele>
      </trkpt>
      <trkpt lat="6.9509" lon="125.28116">
        <ele>1688.18</ele>
      </trkpt>
      <trkpt lat="6.95096" lon="125.28107">
        <ele>1691.48</ele>
      </trkpt>
      <trkpt lat="6.95098" lon="125.28102">
        <ele>1693.03</ele>
      </trkpt>
      <trkpt lat="6.95104" lon="125.28095">
        <ele>1695.44</ele>
      </trkpt>
      <trkpt lat="6.95106" lon="125.28091">
        <ele>1696.65</ele>
      </trkpt>
      <trkpt lat="6.95111" lon="125.28084">
        <ele>1698.82</ele>
      </trkpt>
      <trkpt lat="6.95114" lon="125.28077">
        <ele>1700.12</ele>
      </trkpt>
      <trkpt lat="6.95121" lon="125.28069">
        <ele>1701.78</ele>
      </trkpt>
      <trkpt lat="6.95126" lon="125.28065">
        <ele>1702.71</ele>
      </trkpt>
      <trkpt lat="6.9513" lon="125.28061">
        <ele>1703.58</ele>
      </trkpt>
      <trkpt lat="6.95139" lon="125.28054">
        <ele>1705.29</ele>
      </trkpt>
      <trkpt lat="6.95142" lon="125.28051">
        <ele>1706.14</ele>
      </trkpt>
      <trkpt lat="6.95145" lon="125.28049">
        <ele>1706.79</ele>
      </trkpt>
      <trkpt lat="6.95146" lon="125.28048">
        <ele>1707.06</ele>
      </trkpt>
      <trkpt lat="6.95147" lon="125.28047">
        <ele>1707.33</ele>
      </trkpt>
      <trkpt lat="6.95149" lon="125.28046">
        <ele>1707.69</ele>
      </trkpt>
      <trkpt lat="6.95153" lon="125.28042">
        <ele>1708.72</ele>
      </trkpt>
      <trkpt lat="6.95159" lon="125.28036">
        <ele>1710.18</ele>
      </trkpt>
      <trkpt lat="6.95161" lon="125.28034">
        <ele>1710.65</ele>
      </trkpt>
      <trkpt lat="6.95165" lon="125.2803">
        <ele>1711.56</ele>
      </trkpt>
      <trkpt lat="6.95171" lon="125.28025">
        <ele>1713.44</ele>
      </trkpt>
      <trkpt lat="6.95174" lon="125.28023">
        <ele>1714.44</ele>
      </trkpt>
      <trkpt lat="6.95178" lon="125.2802">
        <ele>1715.85</ele>
      </trkpt>
      <trkpt lat="6.95182" lon="125.28018">
        <ele>1717.07</ele>
      </trkpt>
      <trkpt lat="6.95189" lon="125.28012">
        <ele>1719.66</ele>
      </trkpt>
      <trkpt lat="6.95197" lon="125.28004">
        <ele>1722.9</ele>
      </trkpt>
      <trkpt lat="6.95198" lon="125.28003">
        <ele>1723.33</ele>
      </trkpt>
      <trkpt lat="6.95198" lon="125.28002">
        <ele>1723.52</ele>
      </trkpt>
      <trkpt lat="6.95205" lon="125.27996">
        <ele>1726.04</ele>
      </trkpt>
      <trkpt lat="6.95209" lon="125.27992">
        <ele>1727.38</ele>
      </trkpt>
      <trkpt lat="6.95212" lon="125.27988">
        <ele>1728.45</ele>
      </trkpt>
      <trkpt lat="6.95214" lon="125.27986">
        <ele>1729.09</ele>
      </trkpt>
      <trkpt lat="6.95216" lon="125.27984">
        <ele>1729.71</ele>
      </trkpt>
      <trkpt lat="6.95218" lon="125.27983">
        <ele>1730.25</ele>
      </trkpt>
      <trkpt lat="6.95231" lon="125.27968">
        <ele>1733.68</ele>
      </trkpt>
      <trkpt lat="6.95234" lon="125.27965">
        <ele>1734.27</ele>
      </trkpt>
      <trkpt lat="6.95241" lon="125.27957">
        <ele>1735.56</ele>
      </trkpt>
      <trkpt lat="6.95241" lon="125.27954">
        <ele>1735.59</ele>
      </trkpt>
      <trkpt lat="6.9524" lon="125.27952">
        <ele>1735.46</ele>
      </trkpt>
      <trkpt lat="6.95241" lon="125.27948">
        <ele>1735.66</ele>
      </trkpt>
      <trkpt lat="6.9524" lon="125.27944">
        <ele>1735.58</ele>
      </trkpt>
      <trkpt lat="6.95243" lon="125.27935">
        <ele>1736.42</ele>
      </trkpt>
      <trkpt lat="6.95247" lon="125.2793">
        <ele>1737.14</ele>
      </trkpt>
      <trkpt lat="6.9525" lon="125.27928">
        <ele>1737.59</ele>
      </trkpt>
      <trkpt lat="6.95253" lon="125.27923">
        <ele>1738.47</ele>
      </trkpt>
      <trkpt lat="6.95255" lon="125.27919">
        <ele>1739.03</ele>
      </trkpt>
      <trkpt lat="6.95258" lon="125.27915">
        <ele>1740.17</ele>
      </trkpt>
      <trkpt lat="6.9526" lon="125.27911">
        <ele>1741.65</ele>
      </trkpt>
      <trkpt lat="6.95264" lon="125.27907">
        <ele>1743.46</ele>
      </trkpt>
      <trkpt lat="6.95269" lon="125.27901">
        <ele>1745.84</ele>
      </trkpt>
      <trkpt lat="6.95271" lon="125.27897">
        <ele>1747.13</ele>
      </trkpt>
      <trkpt lat="6.95274" lon="125.27894">
        <ele>1748.3</ele>
      </trkpt>
      <trkpt lat="6.95279" lon="125.27887">
        <ele>1750.62</ele>
      </trkpt>
      <trkpt lat="6.95283" lon="125.27882">
        <ele>1752.33</ele>
      </trkpt>
      <trkpt lat="6.95285" lon="125.27878">
        <ele>1753.45</ele>
      </trkpt>
      <trkpt lat="6.95289" lon="125.27872">
        <ele>1755.18</ele>
      </trkpt>
      <trkpt lat="6.9529" lon="125.27866">
        <ele>1756.42</ele>
      </trkpt>
      <trkpt lat="6.95294" lon="125.2786">
        <ele>1757.97</ele>
      </trkpt>
      <trkpt lat="6.95295" lon="125.27857">
        <ele>1758.66</ele>
      </trkpt>
      <trkpt lat="6.953" lon="125.27849">
        <ele>1760.67</ele>
      </trkpt>
      <trkpt lat="6.95303" lon="125.27844">
        <ele>1761.86</ele>
      </trkpt>
      <trkpt lat="6.95306" lon="125.27841">
        <ele>1762.64</ele>
      </trkpt>
      <trkpt lat="6.95307" lon="125.27838">
        <ele>1763.23</ele>
      </trkpt>
      <trkpt lat="6.95309" lon="125.27836">
        <ele>1763.67</ele>
      </trkpt>
      <trkpt lat="6.9531" lon="125.27833">
        <ele>1764.25</ele>
      </trkpt>
      <trkpt lat="6.95313" lon="125.2783">
        <ele>1765.14</ele>
      </trkpt>
      <trkpt lat="6.95319" lon="125.27822">
        <ele>1767.54</ele>
      </trkpt>
      <trkpt lat="6.95323" lon="125.27815">
        <ele>1769.66</ele>
      </trkpt>
      <trkpt lat="6.95326" lon="125.27812">
        <ele>1770.68</ele>
      </trkpt>
      <trkpt lat="6.9533" lon="125.27809">
        <ele>1771.78</ele>
      </trkpt>
      <trkpt lat="6.95335" lon="125.27803">
        <ele>1774.08</ele>
      </trkpt>
      <trkpt lat="6.95336" lon="125.27801">
        <ele>1774.86</ele>
      </trkpt>
      <trkpt lat="6.95337" lon="125.27796">
        <ele>1776.45</ele>
      </trkpt>
      <trkpt lat="6.95339" lon="125.27794">
        <ele>1777.38</ele>
      </trkpt>
      <trkpt lat="6.9534" lon="125.27789">
        <ele>1778.92</ele>
      </trkpt>
      <trkpt lat="6.95341" lon="125.27786">
        <ele>1779.9</ele>
      </trkpt>
      <trkpt lat="6.95345" lon="125.27779">
        <ele>1782.36</ele>
      </trkpt>
      <trkpt lat="6.95349" lon="125.27778">
        <ele>1783.2</ele>
      </trkpt>
      <trkpt lat="6.95355" lon="125.2777">
        <ele>1785.92</ele>
      </trkpt>
      <trkpt lat="6.95358" lon="125.27768">
        <ele>1786.74</ele>
      </trkpt>
      <trkpt lat="6.9536" lon="125.27767">
        <ele>1787.2</ele>
      </trkpt>
      <trkpt lat="6.95361" lon="125.27766">
        <ele>1787.53</ele>
      </trkpt>
      <trkpt lat="6.95365" lon="125.27764">
        <ele>1788.47</ele>
      </trkpt>
      <trkpt lat="6.95369" lon="125.27759">
        <ele>1790.0</ele>
      </trkpt>
      <trkpt lat="6.95372" lon="125.27758">
        <ele>1790.56</ele>
      </trkpt>
      <trkpt lat="6.95379" lon="125.27751">
        <ele>1792.74</ele>
      </trkpt>
      <trkpt lat="6.95383" lon="125.27748">
        <ele>1793.96</ele>
      </trkpt>
      <trkpt lat="6.95385" lon="125.27747">
        <ele>1794.46</ele>
      </trkpt>
      <trkpt lat="6.9539" lon="125.27742">
        <ele>1796.38</ele>
      </trkpt>
      <trkpt lat="6.95394" lon="125.27739">
        <ele>1797.54</ele>
      </trkpt>
      <trkpt lat="6.954" lon="125.27737">
        <ele>1798.54</ele>
      </trkpt>
      <trkpt lat="6.95407" lon="125.27738">
        <ele>1798.76</ele>
      </trkpt>
      <trkpt lat="6.95411" lon="125.27737">
        <ele>1799.34</ele>
      </trkpt>
      <trkpt lat="6.95417" lon="125.27734">
        <ele>1800.67</ele>
      </trkpt>
      <trkpt lat="6.9542" lon="125.27734">
        <ele>1801.26</ele>
      </trkpt>
      <trkpt lat="6.95429" lon="125.27731">
        <ele>1803.83</ele>
      </trkpt>
      <trkpt lat="6.95432" lon="125.27731">
        <ele>1804.41</ele>
      </trkpt>
      <trkpt lat="6.95434" lon="125.27731">
        <ele>1804.79</ele>
      </trkpt>
      <trkpt lat="6.95436" lon="125.2773">
        <ele>1805.43</ele>
      </trkpt>
      <trkpt lat="6.95438" lon="125.2773">
        <ele>1805.82</ele>
      </trkpt>
      <trkpt lat="6.95441" lon="125.2773">
        <ele>1806.39</ele>
      </trkpt>
      <trkpt lat="6.95444" lon="125.27731">
        <ele>1806.7</ele>
      </trkpt>
      <trkpt lat="6.95448" lon="125.2773">
        <ele>1807.62</ele>
      </trkpt>
      <trkpt lat="6.95452" lon="125.2773">
        <ele>1808.28</ele>
      </trkpt>
      <trkpt lat="6.95454" lon="125.27728">
        <ele>1809.06</ele>
      </trkpt>
      <trkpt lat="6.95459" lon="125.27727">
        <ele>1810.07</ele>
      </trkpt>
      <trkpt lat="6.95461" lon="125.27724">
        <ele>1811.01</ele>
      </trkpt>
      <trkpt lat="6.9547" lon="125.27717">
        <ele>1814.17</ele>
      </trkpt>
      <trkpt lat="6.95473" lon="125.27713">
        <ele>1815.68</ele>
      </trkpt>
      <trkpt lat="6.95475" lon="125.2771">
        <ele>1816.48</ele>
      </trkpt>
      <trkpt lat="6.9548" lon="125.27704">
        <ele>1817.53</ele>
      </trkpt>
      <trkpt lat="6.95483" lon="125.277">
        <ele>1817.85</ele>
      </trkpt>
      <trkpt lat="6.95486" lon="125.27698">
        <ele>1817.63</ele>
      </trkpt>
      <trkpt lat="6.95488" lon="125.27698">
        <ele>1817.3</ele>
      </trkpt>
      <trkpt lat="6.95492" lon="125.27699">
        <ele>1816.58</ele>
      </trkpt>
      <trkpt lat="6.95495" lon="125.27699">
        <ele>1816.11</ele>
      </trkpt>
      <trkpt lat="6.95497" lon="125.27698">
        <ele>1815.77</ele>
      </trkpt>
      <trkpt lat="6.955" lon="125.27696">
        <ele>1815.11</ele>
      </trkpt>
      <trkpt lat="6.95501" lon="125.27696">
        <ele>1815.32</ele>
      </trkpt>
      <trkpt lat="6.95504" lon="125.27694">
        <ele>1816.14</ele>
      </trkpt>
      <trkpt lat="6.95509" lon="125.27692">
        <ele>1817.99</ele>
      </trkpt>
      <trkpt lat="6.95512" lon="125.27692">
        <ele>1818.38</ele>
      </trkpt>
      <trkpt lat="6.95514" lon="125.27692">
        <ele>1818.63</ele>
      </trkpt>
      <trkpt lat="6.95516" lon="125.27692">
        <ele>1818.88</ele>
      </trkpt>
      <trkpt lat="6.95523" lon="125.27693">
        <ele>1819.85</ele>
      </trkpt>
      <trkpt lat="6.95534" lon="125.27694">
        <ele>1820.05</ele>
      </trkpt>
      <trkpt lat="6.95546" lon="125.27696">
        <ele>1818.47</ele>
      </trkpt>
      <trkpt lat="6.9555" lon="125.27695">
        <ele>1817.85</ele>
      </trkpt>
      <trkpt lat="6.95552" lon="125.27693">
        <ele>1817.83</ele>
      </trkpt>
      <trkpt lat="6.95555" lon="125.27692">
        <ele>1817.76</ele>
      </trkpt>
      <trkpt lat="6.95557" lon="125.27691">
        <ele>1818.31</ele>
      </trkpt>
      <trkpt lat="6.95563" lon="125.27689">
        <ele>1820.08</ele>
      </trkpt>
      <trkpt lat="6.95567" lon="125.27687">
        <ele>1821.26</ele>
      </trkpt>
      <trkpt lat="6.9557" lon="125.27684">
        <ele>1822.28</ele>
      </trkpt>
      <trkpt lat="6.95575" lon="125.27678">
        <ele>1823.74</ele>
      </trkpt>
      <trkpt lat="6.95576" lon="125.27675">
        <ele>1824.15</ele>
      </trkpt>
      <trkpt lat="6.95579" lon="125.27671">
        <ele>1824.67</ele>
      </trkpt>
      <trkpt lat="6.95578" lon="125.27667">
        <ele>1824.97</ele>
      </trkpt>
      <trkpt lat="6.95581" lon="125.27663">
        <ele>1826.02</ele>
      </trkpt>
      <trkpt lat="6.95583" lon="125.27659">
        <ele>1827.2</ele>
      </trkpt>
      <trkpt lat="6.95584" lon="125.27656">
        <ele>1828.08</ele>
      </trkpt>
      <trkpt lat="6.95586" lon="125.27652">
        <ele>1829.27</ele>
      </trkpt>
      <trkpt lat="6.95589" lon="125.27647">
        <ele>1830.81</ele>
      </trkpt>
      <trkpt lat="6.95592" lon="125.27643">
        <ele>1832.08</ele>
      </trkpt>
      <trkpt lat="6.95597" lon="125.27636">
        <ele>1834.11</ele>
      </trkpt>
      <trkpt lat="6.95603" lon="125.27633">
        <ele>1835.24</ele>
      </trkpt>
      <trkpt lat="6.95607" lon="125.27628">
        <ele>1837.03</ele>
      </trkpt>
      <trkpt lat="6.95612" lon="125.27623">
        <ele>1839.36</ele>
      </trkpt>
      <trkpt lat="6.95618" lon="125.27619">
        <ele>1842.22</ele>
      </trkpt>
      <trkpt lat="6.95619" lon="125.27619">
        <ele>1842.47</ele>
      </trkpt>
      <trkpt lat="6.95628" lon="125.2761">
        <ele>1848.06</ele>
      </trkpt>
      <trkpt lat="6.95631" lon="125.2761">
        <ele>1848.93</ele>
      </trkpt>
      <trkpt lat="6.95641" lon="125.27612">
        <ele>1851.15</ele>
      </trkpt>
      <trkpt lat="6.95646" lon="125.27614">
        <ele>1851.54</ele>
      </trkpt>
      <trkpt lat="6.9565" lon="125.27615">
        <ele>1852.12</ele>
      </trkpt>
      <trkpt lat="6.95654" lon="125.27616">
        <ele>1852.7</ele>
      </trkpt>
      <trkpt lat="6.95657" lon="125.27617">
        <ele>1853.02</ele>
      </trkpt>
      <trkpt lat="6.9566" lon="125.27618">
        <ele>1853.34</ele>
      </trkpt>
      <trkpt lat="6.95665" lon="125.27617">
        <ele>1855.04</ele>
      </trkpt>
      <trkpt lat="6.95667" lon="125.27618">
        <ele>1855.09</ele>
      </trkpt>
      <trkpt lat="6.95671" lon="125.27619">
        <ele>1855.53</ele>
      </trkpt>
      <trkpt lat="6.95678" lon="125.27617">
        <ele>1857.69</ele>
      </trkpt>
      <trkpt lat="6.95687" lon="125.27616">
        <ele>1859.72</ele>
      </trkpt>
      <trkpt lat="6.95697" lon="125.27613">
        <ele>1862.12</ele>
      </trkpt>
      <trkpt lat="6.95699" lon="125.27614">
        <ele>1862.3</ele>
      </trkpt>
      <trkpt lat="6.95708" lon="125.27613">
        <ele>1864.1</ele>
      </trkpt>
      <trkpt lat="6.95715" lon="125.27615">
        <ele>1865.0</ele>
      </trkpt>
      <trkpt lat="6.9572" lon="125.27615">
        <ele>1865.9</ele>
      </trkpt>
      <trkpt lat="6.95723" lon="125.27615">
        <ele>1866.44</ele>
      </trkpt>
      <trkpt lat="6.95725" lon="125.27617">
        <ele>1866.46</ele>
      </trkpt>
      <trkpt lat="6.95729" lon="125.27623">
        <ele>1866.18</ele>
      </trkpt>
      <trkpt lat="6.95735" lon="125.27623">
        <ele>1867.36</ele>
      </trkpt>
      <trkpt lat="6.95739" lon="125.27621">
        <ele>1868.46</ele>
      </trkpt>
      <trkpt lat="6.95743" lon="125.27619">
        <ele>1869.53</ele>
      </trkpt>
      <trkpt lat="6.95747" lon="125.27617">
        <ele>1870.59</ele>
      </trkpt>
      <trkpt lat="6.95751" lon="125.27615">
        <ele>1871.8</ele>
      </trkpt>
      <trkpt lat="6.95756" lon="125.27614">
        <ele>1873.74</ele>
      </trkpt>
      <trkpt lat="6.95761" lon="125.27613">
        <ele>1875.69</ele>
      </trkpt>
      <trkpt lat="6.95765" lon="125.27614">
        <ele>1876.98</ele>
      </trkpt>
      <trkpt lat="6.9577" lon="125.27616">
        <ele>1878.5</ele>
      </trkpt>
      <trkpt lat="6.95772" lon="125.27617">
        <ele>1879.07</ele>
      </trkpt>
      <trkpt lat="6.95784" lon="125.27627">
        <ele>1881.73</ele>
      </trkpt>
      <trkpt lat="6.95787" lon="125.27629">
        <ele>1882.41</ele>
      </trkpt>
      <trkpt lat="6.95792" lon="125.27625">
        <ele>1884.61</ele>
      </trkpt>
      <trkpt lat="6.95796" lon="125.27622">
        <ele>1886.34</ele>
      </trkpt>
      <trkpt lat="6.95802" lon="125.27622">
        <ele>1888.28</ele>
      </trkpt>
      <trkpt lat="6.95806" lon="125.27622">
        <ele>1889.59</ele>
      </trkpt>
      <trkpt lat="6.95811" lon="125.2762">
        <ele>1891.68</ele>
      </trkpt>
      <trkpt lat="6.95814" lon="125.27617">
        <ele>1893.19</ele>
      </trkpt>
      <trkpt lat="6.95819" lon="125.27614">
        <ele>1895.42</ele>
      </trkpt>
      <trkpt lat="6.95824" lon="125.27614">
        <ele>1897.22</ele>
      </trkpt>
      <trkpt lat="6.95824" lon="125.27614">
        <ele>1897.22</ele>
      </trkpt>
      <trkpt lat="6.95841" lon="125.27607">
        <ele>1902.3</ele>
      </trkpt>
      <trkpt lat="6.95847" lon="125.27606">
        <ele>1902.94</ele>
      </trkpt>
      <trkpt lat="6.95851" lon="125.27605">
        <ele>1903.37</ele>
      </trkpt>
      <trkpt lat="6.95856" lon="125.27605">
        <ele>1903.79</ele>
      </trkpt>
      <trkpt lat="6.95861" lon="125.27604">
        <ele>1904.25</ele>
      </trkpt>
      <trkpt lat="6.95867" lon="125.27604">
        <ele>1904.78</ele>
      </trkpt>
      <trkpt lat="6.95869" lon="125.27605">
        <ele>1904.95</ele>
      </trkpt>
      <trkpt lat="6.95886" lon="125.27611">
        <ele>1906.68</ele>
      </trkpt>
      <trkpt lat="6.95891" lon="125.27616">
        <ele>1907.43</ele>
      </trkpt>
      <trkpt lat="6.95894" lon="125.27619">
        <ele>1907.94</ele>
      </trkpt>
      <trkpt lat="6.95898" lon="125.27622">
        <ele>1908.63</ele>
      </trkpt>
      <trkpt lat="6.95899" lon="125.27622">
        <ele>1908.77</ele>
      </trkpt>
      <trkpt lat="6.95903" lon="125.27631">
        <ele>1909.97</ele>
      </trkpt>
      <trkpt lat="6.95903" lon="125.27636">
        <ele>1910.33</ele>
      </trkpt>
      <trkpt lat="6.95902" lon="125.2764">
        <ele>1910.46</ele>
      </trkpt>
      <trkpt lat="6.95899" lon="125.27644">
        <ele>1910.2</ele>
      </trkpt>
      <trkpt lat="6.95897" lon="125.27648">
        <ele>1910.08</ele>
      </trkpt>
      <trkpt lat="6.95898" lon="125.27654">
        <ele>1910.72</ele>
      </trkpt>
      <trkpt lat="6.95898" lon="125.27656">
        <ele>1910.86</ele>
      </trkpt>
      <trkpt lat="6.95903" lon="125.27676">
        <ele>1913.39</ele>
      </trkpt>
      <trkpt lat="6.95903" lon="125.27676">
        <ele>1913.39</ele>
      </trkpt>
      <trkpt lat="6.95903" lon="125.27677">
        <ele>1913.43</ele>
      </trkpt>
      <trkpt lat="6.95904" lon="125.27678">
        <ele>1913.72</ele>
      </trkpt>
      <trkpt lat="6.95905" lon="125.27678">
        <ele>1913.98</ele>
      </trkpt>
      <trkpt lat="6.95906" lon="125.27679">
        <ele>1914.27</ele>
      </trkpt>
      <trkpt lat="6.95906" lon="125.27681">
        <ele>1914.32</ele>
      </trkpt>
      <trkpt lat="6.95905" lon="125.27683">
        <ele>1914.13</ele>
      </trkpt>
      <trkpt lat="6.95905" lon="125.27684">
        <ele>1914.16</ele>
      </trkpt>
      <trkpt lat="6.95907" lon="125.27685">
        <ele>1914.68</ele>
      </trkpt>
      <trkpt lat="6.95907" lon="125.27687">
        <ele>1914.73</ele>
      </trkpt>
      <trkpt lat="6.95909" lon="125.27689">
        <ele>1915.24</ele>
      </trkpt>
      <trkpt lat="6.95909" lon="125.2769">
        <ele>1915.26</ele>
      </trkpt>
      <trkpt lat="6.95909" lon="125.27691">
        <ele>1915.28</ele>
      </trkpt>
      <trkpt lat="6.95909" lon="125.27691">
        <ele>1915.28</ele>
      </trkpt>
      <trkpt lat="6.95914" lon="125.2769">
        <ele>1916.39</ele>
      </trkpt>
      <trkpt lat="6.95916" lon="125.2769">
        <ele>1916.85</ele>
      </trkpt>
      <trkpt lat="6.95921" lon="125.27689">
        <ele>1918.25</ele>
      </trkpt>
      <trkpt lat="6.95925" lon="125.2769">
        <ele>1919.4</ele>
      </trkpt>
      <trkpt lat="6.95929" lon="125.27689">
        <ele>1920.55</ele>
      </trkpt>
      <trkpt lat="6.9593" lon="125.27689">
        <ele>1920.84</ele>
      </trkpt>
      <trkpt lat="6.95937" lon="125.27682">
        <ele>1922.86</ele>
      </trkpt>
      <trkpt lat="6.95942" lon="125.2768">
        <ele>1924.3</ele>
      </trkpt>
      <trkpt lat="6.95948" lon="125.27678">
        <ele>1925.95</ele>
      </trkpt>
      <trkpt lat="6.9595" lon="125.27676">
        <ele>1926.47</ele>
      </trkpt>
      <trkpt lat="6.95951" lon="125.27675">
        <ele>1926.72</ele>
      </trkpt>
      <trkpt lat="6.95953" lon="125.27674">
        <ele>1927.24</ele>
      </trkpt>
      <trkpt lat="6.95956" lon="125.27672">
        <ele>1927.99</ele>
      </trkpt>
      <trkpt lat="6.95958" lon="125.27671">
        <ele>1928.49</ele>
      </trkpt>
      <trkpt lat="6.9596" lon="125.2767">
        <ele>1928.99</ele>
      </trkpt>
      <trkpt lat="6.95966" lon="125.27671">
        <ele>1930.55</ele>
      </trkpt>
      <trkpt lat="6.9597" lon="125.27672">
        <ele>1931.62</ele>
      </trkpt>
      <trkpt lat="6.95972" lon="125.27673">
        <ele>1932.17</ele>
      </trkpt>
      <trkpt lat="6.95974" lon="125.27673">
        <ele>1932.73</ele>
      </trkpt>
      <trkpt lat="6.95978" lon="125.27673">
        <ele>1933.84</ele>
      </trkpt>
      <trkpt lat="6.95981" lon="125.27674">
        <ele>1934.71</ele>
      </trkpt>
      <trkpt lat="6.95984" lon="125.27675">
        <ele>1935.56</ele>
      </trkpt>
      <trkpt lat="6.95987" lon="125.27678">
        <ele>1936.45</ele>
      </trkpt>
      <trkpt lat="6.95987" lon="125.2768">
        <ele>1936.48</ele>
      </trkpt>
      <trkpt lat="6.95989" lon="125.27682">
        <ele>1937.05</ele>
      </trkpt>
      <trkpt lat="6.95992" lon="125.27684">
        <ele>1937.88</ele>
      </trkpt>
      <trkpt lat="6.95994" lon="125.27686">
        <ele>1938.42</ele>
      </trkpt>
      <trkpt lat="6.95998" lon="125.27686">
        <ele>1939.47</ele>
      </trkpt>
      <trkpt lat="6.96001" lon="125.27688">
        <ele>1940.15</ele>
      </trkpt>
      <trkpt lat="6.96002" lon="125.27687">
        <ele>1940.31</ele>
      </trkpt>
      <trkpt lat="6.96004" lon="125.27688">
        <ele>1940.61</ele>
      </trkpt>
      <trkpt lat="6.96009" lon="125.2769">
        <ele>1941.35</ele>
      </trkpt>
      <trkpt lat="6.96012" lon="125.27692">
        <ele>1941.77</ele>
      </trkpt>
      <trkpt lat="6.96013" lon="125.27695">
        <ele>1941.88</ele>
      </trkpt>
      <trkpt lat="6.96015" lon="125.27697">
        <ele>1942.2</ele>
      </trkpt>
      <trkpt lat="6.96017" lon="125.27698">
        <ele>1942.5</ele>
      </trkpt>
      <trkpt lat="6.9602" lon="125.27698">
        <ele>1942.92</ele>
      </trkpt>
      <trkpt lat="6.96022" lon="125.27699">
        <ele>1943.2</ele>
      </trkpt>
      <trkpt lat="6.96024" lon="125.27701">
        <ele>1943.49</ele>
      </trkpt>
      <trkpt lat="6.96025" lon="125.27705">
        <ele>1943.64</ele>
      </trkpt>
      <trkpt lat="6.96029" lon="125.27711">
        <ele>1944.15</ele>
      </trkpt>
      <trkpt lat="6.96031" lon="125.27711">
        <ele>1944.39</ele>
      </trkpt>
      <trkpt lat="6.96033" lon="125.2771">
        <ele>1944.65</ele>
      </trkpt>
      <trkpt lat="6.96035" lon="125.27711">
        <ele>1944.89</ele>
      </trkpt>
      <trkpt lat="6.96036" lon="125.2771">
        <ele>1945.02</ele>
      </trkpt>
      <trkpt lat="6.96038" lon="125.2771">
        <ele>1945.27</ele>
      </trkpt>
      <trkpt lat="6.96039" lon="125.27709">
        <ele>1945.4</ele>
      </trkpt>
      <trkpt lat="6.96044" lon="125.27708">
        <ele>1946.05</ele>
      </trkpt>
      <trkpt lat="6.96047" lon="125.27707">
        <ele>1946.46</ele>
      </trkpt>
      <trkpt lat="6.9605" lon="125.27705">
        <ele>1946.9</ele>
      </trkpt>
      <trkpt lat="6.96054" lon="125.27704">
        <ele>1947.45</ele>
      </trkpt>
      <trkpt lat="6.96059" lon="125.27703">
        <ele>1948.15</ele>
      </trkpt>
      <trkpt lat="6.96069" lon="125.27704">
        <ele>1949.43</ele>
      </trkpt>
      <trkpt lat="6.96073" lon="125.27705">
        <ele>1949.89</ele>
      </trkpt>
      <trkpt lat="6.96077" lon="125.27704">
        <ele>1950.48</ele>
      </trkpt>
      <trkpt lat="6.9608" lon="125.27704">
        <ele>1950.87</ele>
      </trkpt>
      <trkpt lat="6.96092" lon="125.27706">
        <ele>1952.29</ele>
      </trkpt>
      <trkpt lat="6.96097" lon="125.27706">
        <ele>1952.93</ele>
      </trkpt>
      <trkpt lat="6.96099" lon="125.27706">
        <ele>1953.19</ele>
      </trkpt>
      <trkpt lat="6.96107" lon="125.27708">
        <ele>1954.02</ele>
      </trkpt>
      <trkpt lat="6.96107" lon="125.27708">
        <ele>1954.02</ele>
      </trkpt>
      <trkpt lat="6.96108" lon="125.27708">
        <ele>1954.14</ele>
      </trkpt>
      <trkpt lat="6.96116" lon="125.27712">
        <ele>1954.7</ele>
      </trkpt>
      <trkpt lat="6.9612" lon="125.27714">
        <ele>1954.94</ele>
      </trkpt>
      <trkpt lat="6.96123" lon="125.27714">
        <ele>1955.3</ele>
      </trkpt>
      <trkpt lat="6.96131" lon="125.27711">
        <ele>1956.65</ele>
      </trkpt>
      <trkpt lat="6.96134" lon="125.27709">
        <ele>1957.29</ele>
      </trkpt>
      <trkpt lat="6.96136" lon="125.27708">
        <ele>1957.68</ele>
      </trkpt>
      <trkpt lat="6.96139" lon="125.27707">
        <ele>1958.2</ele>
      </trkpt>
      <trkpt lat="6.96142" lon="125.27707">
        <ele>1958.53</ele>
      </trkpt>
      <trkpt lat="6.96146" lon="125.27708">
        <ele>1958.82</ele>
      </trkpt>
      <trkpt lat="6.9615" lon="125.27708">
        <ele>1959.25</ele>
      </trkpt>
      <trkpt lat="6.96153" lon="125.27708">
        <ele>1959.57</ele>
      </trkpt>
      <trkpt lat="6.96157" lon="125.27708">
        <ele>1960.0</ele>
      </trkpt>
      <trkpt lat="6.96161" lon="125.27707">
        <ele>1960.58</ele>
      </trkpt>
      <trkpt lat="6.96168" lon="125.27706">
        <ele>1961.68</ele>
      </trkpt>
      <trkpt lat="6.96173" lon="125.27704">
        <ele>1963.29</ele>
      </trkpt>
      <trkpt lat="6.96175" lon="125.27704">
        <ele>1963.82</ele>
      </trkpt>
      <trkpt lat="6.96178" lon="125.27702">
        <ele>1964.95</ele>
      </trkpt>
      <trkpt lat="6.96181" lon="125.27701">
        <ele>1965.94</ele>
      </trkpt>
      <trkpt lat="6.96183" lon="125.27699">
        <ele>1966.86</ele>
      </trkpt>
      <trkpt lat="6.96186" lon="125.27697">
        <ele>1968.07</ele>
      </trkpt>
      <trkpt lat="6.96192" lon="125.27696">
        <ele>1969.97</ele>
      </trkpt>
      <trkpt lat="6.96199" lon="125.27691">
        <ele>1973.08</ele>
      </trkpt>
      <trkpt lat="6.96202" lon="125.2769">
        <ele>1974.18</ele>
      </trkpt>
      <trkpt lat="6.96204" lon="125.27688">
        <ele>1975.22</ele>
      </trkpt>
      <trkpt lat="6.96207" lon="125.27687">
        <ele>1976.35</ele>
      </trkpt>
      <trkpt lat="6.9621" lon="125.27686">
        <ele>1977.47</ele>
      </trkpt>
      <trkpt lat="6.96213" lon="125.27683">
        <ele>1979.09</ele>
      </trkpt>
      <trkpt lat="6.96215" lon="125.2768">
        <ele>1980.42</ele>
      </trkpt>
      <trkpt lat="6.96215" lon="125.2768">
        <ele>1980.42</ele>
      </trkpt>
      <trkpt lat="6.96221" lon="125.27677">
        <ele>1983.02</ele>
      </trkpt>
      <trkpt lat="6.96225" lon="125.27676">
        <ele>1984.48</ele>
      </trkpt>
      <trkpt lat="6.9623" lon="125.27677">
        <ele>1985.71</ele>
      </trkpt>
      <trkpt lat="6.9624" lon="125.27681">
        <ele>1987.49</ele>
      </trkpt>
      <trkpt lat="6.96249" lon="125.2768">
        <ele>1990.39</ele>
      </trkpt>
      <trkpt lat="6.96253" lon="125.27681">
        <ele>1991.76</ele>
      </trkpt>
      <trkpt lat="6.96257" lon="125.27681">
        <ele>1993.63</ele>
      </trkpt>
      <trkpt lat="6.96262" lon="125.27678">
        <ele>1996.94</ele>
      </trkpt>
      <trkpt lat="6.96265" lon="125.27675">
        <ele>1999.32</ele>
      </trkpt>
      <trkpt lat="6.96268" lon="125.27674">
        <ele>2001.05</ele>
      </trkpt>
      <trkpt lat="6.96271" lon="125.27674">
        <ele>2002.45</ele>
      </trkpt>
      <trkpt lat="6.96275" lon="125.27673">
        <ele>2004.65</ele>
      </trkpt>
      <trkpt lat="6.96278" lon="125.27673">
        <ele>2006.06</ele>
      </trkpt>
      <trkpt lat="6.9628" lon="125.27673">
        <ele>2007.05</ele>
      </trkpt>
      <trkpt lat="6.96283" lon="125.27672">
        <ele>2008.87</ele>
      </trkpt>
      <trkpt lat="6.96285" lon="125.27674">
        <ele>2009.2</ele>
      </trkpt>
      <trkpt lat="6.96289" lon="125.27675">
        <ele>2010.83</ele>
      </trkpt>
      <trkpt lat="6.96289" lon="125.27678">
        <ele>2009.82</ele>
      </trkpt>
      <trkpt lat="6.96293" lon="125.27682">
        <ele>2010.4</ele>
      </trkpt>
      <trkpt lat="6.96293" lon="125.27684">
        <ele>2009.71</ele>
      </trkpt>
      <trkpt lat="6.96295" lon="125.27684">
        <ele>2010.68</ele>
      </trkpt>
      <trkpt lat="6.96297" lon="125.27683">
        <ele>2011.99</ele>
      </trkpt>
      <trkpt lat="6.96299" lon="125.27683">
        <ele>2012.95</ele>
      </trkpt>
      <trkpt lat="6.96301" lon="125.27683">
        <ele>2013.92</ele>
      </trkpt>
      <trkpt lat="6.96305" lon="125.27684">
        <ele>2015.49</ele>
      </trkpt>
      <trkpt lat="6.96306" lon="125.27685">
        <ele>2015.6</ele>
      </trkpt>
      <trkpt lat="6.96309" lon="125.27685">
        <ele>2016.93</ele>
      </trkpt>
      <trkpt lat="6.96311" lon="125.27686">
        <ele>2017.45</ele>
      </trkpt>
      <trkpt lat="6.96312" lon="125.27688">
        <ele>2017.16</ele>
      </trkpt>
      <trkpt lat="6.96317" lon="125.27688">
        <ele>2019.36</ele>
      </trkpt>
      <trkpt lat="6.96319" lon="125.27688">
        <ele>2020.24</ele>
      </trkpt>
      <trkpt lat="6.96321" lon="125.27688">
        <ele>2021.12</ele>
      </trkpt>
      <trkpt lat="6.96324" lon="125.27689">
        <ele>2022.06</ele>
      </trkpt>
      <trkpt lat="6.96326" lon="125.2769">
        <ele>2022.55</ele>
      </trkpt>
      <trkpt lat="6.96328" lon="125.27689">
        <ele>2023.81</ele>
      </trkpt>
      <trkpt lat="6.9633" lon="125.2769">
        <ele>2024.3</ele>
      </trkpt>
      <trkpt lat="6.96332" lon="125.27691">
        <ele>2024.78</ele>
      </trkpt>
      <trkpt lat="6.96334" lon="125.2769">
        <ele>2026.02</ele>
      </trkpt>
      <trkpt lat="6.96336" lon="125.2769">
        <ele>2026.8</ele>
      </trkpt>
      <trkpt lat="6.96339" lon="125.27692">
        <ele>2027.19</ele>
      </trkpt>
      <trkpt lat="6.96343" lon="125.27693">
        <ele>2028.38</ele>
      </trkpt>
      <trkpt lat="6.96354" lon="125.27696">
        <ele>2031.62</ele>
      </trkpt>
      <trkpt lat="6.96357" lon="125.27695">
        <ele>2033.17</ele>
      </trkpt>
      <trkpt lat="6.96359" lon="125.27697">
        <ele>2033.24</ele>
      </trkpt>
      <trkpt lat="6.96362" lon="125.27697">
        <ele>2034.43</ele>
      </trkpt>
      <trkpt lat="6.96367" lon="125.27699">
        <ele>2035.73</ele>
      </trkpt>
      <trkpt lat="6.96369" lon="125.27701">
        <ele>2035.83</ele>
      </trkpt>
      <trkpt lat="6.96371" lon="125.27704">
        <ele>2035.6</ele>
      </trkpt>
      <trkpt lat="6.96372" lon="125.27706">
        <ele>2035.32</ele>
      </trkpt>
      <trkpt lat="6.96374" lon="125.27708">
        <ele>2035.45</ele>
      </trkpt>
      <trkpt lat="6.96375" lon="125.27711">
        <ele>2034.84</ele>
      </trkpt>
      <trkpt lat="6.96376" lon="125.27714">
        <ele>2034.23</ele>
      </trkpt>
      <trkpt lat="6.96378" lon="125.27718">
        <ele>2033.72</ele>
      </trkpt>
      <trkpt lat="6.9638" lon="125.27721">
        <ele>2033.57</ele>
      </trkpt>
      <trkpt lat="6.96383" lon="125.27724">
        <ele>2033.82</ele>
      </trkpt>
      <trkpt lat="6.96387" lon="125.27726">
        <ele>2034.82</ele>
      </trkpt>
      <trkpt lat="6.9639" lon="125.27726">
        <ele>2036.09</ele>
      </trkpt>
      <trkpt lat="6.96392" lon="125.27728">
        <ele>2036.18</ele>
      </trkpt>
      <trkpt lat="6.96399" lon="125.27729">
        <ele>2038.65</ele>
      </trkpt>
      <trkpt lat="6.96401" lon="125.2773">
        <ele>2039.12</ele>
      </trkpt>
      <trkpt lat="6.96404" lon="125.27736">
        <ele>2038.29</ele>
      </trkpt>
      <trkpt lat="6.96405" lon="125.27738">
        <ele>2038.03</ele>
      </trkpt>
      <trkpt lat="6.96406" lon="125.27739">
        <ele>2038.11</ele>
      </trkpt>
      <trkpt lat="6.96409" lon="125.27741">
        <ele>2038.69</ele>
      </trkpt>
      <trkpt lat="6.96413" lon="125.27741">
        <ele>2040.37</ele>
      </trkpt>
      <trkpt lat="6.96413" lon="125.2774">
        <ele>2040.7</ele>
      </trkpt>
      <trkpt lat="6.96413" lon="125.27739">
        <ele>2041.03</ele>
      </trkpt>
      <trkpt lat="6.96415" lon="125.27739">
        <ele>2041.87</ele>
      </trkpt>
      <trkpt lat="6.96419" lon="125.27741">
        <ele>2042.17</ele>
      </trkpt>
      <trkpt lat="6.96422" lon="125.2774">
        <ele>2042.82</ele>
      </trkpt>
      <trkpt lat="6.96426" lon="125.2774">
        <ele>2043.25</ele>
      </trkpt>
      <trkpt lat="6.96429" lon="125.27742">
        <ele>2042.92</ele>
      </trkpt>
      <trkpt lat="6.9643" lon="125.27742">
        <ele>2043.03</ele>
      </trkpt>
      <trkpt lat="6.96432" lon="125.27741">
        <ele>2043.57</ele>
      </trkpt>
      <trkpt lat="6.96434" lon="125.2774">
        <ele>2044.11</ele>
      </trkpt>
      <trkpt lat="6.96437" lon="125.27739">
        <ele>2044.76</ele>
      </trkpt>
      <trkpt lat="6.96439" lon="125.27738">
        <ele>2045.3</ele>
      </trkpt>
      <trkpt lat="6.96441" lon="125.27734">
        <ele>2046.81</ele>
      </trkpt>
      <trkpt lat="6.96442" lon="125.27734">
        <ele>2046.92</ele>
      </trkpt>
      <trkpt lat="6.96448" lon="125.27732">
        <ele>2048.26</ele>
      </trkpt>
      <trkpt lat="6.96452" lon="125.27729">
        <ele>2049.69</ele>
      </trkpt>
      <trkpt lat="6.96455" lon="125.27725">
        <ele>2051.28</ele>
      </trkpt>
      <trkpt lat="6.96457" lon="125.27722">
        <ele>2052.43</ele>
      </trkpt>
      <trkpt lat="6.96463" lon="125.27716">
        <ele>2055.02</ele>
      </trkpt>
      <trkpt lat="6.96465" lon="125.27713">
        <ele>2056.21</ele>
      </trkpt>
      <trkpt lat="6.96468" lon="125.27709">
        <ele>2057.83</ele>
      </trkpt>
      <trkpt lat="6.96469" lon="125.27707">
        <ele>2058.58</ele>
      </trkpt>
      <trkpt lat="6.96475" lon="125.27701">
        <ele>2061.2</ele>
      </trkpt>
      <trkpt lat="6.96477" lon="125.27699">
        <ele>2062.07</ele>
      </trkpt>
      <trkpt lat="6.96479" lon="125.27698">
        <ele>2062.61</ele>
      </trkpt>
      <trkpt lat="6.96481" lon="125.27694">
        <ele>2064.09</ele>
      </trkpt>
      <trkpt lat="6.96484" lon="125.27691">
        <ele>2065.39</ele>
      </trkpt>
      <trkpt lat="6.96488" lon="125.27686">
        <ele>2067.44</ele>
      </trkpt>
      <trkpt lat="6.96489" lon="125.27681">
        <ele>2069.17</ele>
      </trkpt>
      <trkpt lat="6.96491" lon="125.27678">
        <ele>2070.36</ele>
      </trkpt>
      <trkpt lat="6.96495" lon="125.27674">
        <ele>2072.08</ele>
      </trkpt>
      <trkpt lat="6.96496" lon="125.27673">
        <ele>2072.52</ele>
      </trkpt>
      <trkpt lat="6.96501" lon="125.27673">
        <ele>2072.96</ele>
      </trkpt>
      <trkpt lat="6.96504" lon="125.27672">
        <ele>2073.3</ele>
      </trkpt>
      <trkpt lat="6.96505" lon="125.27671">
        <ele>2073.62</ele>
      </trkpt>
      <trkpt lat="6.96512" lon="125.27669">
        <ele>2074.28</ele>
      </trkpt>
      <trkpt lat="6.96516" lon="125.27665">
        <ele>2075.24</ele>
      </trkpt>
      <trkpt lat="6.96519" lon="125.27662">
        <ele>2075.67</ele>
      </trkpt>
      <trkpt lat="6.96523" lon="125.27656">
        <ele>2076.54</ele>
      </trkpt>
      <trkpt lat="6.96529" lon="125.27651">
        <ele>2077.06</ele>
      </trkpt>
      <trkpt lat="6.96536" lon="125.27647">
        <ele>2076.28</ele>
      </trkpt>
      <trkpt lat="6.96544" lon="125.27642">
        <ele>2074.86</ele>
      </trkpt>
      <trkpt lat="6.9655" lon="125.27638">
        <ele>2073.45</ele>
      </trkpt>
      <trkpt lat="6.96553" lon="125.27637">
        <ele>2072.73</ele>
      </trkpt>
      <trkpt lat="6.96554" lon="125.27634">
        <ele>2072.6</ele>
      </trkpt>
      <trkpt lat="6.96554" lon="125.2763">
        <ele>2072.77</ele>
      </trkpt>
      <trkpt lat="6.96556" lon="125.27626">
        <ele>2072.36</ele>
      </trkpt>
      <trkpt lat="6.96558" lon="125.27623">
        <ele>2071.99</ele>
      </trkpt>
      <trkpt lat="6.96561" lon="125.27617">
        <ele>2071.46</ele>
      </trkpt>
      <trkpt lat="6.96564" lon="125.27613">
        <ele>2070.82</ele>
      </trkpt>
      <trkpt lat="6.96565" lon="125.27611">
        <ele>2070.63</ele>
      </trkpt>
      <trkpt lat="6.96565" lon="125.27611">
        <ele>2070.63</ele>
      </trkpt>
      <trkpt lat="6.96566" lon="125.27607">
        <ele>2070.78</ele>
      </trkpt>
      <trkpt lat="6.96566" lon="125.27605">
        <ele>2070.97</ele>
      </trkpt>
      <trkpt lat="6.96567" lon="125.27603">
        <ele>2070.94</ele>
      </trkpt>
      <trkpt lat="6.96566" lon="125.276">
        <ele>2071.47</ele>
      </trkpt>
      <trkpt lat="6.96566" lon="125.27597">
        <ele>2071.77</ele>
      </trkpt>
      <trkpt lat="6.96565" lon="125.27592">
        <ele>2072.46</ele>
      </trkpt>
      <trkpt lat="6.96565" lon="125.2759">
        <ele>2072.66</ele>
      </trkpt>
      <trkpt lat="6.96566" lon="125.27585">
        <ele>2072.95</ele>
      </trkpt>
      <trkpt lat="6.9657" lon="125.2758">
        <ele>2072.82</ele>
      </trkpt>
      <trkpt lat="6.96571" lon="125.27578">
        <ele>2072.88</ele>
      </trkpt>
      <trkpt lat="6.96571" lon="125.27574">
        <ele>2073.38</ele>
      </trkpt>
      <trkpt lat="6.96572" lon="125.27572">
        <ele>2073.43</ele>
      </trkpt>
      <trkpt lat="6.96574" lon="125.2757">
        <ele>2073.28</ele>
      </trkpt>
      <trkpt lat="6.96586" lon="125.27561">
        <ele>2071.89</ele>
      </trkpt>
      <trkpt lat="6.9659" lon="125.27559">
        <ele>2071.19</ele>
      </trkpt>
      <trkpt lat="6.96591" lon="125.27557">
        <ele>2071.03</ele>
      </trkpt>
      <trkpt lat="6.96592" lon="125.27556">
        <ele>2070.81</ele>
      </trkpt>
      <trkpt lat="6.96596" lon="125.27557">
        <ele>2069.84</ele>
      </trkpt>
      <trkpt lat="6.96597" lon="125.27558">
        <ele>2069.64</ele>
      </trkpt>
      <trkpt lat="6.96599" lon="125.27557">
        <ele>2069.13</ele>
      </trkpt>
      <trkpt lat="6.96603" lon="125.27557">
        <ele>2068.18</ele>
      </trkpt>
      <trkpt lat="6.96609" lon="125.27556">
        <ele>2066.6</ele>
      </trkpt>
      <trkpt lat="6.96613" lon="125.27555">
        <ele>2066.44</ele>
      </trkpt>
      <trkpt lat="6.96616" lon="125.27554">
        <ele>2067.15</ele>
      </trkpt>
      <trkpt lat="6.96618" lon="125.27553">
        <ele>2067.68</ele>
      </trkpt>
      <trkpt lat="6.96621" lon="125.27553">
        <ele>2068.21</ele>
      </trkpt>
      <trkpt lat="6.96628" lon="125.27551">
        <ele>2069.76</ele>
      </trkpt>
      <trkpt lat="6.96632" lon="125.27548">
        <ele>2070.92</ele>
      </trkpt>
      <trkpt lat="6.96636" lon="125.27543">
        <ele>2072.34</ele>
      </trkpt>
      <trkpt lat="6.96638" lon="125.27536">
        <ele>2073.68</ele>
      </trkpt>
      <trkpt lat="6.96639" lon="125.27533">
        <ele>2074.28</ele>
      </trkpt>
      <trkpt lat="6.96642" lon="125.27529">
        <ele>2075.82</ele>
      </trkpt>
      <trkpt lat="6.96651" lon="125.27526">
        <ele>2078.98</ele>
      </trkpt>
      <trkpt lat="6.96654" lon="125.27524">
        <ele>2079.92</ele>
      </trkpt>
      <trkpt lat="6.96657" lon="125.27523">
        <ele>2080.77</ele>
      </trkpt>
      <trkpt lat="6.96659" lon="125.27522">
        <ele>2081.29</ele>
      </trkpt>
      <trkpt lat="6.9666" lon="125.27522">
        <ele>2081.57</ele>
      </trkpt>
      <trkpt lat="6.96661" lon="125.27524">
        <ele>2081.95</ele>
      </trkpt>
      <trkpt lat="6.96661" lon="125.27524">
        <ele>2081.95</ele>
      </trkpt>
      <trkpt lat="6.96667" lon="125.27521">
        <ele>2083.17</ele>
      </trkpt>
      <trkpt lat="6.9667" lon="125.27517">
        <ele>2081.99</ele>
      </trkpt>
      <trkpt lat="6.96676" lon="125.27509">
        <ele>2080.08</ele>
      </trkpt>
      <trkpt lat="6.96679" lon="125.27504">
        <ele>2079.34</ele>
      </trkpt>
      <trkpt lat="6.96682" lon="125.27501">
        <ele>2078.8</ele>
      </trkpt>
      <trkpt lat="6.96685" lon="125.27499">
        <ele>2078.1</ele>
      </trkpt>
      <trkpt lat="6.96691" lon="125.27496">
        <ele>2076.38</ele>
      </trkpt>
      <trkpt lat="6.96696" lon="125.27493">
        <ele>2074.38</ele>
      </trkpt>
      <trkpt lat="6.96702" lon="125.27489">
        <ele>2071.11</ele>
      </trkpt>
      <trkpt lat="6.96705" lon="125.27487">
        <ele>2069.59</ele>
      </trkpt>
      <trkpt lat="6.96705" lon="125.27487">
        <ele>2069.59</ele>
      </trkpt>
      <trkpt lat="6.96715" lon="125.2748">
        <ele>2065.02</ele>
      </trkpt>
      <trkpt lat="6.96719" lon="125.27478">
        <ele>2063.56</ele>
      </trkpt>
      <trkpt lat="6.96726" lon="125.27478">
        <ele>2061.34</ele>
      </trkpt>
      <trkpt lat="6.9673" lon="125.27479">
        <ele>2060.01</ele>
      </trkpt>
      <trkpt lat="6.96735" lon="125.2748">
        <ele>2058.26</ele>
      </trkpt>
      <trkpt lat="6.96739" lon="125.27482">
        <ele>2056.74</ele>
      </trkpt>
      <trkpt lat="6.96744" lon="125.27482">
        <ele>2054.85</ele>
      </trkpt>
      <trkpt lat="6.96748" lon="125.27482">
        <ele>2053.35</ele>
      </trkpt>
      <trkpt lat="6.96752" lon="125.27479">
        <ele>2052.47</ele>
      </trkpt>
      <trkpt lat="6.96755" lon="125.27475">
        <ele>2052.18</ele>
      </trkpt>
      <trkpt lat="6.96755" lon="125.27475">
        <ele>2052.18</ele>
      </trkpt>
      <trkpt lat="6.96758" lon="125.27465">
        <ele>2054.86</ele>
      </trkpt>
      <trkpt lat="6.96758" lon="125.27465">
        <ele>2054.86</ele>
      </trkpt>
      <trkpt lat="6.96773" lon="125.27446">
        <ele>2060.89</ele>
      </trkpt>
      <trkpt lat="6.96773" lon="125.27446">
        <ele>2060.89</ele>
      </trkpt>
      <trkpt lat="6.96784" lon="125.27434">
        <ele>2067.44</ele>
      </trkpt>
      <trkpt lat="6.96785" lon="125.2743">
        <ele>2070.38</ele>
      </trkpt>
      <trkpt lat="6.96785" lon="125.2743">
        <ele>2070.38</ele>
      </trkpt>
      <trkpt lat="6.96785" lon="125.27428">
        <ele>2071.97</ele>
      </trkpt>
      <trkpt lat="6.96789" lon="125.27426">
        <ele>2072.79</ele>
      </trkpt>
      <trkpt lat="6.96794" lon="125.27427">
        <ele>2070.98</ele>
      </trkpt>
      <trkpt lat="6.96798" lon="125.27425">
        <ele>2071.91</ele>
      </trkpt>
      <trkpt lat="6.96801" lon="125.27421">
        <ele>2074.86</ele>
      </trkpt>
      <trkpt lat="6.96802" lon="125.2742">
        <ele>2075.57</ele>
      </trkpt>
      <trkpt lat="6.96809" lon="125.27416">
        <ele>2077.26</ele>
      </trkpt>
      <trkpt lat="6.96809" lon="125.27416">
        <ele>2077.26</ele>
      </trkpt>
      <trkpt lat="6.96814" lon="125.27413">
        <ele>2077.11</ele>
      </trkpt>
      <trkpt lat="6.9682" lon="125.2741">
        <ele>2076.15</ele>
      </trkpt>
      <trkpt lat="6.96825" lon="125.27408">
        <ele>2074.82</ele>
      </trkpt>
      <trkpt lat="6.96827" lon="125.27407">
        <ele>2074.28</ele>
      </trkpt>
      <trkpt lat="6.96829" lon="125.27405">
        <ele>2074.0</ele>
      </trkpt>
      <trkpt lat="6.96836" lon="125.27399">
        <ele>2073.12</ele>
      </trkpt>
      <trkpt lat="6.9684" lon="125.27395">
        <ele>2073.77</ele>
      </trkpt>
      <trkpt lat="6.96841" lon="125.2739">
        <ele>2075.12</ele>
      </trkpt>
      <trkpt lat="6.96841" lon="125.27388">
        <ele>2076.12</ele>
      </trkpt>
      <trkpt lat="6.96844" lon="125.27383">
        <ele>2079.54</ele>
      </trkpt>
      <trkpt lat="6.96849" lon="125.27379">
        <ele>2081.65</ele>
      </trkpt>
      <trkpt lat="6.96853" lon="125.27378">
        <ele>2081.66</ele>
      </trkpt>
      <trkpt lat="6.96868" lon="125.27377">
        <ele>2081.31</ele>
      </trkpt>
      <trkpt lat="6.96872" lon="125.27375">
        <ele>2082.59</ele>
      </trkpt>
      <trkpt lat="6.96876" lon="125.27371">
        <ele>2084.72</ele>
      </trkpt>
      <trkpt lat="6.96878" lon="125.27367">
        <ele>2086.64</ele>
      </trkpt>
      <trkpt lat="6.9688" lon="125.27362">
        <ele>2088.92</ele>
      </trkpt>
      <trkpt lat="6.96882" lon="125.2736">
        <ele>2089.66</ele>
      </trkpt>
      <trkpt lat="6.96884" lon="125.27357">
        <ele>2090.68</ele>
      </trkpt>
      <trkpt lat="6.96884" lon="125.27357">
        <ele>2090.68</ele>
      </trkpt>
      <trkpt lat="6.96893" lon="125.27354">
        <ele>2091.34</ele>
      </trkpt>
      <trkpt lat="6.96893" lon="125.27354">
        <ele>2091.34</ele>
      </trkpt>
      <trkpt lat="6.96894" lon="125.27353">
        <ele>2091.63</ele>
      </trkpt>
      <trkpt lat="6.96897" lon="125.27353">
        <ele>2091.46</ele>
      </trkpt>
      <trkpt lat="6.969" lon="125.27354">
        <ele>2090.96</ele>
      </trkpt>
      <trkpt lat="6.96904" lon="125.27355">
        <ele>2090.42</ele>
      </trkpt>
      <trkpt lat="6.96907" lon="125.27355">
        <ele>2090.26</ele>
      </trkpt>
      <trkpt lat="6.96911" lon="125.27353">
        <ele>2090.66</ele>
      </trkpt>
      <trkpt lat="6.96914" lon="125.27353">
        <ele>2090.49</ele>
      </trkpt>
      <trkpt lat="6.96919" lon="125.27355">
        <ele>2089.98</ele>
      </trkpt>
      <trkpt lat="6.96923" lon="125.27353">
        <ele>2090.89</ele>
      </trkpt>
      <trkpt lat="6.96926" lon="125.27353">
        <ele>2091.15</ele>
      </trkpt>
      <trkpt lat="6.9693" lon="125.27351">
        <ele>2092.0</ele>
      </trkpt>
      <trkpt lat="6.96934" lon="125.27345">
        <ele>2093.79</ele>
      </trkpt>
      <trkpt lat="6.96937" lon="125.2734">
        <ele>2095.16</ele>
      </trkpt>
      <trkpt lat="6.96938" lon="125.27336">
        <ele>2096.15</ele>
      </trkpt>
      <trkpt lat="6.96941" lon="125.27332">
        <ele>2097.39</ele>
      </trkpt>
      <trkpt lat="6.96944" lon="125.27327">
        <ele>2099.28</ele>
      </trkpt>
      <trkpt lat="6.96946" lon="125.27325">
        <ele>2099.69</ele>
      </trkpt>
      <trkpt lat="6.96948" lon="125.27323">
        <ele>2100.06</ele>
      </trkpt>
      <trkpt lat="6.96951" lon="125.27322">
        <ele>2099.91</ele>
      </trkpt>
      <trkpt lat="6.96954" lon="125.27321">
        <ele>2099.8</ele>
      </trkpt>
      <trkpt lat="6.96955" lon="125.27321">
        <ele>2099.62</ele>
      </trkpt>
      <trkpt lat="6.96956" lon="125.2732">
        <ele>2099.89</ele>
      </trkpt>
      <trkpt lat="6.96957" lon="125.27317">
        <ele>2101.04</ele>
      </trkpt>
      <trkpt lat="6.96957" lon="125.27316">
        <ele>2101.49</ele>
      </trkpt>
      <trkpt lat="6.96957" lon="125.27315">
        <ele>2101.93</ele>
      </trkpt>
      <trkpt lat="6.96957" lon="125.27313">
        <ele>2102.81</ele>
      </trkpt>
      <trkpt lat="6.96959" lon="125.27309">
        <ele>2104.39</ele>
      </trkpt>
      <trkpt lat="6.96959" lon="125.27307">
        <ele>2105.3</ele>
      </trkpt>
      <trkpt lat="6.9696" lon="125.27304">
        <ele>2106.59</ele>
      </trkpt>
      <trkpt lat="6.96961" lon="125.27302">
        <ele>2107.4</ele>
      </trkpt>
      <trkpt lat="6.96962" lon="125.273">
        <ele>2108.18</ele>
      </trkpt>
      <trkpt lat="6.96964" lon="125.27299">
        <ele>2108.37</ele>
      </trkpt>
      <trkpt lat="6.96966" lon="125.27299">
        <ele>2108.13</ele>
      </trkpt>
      <trkpt lat="6.9697" lon="125.27298">
        <ele>2108.01</ele>
      </trkpt>
      <trkpt lat="6.96973" lon="125.27298">
        <ele>2107.72</ele>
      </trkpt>
      <trkpt lat="6.96979" lon="125.27295">
        <ele>2108.8</ele>
      </trkpt>
      <trkpt lat="6.96985" lon="125.27295">
        <ele>2108.8</ele>
      </trkpt>
      <trkpt lat="6.96987" lon="125.27294">
        <ele>2109.16</ele>
      </trkpt>
      <trkpt lat="6.96991" lon="125.27295">
        <ele>2108.8</ele>
      </trkpt>
      <trkpt lat="6.96994" lon="125.27297">
        <ele>2108.08</ele>
      </trkpt>
      <trkpt lat="6.96996" lon="125.27296">
        <ele>2108.44</ele>
      </trkpt>
      <trkpt lat="6.96998" lon="125.27296">
        <ele>2108.44</ele>
      </trkpt>
      <trkpt lat="6.97002" lon="125.27294">
        <ele>2109.55</ele>
      </trkpt>
      <trkpt lat="6.97008" lon="125.27289">
        <ele>2111.95</ele>
      </trkpt>
      <trkpt lat="6.97008" lon="125.27288">
        <ele>2112.2</ele>
      </trkpt>
      <trkpt lat="6.97009" lon="125.27283">
        <ele>2113.47</ele>
      </trkpt>
      <trkpt lat="6.97013" lon="125.27275">
        <ele>2115.31</ele>
      </trkpt>
      <trkpt lat="6.97021" lon="125.27273">
        <ele>2115.88</ele>
      </trkpt>
      <trkpt lat="6.97021" lon="125.27273">
        <ele>2115.88</ele>
      </trkpt>
      <trkpt lat="6.97022" lon="125.27272">
        <ele>2116.24</ele>
      </trkpt>
      <trkpt lat="6.97025" lon="125.27273">
        <ele>2115.89</ele>
      </trkpt>
      <trkpt lat="6.97029" lon="125.27271">
        <ele>2116.96</ele>
      </trkpt>
      <trkpt lat="6.97038" lon="125.27269">
        <ele>2119.51</ele>
      </trkpt>
      <trkpt lat="6.97045" lon="125.2727">
        <ele>2120.75</ele>
      </trkpt>
      <trkpt lat="6.97049" lon="125.27271">
        <ele>2121.51</ele>
      </trkpt>
      <trkpt lat="6.97053" lon="125.27274">
        <ele>2122.31</ele>
      </trkpt>
      <trkpt lat="6.97056" lon="125.27278">
        <ele>2123.02</ele>
      </trkpt>
      <trkpt lat="6.97058" lon="125.27282">
        <ele>2122.89</ele>
      </trkpt>
      <trkpt lat="6.97059" lon="125.27286">
        <ele>2122.7</ele>
      </trkpt>
      <trkpt lat="6.97062" lon="125.27295">
        <ele>2122.7</ele>
      </trkpt>
      <trkpt lat="6.97062" lon="125.273">
        <ele>2122.41</ele>
      </trkpt>
      <trkpt lat="6.9706" lon="125.27305">
        <ele>2121.48</ele>
      </trkpt>
      <trkpt lat="6.97062" lon="125.27309">
        <ele>2122.33</ele>
      </trkpt>
      <trkpt lat="6.97063" lon="125.2731">
        <ele>2122.67</ele>
      </trkpt>
      <trkpt lat="6.97066" lon="125.27313">
        <ele>2123.55</ele>
      </trkpt>
      <trkpt lat="6.97066" lon="125.27313">
        <ele>2123.55</ele>
      </trkpt>
      <trkpt lat="6.97066" lon="125.27313">
        <ele>2123.55</ele>
      </trkpt>
      <trkpt lat="6.97068" lon="125.27315">
        <ele>2124.02</ele>
      </trkpt>
      <trkpt lat="6.9707" lon="125.27316">
        <ele>2124.42</ele>
      </trkpt>
      <trkpt lat="6.97071" lon="125.27318">
        <ele>2124.55</ele>
      </trkpt>
      <trkpt lat="6.97072" lon="125.27323">
        <ele>2124.49</ele>
      </trkpt>
      <trkpt lat="6.97075" lon="125.27324">
        <ele>2124.77</ele>
      </trkpt>
      <trkpt lat="6.97077" lon="125.27326">
        <ele>2124.78</ele>
      </trkpt>
      <trkpt lat="6.97079" lon="125.27326">
        <ele>2124.95</ele>
      </trkpt>
      <trkpt lat="6.97081" lon="125.27327">
        <ele>2124.97</ele>
      </trkpt>
      <trkpt lat="6.97082" lon="125.27328">
        <ele>2124.88</ele>
      </trkpt>
      <trkpt lat="6.97086" lon="125.27334">
        <ele>2124.52</ele>
      </trkpt>
      <trkpt lat="6.97088" lon="125.27334">
        <ele>2124.8</ele>
      </trkpt>
      <trkpt lat="6.97089" lon="125.27334">
        <ele>2124.95</ele>
      </trkpt>
      <trkpt lat="6.97092" lon="125.27336">
        <ele>2125.73</ele>
      </trkpt>
      <trkpt lat="6.97095" lon="125.27338">
        <ele>2126.48</ele>
      </trkpt>
      <trkpt lat="6.97098" lon="125.2734">
        <ele>2127.17</ele>
      </trkpt>
      <trkpt lat="6.97098" lon="125.27342">
        <ele>2127.49</ele>
      </trkpt>
      <trkpt lat="6.971" lon="125.27343">
        <ele>2127.86</ele>
      </trkpt>
      <trkpt lat="6.97106" lon="125.27343">
        <ele>2128.5</ele>
      </trkpt>
      <trkpt lat="6.97117" lon="125.27342">
        <ele>2132.7</ele>
      </trkpt>
      <trkpt lat="6.97123" lon="125.2734">
        <ele>2136.44</ele>
      </trkpt>
      <trkpt lat="6.97127" lon="125.27338">
        <ele>2138.99</ele>
      </trkpt>
      <trkpt lat="6.97131" lon="125.27335">
        <ele>2141.61</ele>
      </trkpt>
      <trkpt lat="6.97135" lon="125.27333">
        <ele>2144.36</ele>
      </trkpt>
      <trkpt lat="6.9714" lon="125.27332">
        <ele>2147.61</ele>
      </trkpt>
      <trkpt lat="6.97142" lon="125.27331">
        <ele>2148.55</ele>
      </trkpt>
      <trkpt lat="6.97152" lon="125.27328">
        <ele>2152.79</ele>
      </trkpt>
      <trkpt lat="6.97152" lon="125.27328">
        <ele>2152.79</ele>
      </trkpt>
      <trkpt lat="6.97157" lon="125.27325">
        <ele>2154.75</ele>
      </trkpt>
      <trkpt lat="6.97164" lon="125.27325">
        <ele>2157.39</ele>
      </trkpt>
      <trkpt lat="6.97168" lon="125.27327">
        <ele>2158.74</ele>
      </trkpt>
      <trkpt lat="6.97169" lon="125.27327">
        <ele>2158.89</ele>
      </trkpt>
      <trkpt lat="6.97172" lon="125.27327">
        <ele>2159.34</ele>
      </trkpt>
      <trkpt lat="6.97174" lon="125.27327">
        <ele>2159.64</ele>
      </trkpt>
      <trkpt lat="6.97178" lon="125.27326">
        <ele>2160.23</ele>
      </trkpt>
      <trkpt lat="6.97181" lon="125.27327">
        <ele>2160.68</ele>
      </trkpt>
      <trkpt lat="6.97184" lon="125.2733">
        <ele>2161.01</ele>
      </trkpt>
      <trkpt lat="6.97186" lon="125.27333">
        <ele>2161.11</ele>
      </trkpt>
      <trkpt lat="6.97188" lon="125.27335">
        <ele>2161.17</ele>
      </trkpt>
      <trkpt lat="6.97189" lon="125.27335">
        <ele>2161.28</ele>
      </trkpt>
      <trkpt lat="6.9719" lon="125.27335">
        <ele>2161.39</ele>
      </trkpt>
      <trkpt lat="6.9719" lon="125.27337">
        <ele>2161.23</ele>
      </trkpt>
      <trkpt lat="6.97192" lon="125.27347">
        <ele>2160.71</ele>
      </trkpt>
      <trkpt lat="6.97196" lon="125.27353">
        <ele>2160.67</ele>
      </trkpt>
      <trkpt lat="6.97199" lon="125.27356">
        <ele>2160.59</ele>
      </trkpt>
      <trkpt lat="6.97202" lon="125.27358">
        <ele>2160.56</ele>
      </trkpt>
      <trkpt lat="6.97208" lon="125.27361">
        <ele>2160.5</ele>
      </trkpt>
      <trkpt lat="6.97214" lon="125.27361">
        <ele>2160.72</ele>
      </trkpt>
      <trkpt lat="6.97218" lon="125.27362">
        <ele>2161.05</ele>
      </trkpt>
      <trkpt lat="6.97218" lon="125.27362">
        <ele>2161.05</ele>
      </trkpt>
      <trkpt lat="6.97219" lon="125.27366">
        <ele>2162.01</ele>
      </trkpt>
      <trkpt lat="6.97223" lon="125.27369">
        <ele>2162.94</ele>
      </trkpt>
      <trkpt lat="6.97227" lon="125.2737">
        <ele>2162.96</ele>
      </trkpt>
      <trkpt lat="6.97232" lon="125.2737">
        <ele>2162.66</ele>
      </trkpt>
      <trkpt lat="6.97232" lon="125.27369">
        <ele>2162.44</ele>
      </trkpt>
      <trkpt lat="6.97241" lon="125.27367">
        <ele>2161.52</ele>
      </trkpt>
      <trkpt lat="6.97241" lon="125.27367">
        <ele>2161.52</ele>
      </trkpt>
      <trkpt lat="6.97253" lon="125.27371">
        <ele>2162.6</ele>
      </trkpt>
      <trkpt lat="6.97258" lon="125.27371">
        <ele>2163.96</ele>
      </trkpt>
      <trkpt lat="6.97261" lon="125.27367">
        <ele>2164.29</ele>
      </trkpt>
      <trkpt lat="6.97263" lon="125.27363">
        <ele>2164.42</ele>
      </trkpt>
      <trkpt lat="6.97264" lon="125.27359">
        <ele>2164.61</ele>
      </trkpt>
      <trkpt lat="6.97267" lon="125.27355">
        <ele>2165.58</ele>
      </trkpt>
      <trkpt lat="6.97277" lon="125.27362">
        <ele>2168.78</ele>
      </trkpt>
      <trkpt lat="6.97277" lon="125.27362">
        <ele>2168.78</ele>
      </trkpt>
      <trkpt lat="6.97282" lon="125.27364">
        <ele>2169.99</ele>
      </trkpt>
      <trkpt lat="6.97282" lon="125.27364">
        <ele>2169.99</ele>
      </trkpt>
      <trkpt lat="6.97283" lon="125.27365">
        <ele>2170.29</ele>
      </trkpt>
      <trkpt lat="6.97287" lon="125.27365">
        <ele>2171.17</ele>
      </trkpt>
      <trkpt lat="6.97291" lon="125.27364">
        <ele>2171.88</ele>
      </trkpt>
      <trkpt lat="6.97294" lon="125.27364">
        <ele>2172.51</ele>
      </trkpt>
      <trkpt lat="6.97298" lon="125.27365">
        <ele>2173.6</ele>
      </trkpt>
      <trkpt lat="6.973" lon="125.27365">
        <ele>2174.04</ele>
      </trkpt>
      <trkpt lat="6.97304" lon="125.27365">
        <ele>2174.92</ele>
      </trkpt>
      <trkpt lat="6.97309" lon="125.27366">
        <ele>2176.92</ele>
      </trkpt>
      <trkpt lat="6.97311" lon="125.27367">
        <ele>2177.97</ele>
      </trkpt>
      <trkpt lat="6.97313" lon="125.27367">
        <ele>2178.73</ele>
      </trkpt>
      <trkpt lat="6.97317" lon="125.27369">
        <ele>2180.68</ele>
      </trkpt>
      <trkpt lat="6.97321" lon="125.27368">
        <ele>2181.94</ele>
      </trkpt>
      <trkpt lat="6.97323" lon="125.27368">
        <ele>2182.68</ele>
      </trkpt>
      <trkpt lat="6.97325" lon="125.27368">
        <ele>2183.42</ele>
      </trkpt>
      <trkpt lat="6.97326" lon="125.27366">
        <ele>2183.51</ele>
      </trkpt>
      <trkpt lat="6.97329" lon="125.27362">
        <ele>2184.23</ele>
      </trkpt>
      <trkpt lat="6.9733" lon="125.2736">
        <ele>2184.34</ele>
      </trkpt>
      <trkpt lat="6.97334" lon="125.27358">
        <ele>2185.65</ele>
      </trkpt>
      <trkpt lat="6.97339" lon="125.27354">
        <ele>2187.22</ele>
      </trkpt>
      <trkpt lat="6.97344" lon="125.27354">
        <ele>2189.65</ele>
      </trkpt>
      <trkpt lat="6.97349" lon="125.27356">
        <ele>2192.44</ele>
      </trkpt>
      <trkpt lat="6.9735" lon="125.27356">
        <ele>2192.92</ele>
      </trkpt>
      <trkpt lat="6.97353" lon="125.27354">
        <ele>2194.03</ele>
      </trkpt>
      <trkpt lat="6.97353" lon="125.27355">
        <ele>2194.2</ele>
      </trkpt>
      <trkpt lat="6.97356" lon="125.27356">
        <ele>2195.8</ele>
      </trkpt>
      <trkpt lat="6.97364" lon="125.27356">
        <ele>2199.18</ele>
      </trkpt>
      <trkpt lat="6.97366" lon="125.27356">
        <ele>2199.82</ele>
      </trkpt>
      <trkpt lat="6.97371" lon="125.27357">
        <ele>2201.43</ele>
      </trkpt>
      <trkpt lat="6.97372" lon="125.27357">
        <ele>2201.73</ele>
      </trkpt>
      <trkpt lat="6.97373" lon="125.27356">
        <ele>2202.05</ele>
      </trkpt>
      <trkpt lat="6.97378" lon="125.27351">
        <ele>2204.01</ele>
      </trkpt>
      <trkpt lat="6.97378" lon="125.27351">
        <ele>2204.01</ele>
      </trkpt>
      <trkpt lat="6.97381" lon="125.2735">
        <ele>2205.28</ele>
      </trkpt>
      <trkpt lat="6.97383" lon="125.2735">
        <ele>2206.07</ele>
      </trkpt>
      <trkpt lat="6.97386" lon="125.27351">
        <ele>2207.08</ele>
      </trkpt>
      <trkpt lat="6.97389" lon="125.27351">
        <ele>2208.22</ele>
      </trkpt>
      <trkpt lat="6.97391" lon="125.27351">
        <ele>2208.82</ele>
      </trkpt>
      <trkpt lat="6.97393" lon="125.27351">
        <ele>2209.42</ele>
      </trkpt>
      <trkpt lat="6.97395" lon="125.27352">
        <ele>2209.8</ele>
      </trkpt>
      <trkpt lat="6.97398" lon="125.27353">
        <ele>2210.47</ele>
      </trkpt>
      <trkpt lat="6.97399" lon="125.27352">
        <ele>2211.0</ele>
      </trkpt>
      <trkpt lat="6.97401" lon="125.27353">
        <ele>2211.37</ele>
      </trkpt>
      <trkpt lat="6.97405" lon="125.27355">
        <ele>2212.09</ele>
      </trkpt>
      <trkpt lat="6.97406" lon="125.27354">
        <ele>2212.62</ele>
      </trkpt>
      <trkpt lat="6.97408" lon="125.27354">
        <ele>2213.22</ele>
      </trkpt>
      <trkpt lat="6.9741" lon="125.27352">
        <ele>2214.3</ele>
      </trkpt>
      <trkpt lat="6.97414" lon="125.27352">
        <ele>2215.5</ele>
      </trkpt>
      <trkpt lat="6.97418" lon="125.27352">
        <ele>2216.71</ele>
      </trkpt>
      <trkpt lat="6.9742" lon="125.27351">
        <ele>2217.58</ele>
      </trkpt>
      <trkpt lat="6.97422" lon="125.27351">
        <ele>2218.21</ele>
      </trkpt>
      <trkpt lat="6.97424" lon="125.27352">
        <ele>2218.59</ele>
      </trkpt>
      <trkpt lat="6.9743" lon="125.27352">
        <ele>2220.46</ele>
      </trkpt>
      <trkpt lat="6.97432" lon="125.27351">
        <ele>2221.32</ele>
      </trkpt>
      <trkpt lat="6.97433" lon="125.27351">
        <ele>2221.63</ele>
      </trkpt>
      <trkpt lat="6.97434" lon="125.2735">
        <ele>2222.17</ele>
      </trkpt>
      <trkpt lat="6.97437" lon="125.27349">
        <ele>2223.32</ele>
      </trkpt>
      <trkpt lat="6.9744" lon="125.2735">
        <ele>2224.02</ele>
      </trkpt>
      <trkpt lat="6.97444" lon="125.27349">
        <ele>2225.48</ele>
      </trkpt>
      <trkpt lat="6.97446" lon="125.27348">
        <ele>2226.34</ele>
      </trkpt>
      <trkpt lat="6.97448" lon="125.27347">
        <ele>2227.2</ele>
      </trkpt>
      <trkpt lat="6.97449" lon="125.27347">
        <ele>2227.52</ele>
      </trkpt>
      <trkpt lat="6.9745" lon="125.27347">
        <ele>2227.85</ele>
      </trkpt>
      <trkpt lat="6.97453" lon="125.27347">
        <ele>2228.82</ele>
      </trkpt>
      <trkpt lat="6.97455" lon="125.27345">
        <ele>2229.9</ele>
      </trkpt>
      <trkpt lat="6.97457" lon="125.27345">
        <ele>2230.55</ele>
      </trkpt>
      <trkpt lat="6.97461" lon="125.27344">
        <ele>2232.06</ele>
      </trkpt>
      <trkpt lat="6.97463" lon="125.27343">
        <ele>2232.92</ele>
      </trkpt>
      <trkpt lat="6.97465" lon="125.27341">
        <ele>2234.0</ele>
      </trkpt>
      <trkpt lat="6.97467" lon="125.27341">
        <ele>2234.65</ele>
      </trkpt>
      <trkpt lat="6.97469" lon="125.27342">
        <ele>2235.08</ele>
      </trkpt>
      <trkpt lat="6.97481" lon="125.2734">
        <ele>2239.64</ele>
      </trkpt>
      <trkpt lat="6.97485" lon="125.27343">
        <ele>2240.35</ele>
      </trkpt>
      <trkpt lat="6.97489" lon="125.27346">
        <ele>2241.03</ele>
      </trkpt>
      <trkpt lat="6.97495" lon="125.27356">
        <ele>2240.63</ele>
      </trkpt>
      <trkpt lat="6.97495" lon="125.27357">
        <ele>2240.39</ele>
      </trkpt>
      <trkpt lat="6.97499" lon="125.27363">
        <ele>2240.27</ele>
      </trkpt>
      <trkpt lat="6.97499" lon="125.27363">
        <ele>2240.27</ele>
      </trkpt>
      <trkpt lat="6.9751" lon="125.27374">
        <ele>2239.72</ele>
      </trkpt>
      <trkpt lat="6.97514" lon="125.27376">
        <ele>2240.22</ele>
      </trkpt>
      <trkpt lat="6.97517" lon="125.27376">
        <ele>2240.74</ele>
      </trkpt>
      <trkpt lat="6.97519" lon="125.27376">
        <ele>2241.08</ele>
      </trkpt>
      <trkpt lat="6.97523" lon="125.27379">
        <ele>2241.94</ele>
      </trkpt>
      <trkpt lat="6.97525" lon="125.27382">
        <ele>2242.58</ele>
      </trkpt>
      <trkpt lat="6.97527" lon="125.27385">
        <ele>2243.36</ele>
      </trkpt>
      <trkpt lat="6.97527" lon="125.27385">
        <ele>2243.36</ele>
      </trkpt>
      <trkpt lat="6.97528" lon="125.27389">
        <ele>2243.87</ele>
      </trkpt>
      <trkpt lat="6.97529" lon="125.27391">
        <ele>2243.03</ele>
      </trkpt>
      <trkpt lat="6.9753" lon="125.27394">
        <ele>2242.06</ele>
      </trkpt>
      <trkpt lat="6.97531" lon="125.27399">
        <ele>2240.85</ele>
      </trkpt>
      <trkpt lat="6.97531" lon="125.27401">
        <ele>2240.55</ele>
      </trkpt>
      <trkpt lat="6.97529" lon="125.27409">
        <ele>2239.99</ele>
      </trkpt>
      <trkpt lat="6.97524" lon="125.27416">
        <ele>2237.9</ele>
      </trkpt>
      <trkpt lat="6.97523" lon="125.2742">
        <ele>2237.81</ele>
      </trkpt>
      <trkpt lat="6.97525" lon="125.27425">
        <ele>2239.0</ele>
      </trkpt>
      <trkpt lat="6.97529" lon="125.27428">
        <ele>2239.97</ele>
      </trkpt>
      <trkpt lat="6.97532" lon="125.27431">
        <ele>2239.72</ele>
      </trkpt>
      <trkpt lat="6.9754" lon="125.27438">
        <ele>2239.24</ele>
      </trkpt>
      <trkpt lat="6.9754" lon="125.27443">
        <ele>2240.02</ele>
      </trkpt>
      <trkpt lat="6.97539" lon="125.27446">
        <ele>2240.85</ele>
      </trkpt>
      <trkpt lat="6.97538" lon="125.27452">
        <ele>2242.65</ele>
      </trkpt>
      <trkpt lat="6.97538" lon="125.27452">
        <ele>2242.65</ele>
      </trkpt>
      <trkpt lat="6.97538" lon="125.27452">
        <ele>2242.65</ele>
      </trkpt>
      <trkpt lat="6.97535" lon="125.27456">
        <ele>2243.61</ele>
      </trkpt>
      <trkpt lat="6.97533" lon="125.2746">
        <ele>2244.3</ele>
      </trkpt>
      <trkpt lat="6.97531" lon="125.27463">
        <ele>2244.55</ele>
      </trkpt>
      <trkpt lat="6.97528" lon="125.27465">
        <ele>2244.26</ele>
      </trkpt>
      <trkpt lat="6.97526" lon="125.27468">
        <ele>2243.91</ele>
      </trkpt>
      <trkpt lat="6.97525" lon="125.2747">
        <ele>2243.77</ele>
      </trkpt>
      <trkpt lat="6.97524" lon="125.27472">
        <ele>2243.62</ele>
      </trkpt>
      <trkpt lat="6.97522" lon="125.27474">
        <ele>2243.11</ele>
      </trkpt>
      <trkpt lat="6.97521" lon="125.27475">
        <ele>2242.86</ele>
      </trkpt>
      <trkpt lat="6.9752" lon="125.27477">
        <ele>2242.72</ele>
      </trkpt>
      <trkpt lat="6.9752" lon="125.27481">
        <ele>2243.15</ele>
      </trkpt>
      <trkpt lat="6.97519" lon="125.27484">
        <ele>2243.11</ele>
      </trkpt>
      <trkpt lat="6.97517" lon="125.27486">
        <ele>2242.61</ele>
      </trkpt>
      <trkpt lat="6.97516" lon="125.27492">
        <ele>2242.9</ele>
      </trkpt>
      <trkpt lat="6.97513" lon="125.27497">
        <ele>2242.36</ele>
      </trkpt>
      <trkpt lat="6.97512" lon="125.27498">
        <ele>2242.1</ele>
      </trkpt>
      <trkpt lat="6.9751" lon="125.27499">
        <ele>2241.49</ele>
      </trkpt>
      <trkpt lat="6.97507" lon="125.27504">
        <ele>2240.16</ele>
      </trkpt>
      <trkpt lat="6.97505" lon="125.27507">
        <ele>2239.21</ele>
      </trkpt>
      <trkpt lat="6.97505" lon="125.27519">
        <ele>2238.19</ele>
      </trkpt>
      <trkpt lat="6.97505" lon="125.27521">
        <ele>2238.02</ele>
      </trkpt>
      <trkpt lat="6.97506" lon="125.27524">
        <ele>2238.06</ele>
      </trkpt>
      <trkpt lat="6.97507" lon="125.27525">
        <ele>2238.27</ele>
      </trkpt>
      <trkpt lat="6.97509" lon="125.27527">
        <ele>2238.67</ele>
      </trkpt>
      <trkpt lat="6.9751" lon="125.27528">
        <ele>2238.86</ele>
      </trkpt>
      <trkpt lat="6.97512" lon="125.2753">
        <ele>2239.22</ele>
      </trkpt>
      <trkpt lat="6.97513" lon="125.27533">
        <ele>2239.18</ele>
      </trkpt>
      <trkpt lat="6.97513" lon="125.27536">
        <ele>2238.86</ele>
      </trkpt>
      <trkpt lat="6.97514" lon="125.27541">
        <ele>2238.6</ele>
      </trkpt>
      <trkpt lat="6.97514" lon="125.27544">
        <ele>2238.28</ele>
      </trkpt>
      <trkpt lat="6.97512" lon="125.27545">
        <ele>2237.6</ele>
      </trkpt>
      <trkpt lat="6.97511" lon="125.27547">
        <ele>2237.09</ele>
      </trkpt>
      <trkpt lat="6.9751" lon="125.27549">
        <ele>2236.59</ele>
      </trkpt>
      <trkpt lat="6.9751" lon="125.27551">
        <ele>2236.37</ele>
      </trkpt>
      <trkpt lat="6.9751" lon="125.27552">
        <ele>2236.26</ele>
      </trkpt>
      <trkpt lat="6.97511" lon="125.27553">
        <ele>2236.44</ele>
      </trkpt>
      <trkpt lat="6.97512" lon="125.27555">
        <ele>2236.52</ele>
      </trkpt>
      <trkpt lat="6.97513" lon="125.27556">
        <ele>2236.7</ele>
      </trkpt>
      <trkpt lat="6.97516" lon="125.27559">
        <ele>2237.29</ele>
      </trkpt>
      <trkpt lat="6.97518" lon="125.27564">
        <ele>2237.38</ele>
      </trkpt>
      <trkpt lat="6.97518" lon="125.2757">
        <ele>2236.81</ele>
      </trkpt>
      <trkpt lat="6.97518" lon="125.27573">
        <ele>2236.52</ele>
      </trkpt>
      <trkpt lat="6.97521" lon="125.27582">
        <ele>2236.42</ele>
      </trkpt>
      <trkpt lat="6.97524" lon="125.27583">
        <ele>2237.08</ele>
      </trkpt>
      <trkpt lat="6.9753" lon="125.27587">
        <ele>2237.58</ele>
      </trkpt>
      <trkpt lat="6.97533" lon="125.2759">
        <ele>2237.54</ele>
      </trkpt>
      <trkpt lat="6.97537" lon="125.27591">
        <ele>2238.24</ele>
      </trkpt>
      <trkpt lat="6.9754" lon="125.2759">
        <ele>2239.17</ele>
      </trkpt>
      <trkpt lat="6.97542" lon="125.27592">
        <ele>2239.21</ele>
      </trkpt>
      <trkpt lat="6.97547" lon="125.27593">
        <ele>2240.2</ele>
      </trkpt>
      <trkpt lat="6.9755" lon="125.27596">
        <ele>2240.34</ele>
      </trkpt>
      <trkpt lat="6.97552" lon="125.27599">
        <ele>2240.27</ele>
      </trkpt>
      <trkpt lat="6.97559" lon="125.27613">
        <ele>2239.6</ele>
      </trkpt>
      <trkpt lat="6.97559" lon="125.27613">
        <ele>2239.6</ele>
      </trkpt>
      <trkpt lat="6.97567" lon="125.27622">
        <ele>2240.27</ele>
      </trkpt>
      <trkpt lat="6.97567" lon="125.27622">
        <ele>2240.27</ele>
      </trkpt>
      <trkpt lat="6.97568" lon="125.27625">
        <ele>2240.03</ele>
      </trkpt>
      <trkpt lat="6.97571" lon="125.27627">
        <ele>2240.65</ele>
      </trkpt>
      <trkpt lat="6.97572" lon="125.27629">
        <ele>2240.63</ele>
      </trkpt>
      <trkpt lat="6.97574" lon="125.27637">
        <ele>2239.96</ele>
      </trkpt>
      <trkpt lat="6.97575" lon="125.27639">
        <ele>2239.98</ele>
      </trkpt>
      <trkpt lat="6.97578" lon="125.27645">
        <ele>2240.16</ele>
      </trkpt>
      <trkpt lat="6.97579" lon="125.27646">
        <ele>2240.38</ele>
      </trkpt>
      <trkpt lat="6.9758" lon="125.27648">
        <ele>2240.45</ele>
      </trkpt>
      <trkpt lat="6.97582" lon="125.2765">
        <ele>2240.9</ele>
      </trkpt>
      <trkpt lat="6.97582" lon="125.27652">
        <ele>2240.61</ele>
      </trkpt>
      <trkpt lat="6.97584" lon="125.27653">
        <ele>2241.16</ele>
      </trkpt>
      <trkpt lat="6.97587" lon="125.27653">
        <ele>2242.02</ele>
      </trkpt>
      <trkpt lat="6.9759" lon="125.27654">
        <ele>2242.74</ele>
      </trkpt>
      <trkpt lat="6.97594" lon="125.27658">
        <ele>2243.32</ele>
      </trkpt>
      <trkpt lat="6.97595" lon="125.2766">
        <ele>2243.32</ele>
      </trkpt>
      <trkpt lat="6.97595" lon="125.27663">
        <ele>2242.89</ele>
      </trkpt>
      <trkpt lat="6.97598" lon="125.27666">
        <ele>2243.32</ele>
      </trkpt>
      <trkpt lat="6.97603" lon="125.27668">
        <ele>2244.46</ele>
      </trkpt>
      <trkpt lat="6.97605" lon="125.2767">
        <ele>2244.73</ele>
      </trkpt>
      <trkpt lat="6.97607" lon="125.27673">
        <ele>2244.87</ele>
      </trkpt>
      <trkpt lat="6.97606" lon="125.27675">
        <ele>2244.27</ele>
      </trkpt>
      <trkpt lat="6.97609" lon="125.2768">
        <ele>2244.44</ele>
      </trkpt>
      <trkpt lat="6.97612" lon="125.27682">
        <ele>2245.08</ele>
      </trkpt>
      <trkpt lat="6.97615" lon="125.27684">
        <ele>2245.76</ele>
      </trkpt>
      <trkpt lat="6.97616" lon="125.27684">
        <ele>2246.09</ele>
      </trkpt>
      <trkpt lat="6.97619" lon="125.27695">
        <ele>2245.48</ele>
      </trkpt>
      <trkpt lat="6.9762" lon="125.27701">
        <ele>2245.01</ele>
      </trkpt>
      <trkpt lat="6.97619" lon="125.27705">
        <ele>2244.14</ele>
      </trkpt>
      <trkpt lat="6.9762" lon="125.27711">
        <ele>2243.69</ele>
      </trkpt>
      <trkpt lat="6.97629" lon="125.27716">
        <ele>2246.19</ele>
      </trkpt>
      <trkpt lat="6.97634" lon="125.27717">
        <ele>2247.84</ele>
      </trkpt>
      <trkpt lat="6.97635" lon="125.27717">
        <ele>2248.19</ele>
      </trkpt>
      <trkpt lat="6.97642" lon="125.27717">
        <ele>2250.68</ele>
      </trkpt>
      <trkpt lat="6.97643" lon="125.27717">
        <ele>2251.04</ele>
      </trkpt>
      <trkpt lat="6.97644" lon="125.27718">
        <ele>2251.3</ele>
      </trkpt>
      <trkpt lat="6.97648" lon="125.27722">
        <ele>2252.3</ele>
      </trkpt>
      <trkpt lat="6.97653" lon="125.27725">
        <ele>2253.83</ele>
      </trkpt>
      <trkpt lat="6.97658" lon="125.27726">
        <ele>2255.57</ele>
      </trkpt>
      <trkpt lat="6.9766" lon="125.27726">
        <ele>2256.3</ele>
      </trkpt>
      <trkpt lat="6.97664" lon="125.27726">
        <ele>2257.75</ele>
      </trkpt>
      <trkpt lat="6.97671" lon="125.27725">
        <ele>2259.38</ele>
      </trkpt>
      <trkpt lat="6.97685" lon="125.27725">
        <ele>2261.24</ele>
      </trkpt>
      <trkpt lat="6.9769" lon="125.27727">
        <ele>2261.58</ele>
      </trkpt>
      <trkpt lat="6.97694" lon="125.27731">
        <ele>2261.37</ele>
      </trkpt>
      <trkpt lat="6.97701" lon="125.27736">
        <ele>2260.99</ele>
      </trkpt>
      <trkpt lat="6.97708" lon="125.27737">
        <ele>2261.28</ele>
      </trkpt>
      <trkpt lat="6.97708" lon="125.27737">
        <ele>2261.28</ele>
      </trkpt>
      <trkpt lat="6.97722" lon="125.27741">
        <ele>2261.25</ele>
      </trkpt>
      <trkpt lat="6.97722" lon="125.27741">
        <ele>2261.25</ele>
      </trkpt>
      <trkpt lat="6.97724" lon="125.27742">
        <ele>2261.12</ele>
      </trkpt>
      <trkpt lat="6.97731" lon="125.27747">
        <ele>2260.14</ele>
      </trkpt>
      <trkpt lat="6.97735" lon="125.27751">
        <ele>2259.35</ele>
      </trkpt>
      <trkpt lat="6.97736" lon="125.27756">
        <ele>2258.85</ele>
      </trkpt>
      <trkpt lat="6.97736" lon="125.27757">
        <ele>2258.74</ele>
      </trkpt>
      <trkpt lat="6.97735" lon="125.27769">
        <ele>2257.35</ele>
      </trkpt>
      <trkpt lat="6.9774" lon="125.27772">
        <ele>2257.49</ele>
      </trkpt>
      <trkpt lat="6.97745" lon="125.27772">
        <ele>2257.95</ele>
      </trkpt>
      <trkpt lat="6.97749" lon="125.27774">
        <ele>2258.17</ele>
      </trkpt>
      <trkpt lat="6.97752" lon="125.27774">
        <ele>2258.42</ele>
      </trkpt>
      <trkpt lat="6.9776" lon="125.27776">
        <ele>2258.85</ele>
      </trkpt>
      <trkpt lat="6.9776" lon="125.27776">
        <ele>2258.85</ele>
      </trkpt>
      <trkpt lat="6.97771" lon="125.27774">
        <ele>2259.78</ele>
      </trkpt>
      <trkpt lat="6.97771" lon="125.27774">
        <ele>2259.78</ele>
      </trkpt>
      <trkpt lat="6.97772" lon="125.27774">
        <ele>2259.86</ele>
      </trkpt>
      <trkpt lat="6.97775" lon="125.27772">
        <ele>2260.22</ele>
      </trkpt>
      <trkpt lat="6.97783" lon="125.27768">
        <ele>2261.27</ele>
      </trkpt>
      <trkpt lat="6.97787" lon="125.27768">
        <ele>2261.7</ele>
      </trkpt>
      <trkpt lat="6.9779" lon="125.2777">
        <ele>2261.88</ele>
      </trkpt>
      <trkpt lat="6.97795" lon="125.27772">
        <ele>2262.28</ele>
      </trkpt>
      <trkpt lat="6.978" lon="125.27772">
        <ele>2262.82</ele>
      </trkpt>
      <trkpt lat="6.97805" lon="125.2777">
        <ele>2263.5</ele>
      </trkpt>
      <trkpt lat="6.97813" lon="125.27769">
        <ele>2264.17</ele>
      </trkpt>
      <trkpt lat="6.97821" lon="125.27771">
        <ele>2264.6</ele>
      </trkpt>
      <trkpt lat="6.97827" lon="125.27773">
        <ele>2264.89</ele>
      </trkpt>
      <trkpt lat="6.97833" lon="125.27774">
        <ele>2265.25</ele>
      </trkpt>
      <trkpt lat="6.97836" lon="125.27775">
        <ele>2266.53</ele>
      </trkpt>
      <trkpt lat="6.9784" lon="125.27778">
        <ele>2268.35</ele>
      </trkpt>
      <trkpt lat="6.97845" lon="125.2778">
        <ele>2270.75</ele>
      </trkpt>
      <trkpt lat="6.9785" lon="125.27781">
        <ele>2273.24</ele>
      </trkpt>
      <trkpt lat="6.97856" lon="125.27783">
        <ele>2276.2</ele>
      </trkpt>
      <trkpt lat="6.97863" lon="125.27785">
        <ele>2279.71</ele>
      </trkpt>
      <trkpt lat="6.97867" lon="125.27787">
        <ele>2281.71</ele>
      </trkpt>
      <trkpt lat="6.97871" lon="125.27789">
        <ele>2283.72</ele>
      </trkpt>
      <trkpt lat="6.97874" lon="125.27791">
        <ele>2285.24</ele>
      </trkpt>
      <trkpt lat="6.97878" lon="125.27794">
        <ele>2287.28</ele>
      </trkpt>
      <trkpt lat="6.97879" lon="125.27794">
        <ele>2287.81</ele>
      </trkpt>
      <trkpt lat="6.97881" lon="125.27795">
        <ele>2288.85</ele>
      </trkpt>
      <trkpt lat="6.97883" lon="125.27794">
        <ele>2289.91</ele>
      </trkpt>
      <trkpt lat="6.97885" lon="125.27795">
        <ele>2290.95</ele>
      </trkpt>
      <trkpt lat="6.97887" lon="125.27794">
        <ele>2292.01</ele>
      </trkpt>
      <trkpt lat="6.97888" lon="125.27794">
        <ele>2292.53</ele>
      </trkpt>
      <trkpt lat="6.9789" lon="125.27795">
        <ele>2293.61</ele>
      </trkpt>
      <trkpt lat="6.97894" lon="125.27795">
        <ele>2295.8</ele>
      </trkpt>
      <trkpt lat="6.97898" lon="125.27797">
        <ele>2298.05</ele>
      </trkpt>
      <trkpt lat="6.97903" lon="125.27796">
        <ele>2300.78</ele>
      </trkpt>
      <trkpt lat="6.97905" lon="125.27797">
        <ele>2301.92</ele>
      </trkpt>
      <trkpt lat="6.97909" lon="125.27796">
        <ele>2304.09</ele>
      </trkpt>
      <trkpt lat="6.97911" lon="125.27794">
        <ele>2305.07</ele>
      </trkpt>
      <trkpt lat="6.97913" lon="125.27794">
        <ele>2306.17</ele>
      </trkpt>
      <trkpt lat="6.97914" lon="125.27794">
        <ele>2306.71</ele>
      </trkpt>
      <trkpt lat="6.97915" lon="125.27793">
        <ele>2307.19</ele>
      </trkpt>
      <trkpt lat="6.97919" lon="125.27791">
        <ele>2309.29</ele>
      </trkpt>
      <trkpt lat="6.9792" lon="125.2779">
        <ele>2309.79</ele>
      </trkpt>
      <trkpt lat="6.97923" lon="125.27789">
        <ele>2311.41</ele>
      </trkpt>
      <trkpt lat="6.97927" lon="125.27788">
        <ele>2313.59</ele>
      </trkpt>
      <trkpt lat="6.97931" lon="125.27788">
        <ele>2315.86</ele>
      </trkpt>
      <trkpt lat="6.97933" lon="125.27787">
        <ele>2316.87</ele>
      </trkpt>
      <trkpt lat="6.97937" lon="125.27787">
        <ele>2319.13</ele>
      </trkpt>
      <trkpt lat="6.97939" lon="125.27788">
        <ele>2320.39</ele>
      </trkpt>
      <trkpt lat="6.97941" lon="125.27787">
        <ele>2321.39</ele>
      </trkpt>
      <trkpt lat="6.97943" lon="125.27787">
        <ele>2322.51</ele>
      </trkpt>
      <trkpt lat="6.97947" lon="125.27786">
        <ele>2324.55</ele>
      </trkpt>
      <trkpt lat="6.97955" lon="125.27784">
        <ele>2328.47</ele>
      </trkpt>
      <trkpt lat="6.97972" lon="125.27777">
        <ele>2335.72</ele>
      </trkpt>
      <trkpt lat="6.97979" lon="125.27777">
        <ele>2339.47</ele>
      </trkpt>
      <trkpt lat="6.97982" lon="125.27776">
        <ele>2340.83</ele>
      </trkpt>
      <trkpt lat="6.97985" lon="125.27776">
        <ele>2342.43</ele>
      </trkpt>
      <trkpt lat="6.97987" lon="125.27775">
        <ele>2343.22</ele>
      </trkpt>
      <trkpt lat="6.97992" lon="125.27774">
        <ele>2345.57</ele>
      </trkpt>
      <trkpt lat="6.97996" lon="125.27773">
        <ele>2347.37</ele>
      </trkpt>
      <trkpt lat="6.97998" lon="125.27772">
        <ele>2348.09</ele>
      </trkpt>
      <trkpt lat="6.98" lon="125.27771">
        <ele>2348.8</ele>
      </trkpt>
      <trkpt lat="6.98002" lon="125.2777">
        <ele>2349.13</ele>
      </trkpt>
      <trkpt lat="6.98004" lon="125.27769">
        <ele>2349.45</ele>
      </trkpt>
      <trkpt lat="6.98006" lon="125.27769">
        <ele>2350.1</ele>
      </trkpt>
      <trkpt lat="6.98007" lon="125.27768">
        <ele>2350.1</ele>
      </trkpt>
      <trkpt lat="6.98018" lon="125.27768">
        <ele>2353.66</ele>
      </trkpt>
      <trkpt lat="6.9802" lon="125.27769">
        <ele>2354.64</ele>
      </trkpt>
      <trkpt lat="6.98023" lon="125.27772">
        <ele>2356.58</ele>
      </trkpt>
      <trkpt lat="6.98027" lon="125.27773">
        <ele>2358.2</ele>
      </trkpt>
      <trkpt lat="6.98032" lon="125.27776">
        <ele>2360.64</ele>
      </trkpt>
      <trkpt lat="6.98036" lon="125.27776">
        <ele>2361.79</ele>
      </trkpt>
      <trkpt lat="6.9804" lon="125.27779">
        <ele>2363.92</ele>
      </trkpt>
      <trkpt lat="6.98043" lon="125.2778">
        <ele>2365.1</ele>
      </trkpt>
      <trkpt lat="6.98048" lon="125.2778">
        <ele>2366.54</ele>
      </trkpt>
      <trkpt lat="6.9805" lon="125.27781">
        <ele>2367.44</ele>
      </trkpt>
      <trkpt lat="6.98057" lon="125.27781">
        <ele>2369.51</ele>
      </trkpt>
      <trkpt lat="6.98064" lon="125.27783">
        <ele>2372.43</ele>
      </trkpt>
      <trkpt lat="6.98067" lon="125.27784">
        <ele>2373.72</ele>
      </trkpt>
      <trkpt lat="6.98069" lon="125.27784">
        <ele>2374.37</ele>
      </trkpt>
      <trkpt lat="6.98072" lon="125.27784">
        <ele>2375.34</ele>
      </trkpt>
      <trkpt lat="6.98075" lon="125.27783">
        <ele>2375.99</ele>
      </trkpt>
      <trkpt lat="6.98078" lon="125.2778">
        <ele>2375.99</ele>
      </trkpt>
      <trkpt lat="6.9808" lon="125.27779">
        <ele>2376.32</ele>
      </trkpt>
      <trkpt lat="6.98082" lon="125.2778">
        <ele>2377.29</ele>
      </trkpt>
      <trkpt lat="6.98085" lon="125.27782">
        <ele>2379.32</ele>
      </trkpt>
      <trkpt lat="6.98089" lon="125.27784">
        <ele>2382.23</ele>
      </trkpt>
      <trkpt lat="6.98091" lon="125.27786">
        <ele>2384.0</ele>
      </trkpt>
      <trkpt lat="6.98094" lon="125.27788">
        <ele>2386.31</ele>
      </trkpt>
      <trkpt lat="6.98096" lon="125.27789">
        <ele>2387.75</ele>
      </trkpt>
      <trkpt lat="6.98102" lon="125.27789">
        <ele>2391.12</ele>
      </trkpt>
      <trkpt lat="6.98105" lon="125.27791">
        <ele>2393.39</ele>
      </trkpt>
      <trkpt lat="6.98112" lon="125.27791">
        <ele>2397.32</ele>
      </trkpt>
      <trkpt lat="6.98116" lon="125.27793">
        <ele>2400.18</ele>
      </trkpt>
      <trkpt lat="6.98119" lon="125.27793">
        <ele>2401.9</ele>
      </trkpt>
      <trkpt lat="6.98122" lon="125.27796">
        <ele>2404.4</ele>
      </trkpt>
      <trkpt lat="6.98124" lon="125.27797">
        <ele>2405.78</ele>
      </trkpt>
      <trkpt lat="6.98126" lon="125.27798">
        <ele>2407.16</ele>
      </trkpt>
      <trkpt lat="6.98128" lon="125.27798">
        <ele>2408.27</ele>
      </trkpt>
      <trkpt lat="6.9813" lon="125.278">
        <ele>2409.87</ele>
      </trkpt>
      <trkpt lat="6.98132" lon="125.27802">
        <ele>2411.45</ele>
      </trkpt>
      <trkpt lat="6.98136" lon="125.27806">
        <ele>2414.54</ele>
      </trkpt>
      <trkpt lat="6.98138" lon="125.27807">
        <ele>2415.83</ele>
      </trkpt>
      <trkpt lat="6.98139" lon="125.27808">
        <ele>2416.59</ele>
      </trkpt>
      <trkpt lat="6.98145" lon="125.27813">
        <ele>2420.79</ele>
      </trkpt>
      <trkpt lat="6.98149" lon="125.27816">
        <ele>2423.44</ele>
      </trkpt>
      <trkpt lat="6.98153" lon="125.2782">
        <ele>2426.21</ele>
      </trkpt>
      <trkpt lat="6.98156" lon="125.2782">
        <ele>2427.72</ele>
      </trkpt>
      <trkpt lat="6.98157" lon="125.2782">
        <ele>2428.22</ele>
      </trkpt>
      <trkpt lat="6.98158" lon="125.2782">
        <ele>2428.72</ele>
      </trkpt>
      <trkpt lat="6.9816" lon="125.27822">
        <ele>2430.05</ele>
      </trkpt>
      <trkpt lat="6.98161" lon="125.27825">
        <ele>2431.03</ele>
      </trkpt>
      <trkpt lat="6.98162" lon="125.27826">
        <ele>2431.67</ele>
      </trkpt>
      <trkpt lat="6.98162" lon="125.27826">
        <ele>2431.67</ele>
      </trkpt>
      <trkpt lat="6.98164" lon="125.27824">
        <ele>2432.34</ele>
      </trkpt>
      <trkpt lat="6.98165" lon="125.27823">
        <ele>2432.69</ele>
      </trkpt>
      <trkpt lat="6.98165" lon="125.27823">
        <ele>2432.69</ele>
      </trkpt>
      <trkpt lat="6.98167" lon="125.2781">
        <ele>2431.82</ele>
      </trkpt>
      <trkpt lat="6.98171" lon="125.27807">
        <ele>2433.56</ele>
      </trkpt>
      <trkpt lat="6.98173" lon="125.27808">
        <ele>2434.79</ele>
      </trkpt>
      <trkpt lat="6.98176" lon="125.27813">
        <ele>2437.2</ele>
      </trkpt>
      <trkpt lat="6.9818" lon="125.27815">
        <ele>2439.72</ele>
      </trkpt>
      <trkpt lat="6.98185" lon="125.27814">
        <ele>2442.32</ele>
      </trkpt>
      <trkpt lat="6.98191" lon="125.27811">
        <ele>2445.1</ele>
      </trkpt>
      <trkpt lat="6.98196" lon="125.2781">
        <ele>2448.65</ele>
      </trkpt>
      <trkpt lat="6.98201" lon="125.2781">
        <ele>2454.59</ele>
      </trkpt>
      <trkpt lat="6.98205" lon="125.27811">
        <ele>2459.52</ele>
      </trkpt>
      <trkpt lat="6.9821" lon="125.27811">
        <ele>2465.46</ele>
      </trkpt>
      <trkpt lat="6.98214" lon="125.27806">
        <ele>2469.31</ele>
      </trkpt>
      <trkpt lat="6.98214" lon="125.27805">
        <ele>2469.15</ele>
      </trkpt>
      <trkpt lat="6.98221" lon="125.27797">
        <ele>2476.32</ele>
      </trkpt>
      <trkpt lat="6.98221" lon="125.27797">
        <ele>2476.32</ele>
      </trkpt>
      <trkpt lat="6.9823" lon="125.27789">
        <ele>2482.44</ele>
      </trkpt>
      <trkpt lat="6.9823" lon="125.27789">
        <ele>2482.44</ele>
      </trkpt>
      <trkpt lat="6.98233" lon="125.27783">
        <ele>2483.66</ele>
      </trkpt>
      <trkpt lat="6.98233" lon="125.27783">
        <ele>2483.66</ele>
      </trkpt>
      <trkpt lat="6.98236" lon="125.27782">
        <ele>2485.68</ele>
      </trkpt>
      <trkpt lat="6.98238" lon="125.27781">
        <ele>2486.96</ele>
      </trkpt>
      <trkpt lat="6.98239" lon="125.27781">
        <ele>2487.68</ele>
      </trkpt>
      <trkpt lat="6.98241" lon="125.2778">
        <ele>2488.95</ele>
      </trkpt>
      <trkpt lat="6.98271" lon="125.27766">
        <ele>2505.76</ele>
      </trkpt>
      <trkpt lat="6.98284" lon="125.27762">
        <ele>2510.04</ele>
      </trkpt>
      <trkpt lat="6.98288" lon="125.2776">
        <ele>2510.47</ele>
      </trkpt>
      <trkpt lat="6.9829" lon="125.2776">
        <ele>2511.09</ele>
      </trkpt>
      <trkpt lat="6.983" lon="125.27757">
        <ele>2513.22</ele>
      </trkpt>
      <trkpt lat="6.98304" lon="125.27755">
        <ele>2513.92</ele>
      </trkpt>
      <trkpt lat="6.98307" lon="125.27751">
        <ele>2514.2</ele>
      </trkpt>
      <trkpt lat="6.98309" lon="125.27747">
        <ele>2514.99</ele>
      </trkpt>
      <trkpt lat="6.98311" lon="125.27742">
        <ele>2516.0</ele>
      </trkpt>
      <trkpt lat="6.98314" lon="125.27738">
        <ele>2517.96</ele>
      </trkpt>
      <trkpt lat="6.98318" lon="125.27735">
        <ele>2520.9</ele>
      </trkpt>
      <trkpt lat="6.98322" lon="125.27733">
        <ele>2523.99</ele>
      </trkpt>
      <trkpt lat="6.98327" lon="125.27731">
        <ele>2528.01</ele>
      </trkpt>
      <trkpt lat="6.98332" lon="125.2773">
        <ele>2532.09</ele>
      </trkpt>
      <trkpt lat="6.98337" lon="125.27729">
        <ele>2535.74</ele>
      </trkpt>
      <trkpt lat="6.98342" lon="125.27729">
        <ele>2539.11</ele>
      </trkpt>
      <trkpt lat="6.98346" lon="125.27728">
        <ele>2541.87</ele>
      </trkpt>
      <trkpt lat="6.98347" lon="125.27728">
        <ele>2542.54</ele>
      </trkpt>
      <trkpt lat="6.98358" lon="125.2773">
        <ele>2549.89</ele>
      </trkpt>
      <trkpt lat="6.98362" lon="125.27728">
        <ele>2552.43</ele>
      </trkpt>
      <trkpt lat="6.98367" lon="125.27728">
        <ele>2554.82</ele>
      </trkpt>
      <trkpt lat="6.98371" lon="125.27726">
        <ele>2557.07</ele>
      </trkpt>
      <trkpt lat="6.98374" lon="125.27723">
        <ele>2559.26</ele>
      </trkpt>
      <trkpt lat="6.98377" lon="125.27719">
        <ele>2560.74</ele>
      </trkpt>
      <trkpt lat="6.9838" lon="125.27714">
        <ele>2561.79</ele>
      </trkpt>
      <trkpt lat="6.98382" lon="125.2771">
        <ele>2562.38</ele>
      </trkpt>
      <trkpt lat="6.98382" lon="125.2771">
        <ele>2562.38</ele>
      </trkpt>
      <trkpt lat="6.98394" lon="125.27698">
        <ele>2569.26</ele>
      </trkpt>
      <trkpt lat="6.98397" lon="125.27693">
        <ele>2571.9</ele>
      </trkpt>
      <trkpt lat="6.98399" lon="125.27688">
        <ele>2573.07</ele>
      </trkpt>
      <trkpt lat="6.98399" lon="125.27687">
        <ele>2572.9</ele>
      </trkpt>
      <trkpt lat="6.98401" lon="125.27685">
        <ele>2574.72</ele>
      </trkpt>
      <trkpt lat="6.98404" lon="125.27681">
        <ele>2577.42</ele>
      </trkpt>
      <trkpt lat="6.98409" lon="125.27679">
        <ele>2582.8</ele>
      </trkpt>
      <trkpt lat="6.98415" lon="125.27679">
        <ele>2589.56</ele>
      </trkpt>
      <trkpt lat="6.98419" lon="125.27679">
        <ele>2592.65</ele>
      </trkpt>
      <trkpt lat="6.98424" lon="125.27679">
        <ele>2595.23</ele>
      </trkpt>
      <trkpt lat="6.98428" lon="125.27676">
        <ele>2597.45</ele>
      </trkpt>
      <trkpt lat="6.98431" lon="125.27674">
        <ele>2599.22</ele>
      </trkpt>
      <trkpt lat="6.98439" lon="125.27666">
        <ele>2604.93</ele>
      </trkpt>
      <trkpt lat="6.98442" lon="125.27661">
        <ele>2608.73</ele>
      </trkpt>
      <trkpt lat="6.98445" lon="125.27657">
        <ele>2612.15</ele>
      </trkpt>
      <trkpt lat="6.98448" lon="125.27654">
        <ele>2615.06</ele>
      </trkpt>
      <trkpt lat="6.98451" lon="125.2765">
        <ele>2618.38</ele>
      </trkpt>
      <trkpt lat="6.98454" lon="125.27647">
        <ele>2621.29</ele>
      </trkpt>
      <trkpt lat="6.98458" lon="125.27645">
        <ele>2624.39</ele>
      </trkpt>
      <trkpt lat="6.9846" lon="125.2764">
        <ele>2627.52</ele>
      </trkpt>
      <trkpt lat="6.98461" lon="125.27636">
        <ele>2629.64</ele>
      </trkpt>
      <trkpt lat="6.98464" lon="125.27632">
        <ele>2632.92</ele>
      </trkpt>
      <trkpt lat="6.98467" lon="125.27629">
        <ele>2635.84</ele>
      </trkpt>
      <trkpt lat="6.98479" lon="125.27619">
        <ele>2646.85</ele>
      </trkpt>
      <trkpt lat="6.98483" lon="125.27618">
        <ele>2649.58</ele>
      </trkpt>
      <trkpt lat="6.98487" lon="125.27615">
        <ele>2653.05</ele>
      </trkpt>
      <trkpt lat="6.98488" lon="125.27608">
        <ele>2656.32</ele>
      </trkpt>
      <trkpt lat="6.9849" lon="125.27604">
        <ele>2659.06</ele>
      </trkpt>
      <trkpt lat="6.98492" lon="125.276">
        <ele>2661.79</ele>
      </trkpt>
      <trkpt lat="6.98496" lon="125.27588">
        <ele>2668.85</ele>
      </trkpt>
      <trkpt lat="6.98497" lon="125.27583">
        <ele>2671.4</ele>
      </trkpt>
      <trkpt lat="6.98499" lon="125.27578">
        <ele>2674.64</ele>
      </trkpt>
      <trkpt lat="6.98501" lon="125.27574">
        <ele>2677.72</ele>
      </trkpt>
      <trkpt lat="6.98504" lon="125.2757">
        <ele>2681.43</ele>
      </trkpt>
      <trkpt lat="6.98506" lon="125.27566">
        <ele>2684.4</ele>
      </trkpt>
      <trkpt lat="6.98509" lon="125.27562">
        <ele>2687.95</ele>
      </trkpt>
      <trkpt lat="6.98511" lon="125.27559">
        <ele>2690.39</ele>
      </trkpt>
      <trkpt lat="6.9852" lon="125.27548">
        <ele>2698.43</ele>
      </trkpt>
      <trkpt lat="6.98524" lon="125.27545">
        <ele>2702.06</ele>
      </trkpt>
      <trkpt lat="6.98528" lon="125.27543">
        <ele>2705.77</ele>
      </trkpt>
      <trkpt lat="6.98531" lon="125.27539">
        <ele>2708.97</ele>
      </trkpt>
      <trkpt lat="6.9853" lon="125.27536">
        <ele>2709.15</ele>
      </trkpt>
      <trkpt lat="6.98529" lon="125.27534">
        <ele>2709.04</ele>
      </trkpt>
      <trkpt lat="6.9853" lon="125.27529">
        <ele>2711.17</ele>
      </trkpt>
      <trkpt lat="6.98531" lon="125.27524">
        <ele>2709.93</ele>
      </trkpt>
      <trkpt lat="6.98532" lon="125.27523">
        <ele>2710.08</ele>
      </trkpt>
      <trkpt lat="6.98551" lon="125.27492">
        <ele>2716.22</ele>
      </trkpt>
      <trkpt lat="6.98551" lon="125.27492">
        <ele>2716.22</ele>
      </trkpt>
      <trkpt lat="6.9856" lon="125.27475">
        <ele>2720.96</ele>
      </trkpt>
      <trkpt lat="6.9856" lon="125.2747">
        <ele>2721.0</ele>
      </trkpt>
      <trkpt lat="6.98561" lon="125.27465">
        <ele>2721.89</ele>
      </trkpt>
      <trkpt lat="6.98565" lon="125.27462">
        <ele>2723.46</ele>
      </trkpt>
      <trkpt lat="6.98569" lon="125.2746">
        <ele>2724.81</ele>
      </trkpt>
      <trkpt lat="6.98573" lon="125.27457">
        <ele>2726.04</ele>
      </trkpt>
      <trkpt lat="6.98576" lon="125.27453">
        <ele>2726.81</ele>
      </trkpt>
      <trkpt lat="6.98578" lon="125.27448">
        <ele>2727.15</ele>
      </trkpt>
      <trkpt lat="6.98581" lon="125.27445">
        <ele>2727.61</ele>
      </trkpt>
      <trkpt lat="6.98591" lon="125.27431">
        <ele>2729.3</ele>
      </trkpt>
      <trkpt lat="6.98596" lon="125.27429">
        <ele>2731.71</ele>
      </trkpt>
      <trkpt lat="6.98599" lon="125.27425">
        <ele>2734.0</ele>
      </trkpt>
      <trkpt lat="6.98601" lon="125.27421">
        <ele>2736.19</ele>
      </trkpt>
      <trkpt lat="6.98602" lon="125.27416">
        <ele>2738.52</ele>
      </trkpt>
      <trkpt lat="6.98605" lon="125.27413">
        <ele>2742.35</ele>
      </trkpt>
      <trkpt lat="6.9861" lon="125.27411">
        <ele>2746.55</ele>
      </trkpt>
      <trkpt lat="6.98611" lon="125.27409">
        <ele>2747.97</ele>
      </trkpt>
      <trkpt lat="6.98615" lon="125.27404">
        <ele>2750.97</ele>
      </trkpt>
      <trkpt lat="6.98617" lon="125.27402">
        <ele>2752.14</ele>
      </trkpt>
      <trkpt lat="6.98618" lon="125.27395">
        <ele>2754.71</ele>
      </trkpt>
      <trkpt lat="6.98616" lon="125.2739">
        <ele>2756.14</ele>
      </trkpt>
      <trkpt lat="6.98615" lon="125.27384">
        <ele>2761.6</ele>
      </trkpt>
      <trkpt lat="6.98617" lon="125.2738">
        <ele>2765.96</ele>
      </trkpt>
      <trkpt lat="6.98618" lon="125.27375">
        <ele>2771.25</ele>
      </trkpt>
      <trkpt lat="6.98618" lon="125.2737">
        <ele>2776.47</ele>
      </trkpt>
      <trkpt lat="6.98616" lon="125.27366">
        <ele>2780.67</ele>
      </trkpt>
      <trkpt lat="6.98615" lon="125.27364">
        <ele>2782.8</ele>
      </trkpt>
      <trkpt lat="6.9861" lon="125.27354">
        <ele>2788.75</ele>
      </trkpt>
      <trkpt lat="6.9861" lon="125.27349">
        <ele>2790.7</ele>
      </trkpt>
      <trkpt lat="6.98611" lon="125.27344">
        <ele>2792.76</ele>
      </trkpt>
      <trkpt lat="6.98612" lon="125.2734">
        <ele>2794.81</ele>
      </trkpt>
      <trkpt lat="6.98614" lon="125.27335">
        <ele>2798.19</ele>
      </trkpt>
      <trkpt lat="6.98615" lon="125.2733">
        <ele>2802.73</ele>
      </trkpt>
      <trkpt lat="6.98616" lon="125.27325">
        <ele>2808.06</ele>
      </trkpt>
      <trkpt lat="6.98619" lon="125.27323">
        <ele>2812.12</ele>
      </trkpt>
      <trkpt lat="6.98639" lon="125.27314">
        <ele>2836.21</ele>
      </trkpt>
      <trkpt lat="6.98644" lon="125.27313">
        <ele>2838.54</ele>
      </trkpt>
      <trkpt lat="6.98652" lon="125.27311">
        <ele>2842.42</ele>
      </trkpt>
      <trkpt lat="6.98656" lon="125.2731">
        <ele>2844.23</ele>
      </trkpt>
      <trkpt lat="6.98654" lon="125.27305">
        <ele>2848.0</ele>
      </trkpt>
      <trkpt lat="6.98648" lon="125.273">
        <ele>2849.85</ele>
      </trkpt>
      <trkpt lat="6.98644" lon="125.27298">
        <ele>2850.64</ele>
      </trkpt>
      <trkpt lat="6.9864" lon="125.27296">
        <ele>2851.61</ele>
      </trkpt>
      <trkpt lat="6.98637" lon="125.27292">
        <ele>2853.31</ele>
      </trkpt>
      <trkpt lat="6.98632" lon="125.27284">
        <ele>2857.5</ele>
      </trkpt>
      <trkpt lat="6.98631" lon="125.27279">
        <ele>2861.52</ele>
      </trkpt>
      <trkpt lat="6.98631" lon="125.27274">
        <ele>2864.58</ele>
      </trkpt>
      <trkpt lat="6.98629" lon="125.2727">
        <ele>2866.18</ele>
      </trkpt>
      <trkpt lat="6.98626" lon="125.27265">
        <ele>2867.79</ele>
      </trkpt>
      <trkpt lat="6.98623" lon="125.27262">
        <ele>2868.2</ele>
      </trkpt>
      <trkpt lat="6.9862" lon="125.27258">
        <ele>2868.83</ele>
      </trkpt>
      <trkpt lat="6.98618" lon="125.27253">
        <ele>2870.04</ele>
      </trkpt>
      <trkpt lat="6.98616" lon="125.27247">
        <ele>2871.62</ele>
      </trkpt>
      <trkpt lat="6.98616" lon="125.27247">
        <ele>2871.62</ele>
      </trkpt>
      <trkpt lat="6.98614" lon="125.27237">
        <ele>2875.64</ele>
      </trkpt>
      <trkpt lat="6.98612" lon="125.27232">
        <ele>2877.82</ele>
      </trkpt>
      <trkpt lat="6.9861" lon="125.27227">
        <ele>2880.35</ele>
      </trkpt>
      <trkpt lat="6.98608" lon="125.27222">
        <ele>2882.89</ele>
      </trkpt>
      <trkpt lat="6.98605" lon="125.27217">
        <ele>2885.11</ele>
      </trkpt>
      <trkpt lat="6.98604" lon="125.27215">
        <ele>2885.92</ele>
      </trkpt>
      <trkpt lat="6.98601" lon="125.27209">
        <ele>2887.98</ele>
      </trkpt>
      <trkpt lat="6.98601" lon="125.27204">
        <ele>2890.14</ele>
      </trkpt>
      <trkpt lat="6.98605" lon="125.27201">
        <ele>2892.94</ele>
      </trkpt>
      <trkpt lat="6.9861" lon="125.27199">
        <ele>2895.93</ele>
      </trkpt>
      <trkpt lat="6.98614" lon="125.27198">
        <ele>2896.02</ele>
      </trkpt>
      <trkpt lat="6.98619" lon="125.27198">
        <ele>2894.4</ele>
      </trkpt>
      <trkpt lat="6.98624" lon="125.27196">
        <ele>2893.67</ele>
      </trkpt>
      <trkpt lat="6.98625" lon="125.27195">
        <ele>2893.76</ele>
      </trkpt>
      <trkpt lat="6.98637" lon="125.27183">
        <ele>2891.6</ele>
      </trkpt>
      <trkpt lat="6.98637" lon="125.27183">
        <ele>2891.6</ele>
      </trkpt>
      <trkpt lat="6.98637" lon="125.27183">
        <ele>2891.6</ele>
      </trkpt>
      <trkpt lat="6.98638" lon="125.27182">
        <ele>2891.49</ele>
      </trkpt>
      <trkpt lat="6.98642" lon="125.27177">
        <ele>2890.57</ele>
      </trkpt>
      <trkpt lat="6.98646" lon="125.27172">
        <ele>2889.46</ele>
      </trkpt>
      <trkpt lat="6.98649" lon="125.27168">
        <ele>2888.66</ele>
      </trkpt>
      <trkpt lat="6.98652" lon="125.27164">
        <ele>2887.52</ele>
      </trkpt>
      <trkpt lat="6.98655" lon="125.2716">
        <ele>2886.34</ele>
      </trkpt>
      <trkpt lat="6.98659" lon="125.27156">
        <ele>2884.87</ele>
      </trkpt>
      <trkpt lat="6.98662" lon="125.27153">
        <ele>2883.91</ele>
      </trkpt>
      <trkpt lat="6.98666" lon="125.27148">
        <ele>2882.94</ele>
      </trkpt>
      <trkpt lat="6.98669" lon="125.27145">
        <ele>2883.4</ele>
      </trkpt>
      <trkpt lat="6.98672" lon="125.2714">
        <ele>2884.58</ele>
      </trkpt>
      <trkpt lat="6.98677" lon="125.27139">
        <ele>2885.47</ele>
      </trkpt>
      <trkpt lat="6.98678" lon="125.27139">
        <ele>2885.61</ele>
      </trkpt>
      <trkpt lat="6.98682" lon="125.27139">
        <ele>2886.19</ele>
      </trkpt>
      <trkpt lat="6.98686" lon="125.27138">
        <ele>2886.85</ele>
      </trkpt>
      <trkpt lat="6.98691" lon="125.27135">
        <ele>2887.63</ele>
      </trkpt>
      <trkpt lat="6.98695" lon="125.27132">
        <ele>2888.18</ele>
      </trkpt>
      <trkpt lat="6.987" lon="125.2713">
        <ele>2889.91</ele>
      </trkpt>
      <trkpt lat="6.98705" lon="125.27128">
        <ele>2891.85</ele>
      </trkpt>
      <trkpt lat="6.98711" lon="125.27128">
        <ele>2894.04</ele>
      </trkpt>
      <trkpt lat="6.98714" lon="125.27127">
        <ele>2895.34</ele>
      </trkpt>
      <trkpt lat="6.98723" lon="125.27122">
        <ele>2900.14</ele>
      </trkpt>
      <trkpt lat="6.98726" lon="125.27118">
        <ele>2902.38</ele>
      </trkpt>
      <trkpt lat="6.98729" lon="125.27114">
        <ele>2904.61</ele>
      </trkpt>
      <trkpt lat="6.98729" lon="125.27109">
        <ele>2905.92</ele>
      </trkpt>
      <trkpt lat="6.98728" lon="125.27105">
        <ele>2906.48</ele>
      </trkpt>
      <trkpt lat="6.98727" lon="125.271">
        <ele>2907.31</ele>
      </trkpt>
      <trkpt lat="6.9873" lon="125.27096">
        <ele>2909.15</ele>
      </trkpt>
      <trkpt lat="6.98735" lon="125.27094">
        <ele>2911.06</ele>
      </trkpt>
      <trkpt lat="6.98735" lon="125.27094">
        <ele>2911.06</ele>
      </trkpt>
      <trkpt lat="6.98735" lon="125.27094">
        <ele>2911.06</ele>
      </trkpt>
      <trkpt lat="6.9873" lon="125.27096">
        <ele>2909.15</ele>
      </trkpt>
      <trkpt lat="6.98727" lon="125.271">
        <ele>2907.31</ele>
      </trkpt>
      <trkpt lat="6.98728" lon="125.27105">
        <ele>2906.48</ele>
      </trkpt>
      <trkpt lat="6.98729" lon="125.27109">
        <ele>2905.92</ele>
      </trkpt>
      <trkpt lat="6.98729" lon="125.27114">
        <ele>2904.61</ele>
      </trkpt>
      <trkpt lat="6.98726" lon="125.27118">
        <ele>2902.38</ele>
      </trkpt>
      <trkpt lat="6.98723" lon="125.27122">
        <ele>2900.14</ele>
      </trkpt>
      <trkpt lat="6.98714" lon="125.27127">
        <ele>2895.34</ele>
      </trkpt>
      <trkpt lat="6.98711" lon="125.27128">
        <ele>2894.04</ele>
      </trkpt>
      <trkpt lat="6.98705" lon="125.27128">
        <ele>2891.85</ele>
      </trkpt>
      <trkpt lat="6.987" lon="125.2713">
        <ele>2889.91</ele>
      </trkpt>
      <trkpt lat="6.98695" lon="125.27132">
        <ele>2888.18</ele>
      </trkpt>
      <trkpt lat="6.98691" lon="125.27135">
        <ele>2887.63</ele>
      </trkpt>
      <trkpt lat="6.98686" lon="125.27138">
        <ele>2886.85</ele>
      </trkpt>
      <trkpt lat="6.98682" lon="125.27139">
        <ele>2886.19</ele>
      </trkpt>
      <trkpt lat="6.98678" lon="125.27139">
        <ele>2885.61</ele>
      </trkpt>
      <trkpt lat="6.98677" lon="125.27139">
        <ele>2885.47</ele>
      </trkpt>
      <trkpt lat="6.98672" lon="125.2714">
        <ele>2884.58</ele>
      </trkpt>
      <trkpt lat="6.98669" lon="125.27145">
        <ele>2883.4</ele>
      </trkpt>
      <trkpt lat="6.98666" lon="125.27148">
        <ele>2882.94</ele>
      </trkpt>
      <trkpt lat="6.98662" lon="125.27153">
        <ele>2883.91</ele>
      </trkpt>
      <trkpt lat="6.98659" lon="125.27156">
        <ele>2884.87</ele>
      </trkpt>
      <trkpt lat="6.98655" lon="125.2716">
        <ele>2886.34</ele>
      </trkpt>
      <trkpt lat="6.98652" lon="125.27164">
        <ele>2887.52</ele>
      </trkpt>
      <trkpt lat="6.98649" lon="125.27168">
        <ele>2888.66</ele>
      </trkpt>
      <trkpt lat="6.98646" lon="125.27172">
        <ele>2889.46</ele>
      </trkpt>
      <trkpt lat="6.98642" lon="125.27177">
        <ele>2890.57</ele>
      </trkpt>
      <trkpt lat="6.98638" lon="125.27182">
        <ele>2891.49</ele>
      </trkpt>
      <trkpt lat="6.98637" lon="125.27183">
        <ele>2891.6</ele>
      </trkpt>
      <trkpt lat="6.98637" lon="125.27183">
        <ele>2891.6</ele>
      </trkpt>
      <trkpt lat="6.98637" lon="125.27183">
        <ele>2891.6</ele>
      </trkpt>
      <trkpt lat="6.98625" lon="125.27195">
        <ele>2893.76</ele>
      </trkpt>
      <trkpt lat="6.98624" lon="125.27196">
        <ele>2893.67</ele>
      </trkpt>
      <trkpt lat="6.98619" lon="125.27198">
        <ele>2894.4</ele>
      </trkpt>
      <trkpt lat="6.98614" lon="125.27198">
        <ele>2896.02</ele>
      </trkpt>
      <trkpt lat="6.9861" lon="125.27199">
        <ele>2895.93</ele>
      </trkpt>
      <trkpt lat="6.98605" lon="125.27201">
        <ele>2892.94</ele>
      </trkpt>
      <trkpt lat="6.98601" lon="125.27204">
        <ele>2890.14</ele>
      </trkpt>
      <trkpt lat="6.98601" lon="125.27209">
        <ele>2887.98</ele>
      </trkpt>
      <trkpt lat="6.98604" lon="125.27215">
        <ele>2885.92</ele>
      </trkpt>
      <trkpt lat="6.98605" lon="125.27217">
        <ele>2885.11</ele>
      </trkpt>
      <trkpt lat="6.98608" lon="125.27222">
        <ele>2882.89</ele>
      </trkpt>
      <trkpt lat="6.9861" lon="125.27227">
        <ele>2880.35</ele>
      </trkpt>
      <trkpt lat="6.98612" lon="125.27232">
        <ele>2877.82</ele>
      </trkpt>
      <trkpt lat="6.98614" lon="125.27237">
        <ele>2875.64</ele>
      </trkpt>
      <trkpt lat="6.98616" lon="125.27247">
        <ele>2871.62</ele>
      </trkpt>
      <trkpt lat="6.98616" lon="125.27247">
        <ele>2871.62</ele>
      </trkpt>
      <trkpt lat="6.98618" lon="125.27253">
        <ele>2870.04</ele>
      </trkpt>
      <trkpt lat="6.9862" lon="125.27258">
        <ele>2868.83</ele>
      </trkpt>
      <trkpt lat="6.98623" lon="125.27262">
        <ele>2868.2</ele>
      </trkpt>
      <trkpt lat="6.98626" lon="125.27265">
        <ele>2867.79</ele>
      </trkpt>
      <trkpt lat="6.98629" lon="125.2727">
        <ele>2866.18</ele>
      </trkpt>
      <trkpt lat="6.98631" lon="125.27274">
        <ele>2864.58</ele>
      </trkpt>
      <trkpt lat="6.98631" lon="125.27279">
        <ele>2861.52</ele>
      </trkpt>
      <trkpt lat="6.98632" lon="125.27284">
        <ele>2857.5</ele>
      </trkpt>
      <trkpt lat="6.98637" lon="125.27292">
        <ele>2853.31</ele>
      </trkpt>
      <trkpt lat="6.9864" lon="125.27296">
        <ele>2851.61</ele>
      </trkpt>
      <trkpt lat="6.98644" lon="125.27298">
        <ele>2850.64</ele>
      </trkpt>
      <trkpt lat="6.98648" lon="125.273">
        <ele>2849.85</ele>
      </trkpt>
      <trkpt lat="6.98654" lon="125.27305">
        <ele>2848.0</ele>
      </trkpt>
      <trkpt lat="6.98656" lon="125.2731">
        <ele>2844.23</ele>
      </trkpt>
      <trkpt lat="6.98652" lon="125.27311">
        <ele>2842.42</ele>
      </trkpt>
      <trkpt lat="6.98644" lon="125.27313">
        <ele>2838.54</ele>
      </trkpt>
      <trkpt lat="6.98639" lon="125.27314">
        <ele>2836.21</ele>
      </trkpt>
      <trkpt lat="6.98619" lon="125.27323">
        <ele>2812.12</ele>
      </trkpt>
      <trkpt lat="6.98616" lon="125.27325">
        <ele>2808.06</ele>
      </trkpt>
      <trkpt lat="6.98615" lon="125.2733">
        <ele>2802.73</ele>
      </trkpt>
      <trkpt lat="6.98614" lon="125.27335">
        <ele>2798.19</ele>
      </trkpt>
      <trkpt lat="6.98612" lon="125.2734">
        <ele>2794.81</ele>
      </trkpt>
      <trkpt lat="6.98611" lon="125.27344">
        <ele>2792.76</ele>
      </trkpt>
      <trkpt lat="6.9861" lon="125.27349">
        <ele>2790.7</ele>
      </trkpt>
      <trkpt lat="6.9861" lon="125.27354">
        <ele>2788.75</ele>
      </trkpt>
      <trkpt lat="6.98615" lon="125.27364">
        <ele>2782.8</ele>
      </trkpt>
      <trkpt lat="6.98616" lon="125.27366">
        <ele>2780.67</ele>
      </trkpt>
      <trkpt lat="6.98618" lon="125.2737">
        <ele>2776.47</ele>
      </trkpt>
      <trkpt lat="6.98618" lon="125.27375">
        <ele>2771.25</ele>
      </trkpt>
      <trkpt lat="6.98617" lon="125.2738">
        <ele>2765.96</ele>
      </trkpt>
      <trkpt lat="6.98615" lon="125.27384">
        <ele>2761.6</ele>
      </trkpt>
      <trkpt lat="6.98616" lon="125.2739">
        <ele>2756.14</ele>
      </trkpt>
      <trkpt lat="6.98618" lon="125.27395">
        <ele>2754.71</ele>
      </trkpt>
      <trkpt lat="6.98617" lon="125.27402">
        <ele>2752.14</ele>
      </trkpt>
      <trkpt lat="6.98615" lon="125.27404">
        <ele>2750.97</ele>
      </trkpt>
      <trkpt lat="6.98611" lon="125.27409">
        <ele>2747.97</ele>
      </trkpt>
      <trkpt lat="6.9861" lon="125.27411">
        <ele>2746.55</ele>
      </trkpt>
      <trkpt lat="6.98605" lon="125.27413">
        <ele>2742.35</ele>
      </trkpt>
      <trkpt lat="6.98602" lon="125.27416">
        <ele>2738.52</ele>
      </trkpt>
      <trkpt lat="6.98601" lon="125.27421">
        <ele>2736.19</ele>
      </trkpt>
      <trkpt lat="6.98599" lon="125.27425">
        <ele>2734.0</ele>
      </trkpt>
      <trkpt lat="6.98596" lon="125.27429">
        <ele>2731.71</ele>
      </trkpt>
      <trkpt lat="6.98591" lon="125.27431">
        <ele>2729.3</ele>
      </trkpt>
      <trkpt lat="6.98581" lon="125.27445">
        <ele>2727.61</ele>
      </trkpt>
      <trkpt lat="6.98578" lon="125.27448">
        <ele>2727.15</ele>
      </trkpt>
      <trkpt lat="6.98576" lon="125.27453">
        <ele>2726.81</ele>
      </trkpt>
      <trkpt lat="6.98573" lon="125.27457">
        <ele>2726.04</ele>
      </trkpt>
      <trkpt lat="6.98569" lon="125.2746">
        <ele>2724.81</ele>
      </trkpt>
      <trkpt lat="6.98565" lon="125.27462">
        <ele>2723.46</ele>
      </trkpt>
      <trkpt lat="6.98561" lon="125.27465">
        <ele>2721.89</ele>
      </trkpt>
      <trkpt lat="6.9856" lon="125.2747">
        <ele>2721.0</ele>
      </trkpt>
      <trkpt lat="6.9856" lon="125.27475">
        <ele>2720.96</ele>
      </trkpt>
      <trkpt lat="6.98551" lon="125.27492">
        <ele>2716.22</ele>
      </trkpt>
      <trkpt lat="6.98551" lon="125.27492">
        <ele>2716.22</ele>
      </trkpt>
      <trkpt lat="6.98532" lon="125.27523">
        <ele>2710.08</ele>
      </trkpt>
      <trkpt lat="6.98531" lon="125.27524">
        <ele>2709.93</ele>
      </trkpt>
      <trkpt lat="6.9853" lon="125.27529">
        <ele>2711.17</ele>
      </trkpt>
      <trkpt lat="6.98529" lon="125.27534">
        <ele>2709.04</ele>
      </trkpt>
      <trkpt lat="6.9853" lon="125.27536">
        <ele>2709.15</ele>
      </trkpt>
      <trkpt lat="6.98531" lon="125.27539">
        <ele>2708.97</ele>
      </trkpt>
      <trkpt lat="6.98528" lon="125.27543">
        <ele>2705.77</ele>
      </trkpt>
      <trkpt lat="6.98524" lon="125.27545">
        <ele>2702.06</ele>
      </trkpt>
      <trkpt lat="6.9852" lon="125.27548">
        <ele>2698.43</ele>
      </trkpt>
      <trkpt lat="6.98511" lon="125.27559">
        <ele>2690.39</ele>
      </trkpt>
      <trkpt lat="6.98509" lon="125.27562">
        <ele>2687.95</ele>
      </trkpt>
      <trkpt lat="6.98506" lon="125.27566">
        <ele>2684.4</ele>
      </trkpt>
      <trkpt lat="6.98504" lon="125.2757">
        <ele>2681.43</ele>
      </trkpt>
      <trkpt lat="6.98501" lon="125.27574">
        <ele>2677.72</ele>
      </trkpt>
      <trkpt lat="6.98499" lon="125.27578">
        <ele>2674.64</ele>
      </trkpt>
      <trkpt lat="6.98497" lon="125.27583">
        <ele>2671.4</ele>
      </trkpt>
      <trkpt lat="6.98496" lon="125.27588">
        <ele>2668.85</ele>
      </trkpt>
      <trkpt lat="6.98492" lon="125.276">
        <ele>2661.79</ele>
      </trkpt>
      <trkpt lat="6.9849" lon="125.27604">
        <ele>2659.06</ele>
      </trkpt>
      <trkpt lat="6.98488" lon="125.27608">
        <ele>2656.32</ele>
      </trkpt>
      <trkpt lat="6.98487" lon="125.27615">
        <ele>2653.05</ele>
      </trkpt>
      <trkpt lat="6.98483" lon="125.27618">
        <ele>2649.58</ele>
      </trkpt>
      <trkpt lat="6.98479" lon="125.27619">
        <ele>2646.85</ele>
      </trkpt>
      <trkpt lat="6.98467" lon="125.27629">
        <ele>2635.84</ele>
      </trkpt>
      <trkpt lat="6.98464" lon="125.27632">
        <ele>2632.92</ele>
      </trkpt>
      <trkpt lat="6.98461" lon="125.27636">
        <ele>2629.64</ele>
      </trkpt>
      <trkpt lat="6.9846" lon="125.2764">
        <ele>2627.52</ele>
      </trkpt>
      <trkpt lat="6.98458" lon="125.27645">
        <ele>2624.39</ele>
      </trkpt>
      <trkpt lat="6.98454" lon="125.27647">
        <ele>2621.29</ele>
      </trkpt>
      <trkpt lat="6.98451" lon="125.2765">
        <ele>2618.38</ele>
      </trkpt>
      <trkpt lat="6.98448" lon="125.27654">
        <ele>2615.06</ele>
      </trkpt>
      <trkpt lat="6.98445" lon="125.27657">
        <ele>2612.15</ele>
      </trkpt>
      <trkpt lat="6.98442" lon="125.27661">
        <ele>2608.73</ele>
      </trkpt>
      <trkpt lat="6.98439" lon="125.27666">
        <ele>2604.93</ele>
      </trkpt>
      <trkpt lat="6.98431" lon="125.27674">
        <ele>2599.22</ele>
      </trkpt>
      <trkpt lat="6.98428" lon="125.27676">
        <ele>2597.45</ele>
      </trkpt>
      <trkpt lat="6.98424" lon="125.27679">
        <ele>2595.23</ele>
      </trkpt>
      <trkpt lat="6.98419" lon="125.27679">
        <ele>2592.65</ele>
      </trkpt>
      <trkpt lat="6.98415" lon="125.27679">
        <ele>2589.56</ele>
      </trkpt>
      <trkpt lat="6.98409" lon="125.27679">
        <ele>2582.8</ele>
      </trkpt>
      <trkpt lat="6.98404" lon="125.27681">
        <ele>2577.42</ele>
      </trkpt>
      <trkpt lat="6.98401" lon="125.27685">
        <ele>2574.72</ele>
      </trkpt>
      <trkpt lat="6.98399" lon="125.27687">
        <ele>2572.9</ele>
      </trkpt>
      <trkpt lat="6.98399" lon="125.27688">
        <ele>2573.07</ele>
      </trkpt>
      <trkpt lat="6.98397" lon="125.27693">
        <ele>2571.9</ele>
      </trkpt>
      <trkpt lat="6.98394" lon="125.27698">
        <ele>2569.26</ele>
      </trkpt>
      <trkpt lat="6.98382" lon="125.2771">
        <ele>2562.38</ele>
      </trkpt>
      <trkpt lat="6.98382" lon="125.2771">
        <ele>2562.38</ele>
      </trkpt>
      <trkpt lat="6.9838" lon="125.27714">
        <ele>2561.79</ele>
      </trkpt>
      <trkpt lat="6.98377" lon="125.27719">
        <ele>2560.74</ele>
      </trkpt>
      <trkpt lat="6.98374" lon="125.27723">
        <ele>2559.26</ele>
      </trkpt>
      <trkpt lat="6.98371" lon="125.27726">
        <ele>2557.07</ele>
      </trkpt>
      <trkpt lat="6.98367" lon="125.27728">
        <ele>2554.82</ele>
      </trkpt>
      <trkpt lat="6.98362" lon="125.27728">
        <ele>2552.43</ele>
      </trkpt>
      <trkpt lat="6.98358" lon="125.2773">
        <ele>2549.89</ele>
      </trkpt>
      <trkpt lat="6.98347" lon="125.27728">
        <ele>2542.54</ele>
      </trkpt>
      <trkpt lat="6.98346" lon="125.27728">
        <ele>2541.87</ele>
      </trkpt>
      <trkpt lat="6.98342" lon="125.27729">
        <ele>2539.11</ele>
      </trkpt>
      <trkpt lat="6.98337" lon="125.27729">
        <ele>2535.74</ele>
      </trkpt>
      <trkpt lat="6.98332" lon="125.2773">
        <ele>2532.09</ele>
      </trkpt>
      <trkpt lat="6.98327" lon="125.27731">
        <ele>2528.01</ele>
      </trkpt>
      <trkpt lat="6.98322" lon="125.27733">
        <ele>2523.99</ele>
      </trkpt>
      <trkpt lat="6.98318" lon="125.27735">
        <ele>2520.9</ele>
      </trkpt>
      <trkpt lat="6.98314" lon="125.27738">
        <ele>2517.96</ele>
      </trkpt>
      <trkpt lat="6.98311" lon="125.27742">
        <ele>2516.0</ele>
      </trkpt>
      <trkpt lat="6.98309" lon="125.27747">
        <ele>2514.99</ele>
      </trkpt>
      <trkpt lat="6.98307" lon="125.27751">
        <ele>2514.2</ele>
      </trkpt>
      <trkpt lat="6.98304" lon="125.27755">
        <ele>2513.92</ele>
      </trkpt>
      <trkpt lat="6.983" lon="125.27757">
        <ele>2513.22</ele>
      </trkpt>
      <trkpt lat="6.9829" lon="125.2776">
        <ele>2511.09</ele>
      </trkpt>
      <trkpt lat="6.98288" lon="125.2776">
        <ele>2510.47</ele>
      </trkpt>
      <trkpt lat="6.98284" lon="125.27762">
        <ele>2510.04</ele>
      </trkpt>
      <trkpt lat="6.98271" lon="125.27766">
        <ele>2505.76</ele>
      </trkpt>
      <trkpt lat="6.98241" lon="125.2778">
        <ele>2488.95</ele>
      </trkpt>
      <trkpt lat="6.98239" lon="125.27781">
        <ele>2487.68</ele>
      </trkpt>
      <trkpt lat="6.98238" lon="125.27781">
        <ele>2486.96</ele>
      </trkpt>
      <trkpt lat="6.98236" lon="125.27782">
        <ele>2485.68</ele>
      </trkpt>
      <trkpt lat="6.98233" lon="125.27783">
        <ele>2483.66</ele>
      </trkpt>
      <trkpt lat="6.98233" lon="125.27783">
        <ele>2483.66</ele>
      </trkpt>
      <trkpt lat="6.9823" lon="125.27789">
        <ele>2482.44</ele>
      </trkpt>
      <trkpt lat="6.9823" lon="125.27789">
        <ele>2482.44</ele>
      </trkpt>
      <trkpt lat="6.98221" lon="125.27797">
        <ele>2476.32</ele>
      </trkpt>
      <trkpt lat="6.98221" lon="125.27797">
        <ele>2476.32</ele>
      </trkpt>
      <trkpt lat="6.98214" lon="125.27805">
        <ele>2469.15</ele>
      </trkpt>
      <trkpt lat="6.98214" lon="125.27806">
        <ele>2469.31</ele>
      </trkpt>
      <trkpt lat="6.9821" lon="125.27811">
        <ele>2465.46</ele>
      </trkpt>
      <trkpt lat="6.98205" lon="125.27811">
        <ele>2459.52</ele>
      </trkpt>
      <trkpt lat="6.98201" lon="125.2781">
        <ele>2454.59</ele>
      </trkpt>
      <trkpt lat="6.98196" lon="125.2781">
        <ele>2448.65</ele>
      </trkpt>
      <trkpt lat="6.98191" lon="125.27811">
        <ele>2445.1</ele>
      </trkpt>
      <trkpt lat="6.98185" lon="125.27814">
        <ele>2442.32</ele>
      </trkpt>
      <trkpt lat="6.9818" lon="125.27815">
        <ele>2439.72</ele>
      </trkpt>
      <trkpt lat="6.98176" lon="125.27813">
        <ele>2437.2</ele>
      </trkpt>
      <trkpt lat="6.98173" lon="125.27808">
        <ele>2434.79</ele>
      </trkpt>
      <trkpt lat="6.98171" lon="125.27807">
        <ele>2433.56</ele>
      </trkpt>
      <trkpt lat="6.98167" lon="125.2781">
        <ele>2431.82</ele>
      </trkpt>
      <trkpt lat="6.98165" lon="125.27823">
        <ele>2432.69</ele>
      </trkpt>
      <trkpt lat="6.98165" lon="125.27823">
        <ele>2432.69</ele>
      </trkpt>
      <trkpt lat="6.98164" lon="125.27824">
        <ele>2432.34</ele>
      </trkpt>
      <trkpt lat="6.98162" lon="125.27826">
        <ele>2431.67</ele>
      </trkpt>
      <trkpt lat="6.98162" lon="125.27826">
        <ele>2431.67</ele>
      </trkpt>
      <trkpt lat="6.98161" lon="125.27825">
        <ele>2431.03</ele>
      </trkpt>
      <trkpt lat="6.9816" lon="125.27822">
        <ele>2430.05</ele>
      </trkpt>
      <trkpt lat="6.98158" lon="125.2782">
        <ele>2428.72</ele>
      </trkpt>
      <trkpt lat="6.98157" lon="125.2782">
        <ele>2428.22</ele>
      </trkpt>
      <trkpt lat="6.98156" lon="125.2782">
        <ele>2427.72</ele>
      </trkpt>
      <trkpt lat="6.98153" lon="125.2782">
        <ele>2426.21</ele>
      </trkpt>
      <trkpt lat="6.98149" lon="125.27816">
        <ele>2423.44</ele>
      </trkpt>
      <trkpt lat="6.98145" lon="125.27813">
        <ele>2420.79</ele>
      </trkpt>
      <trkpt lat="6.98139" lon="125.27808">
        <ele>2416.59</ele>
      </trkpt>
      <trkpt lat="6.98138" lon="125.27807">
        <ele>2415.83</ele>
      </trkpt>
      <trkpt lat="6.98136" lon="125.27806">
        <ele>2414.54</ele>
      </trkpt>
      <trkpt lat="6.98132" lon="125.27802">
        <ele>2411.45</ele>
      </trkpt>
      <trkpt lat="6.9813" lon="125.278">
        <ele>2409.87</ele>
      </trkpt>
      <trkpt lat="6.98128" lon="125.27798">
        <ele>2408.27</ele>
      </trkpt>
      <trkpt lat="6.98126" lon="125.27798">
        <ele>2407.16</ele>
      </trkpt>
      <trkpt lat="6.98124" lon="125.27797">
        <ele>2405.78</ele>
      </trkpt>
      <trkpt lat="6.98122" lon="125.27796">
        <ele>2404.4</ele>
      </trkpt>
      <trkpt lat="6.98119" lon="125.27793">
        <ele>2401.9</ele>
      </trkpt>
      <trkpt lat="6.98116" lon="125.27793">
        <ele>2400.18</ele>
      </trkpt>
      <trkpt lat="6.98112" lon="125.27791">
        <ele>2397.32</ele>
      </trkpt>
      <trkpt lat="6.98105" lon="125.27791">
        <ele>2393.39</ele>
      </trkpt>
      <trkpt lat="6.98102" lon="125.27789">
        <ele>2391.12</ele>
      </trkpt>
      <trkpt lat="6.98096" lon="125.27789">
        <ele>2387.75</ele>
      </trkpt>
      <trkpt lat="6.98094" lon="125.27788">
        <ele>2386.31</ele>
      </trkpt>
      <trkpt lat="6.98091" lon="125.27786">
        <ele>2384.0</ele>
      </trkpt>
      <trkpt lat="6.98089" lon="125.27784">
        <ele>2382.23</ele>
      </trkpt>
      <trkpt lat="6.98085" lon="125.27782">
        <ele>2379.32</ele>
      </trkpt>
      <trkpt lat="6.98082" lon="125.2778">
        <ele>2377.29</ele>
      </trkpt>
      <trkpt lat="6.9808" lon="125.27779">
        <ele>2376.32</ele>
      </trkpt>
      <trkpt lat="6.98078" lon="125.2778">
        <ele>2375.99</ele>
      </trkpt>
      <trkpt lat="6.98075" lon="125.27783">
        <ele>2375.99</ele>
      </trkpt>
      <trkpt lat="6.98072" lon="125.27784">
        <ele>2375.34</ele>
      </trkpt>
      <trkpt lat="6.98069" lon="125.27784">
        <ele>2374.37</ele>
      </trkpt>
      <trkpt lat="6.98067" lon="125.27784">
        <ele>2373.72</ele>
      </trkpt>
      <trkpt lat="6.98064" lon="125.27783">
        <ele>2372.43</ele>
      </trkpt>
      <trkpt lat="6.98057" lon="125.27781">
        <ele>2369.51</ele>
      </trkpt>
      <trkpt lat="6.9805" lon="125.27781">
        <ele>2367.44</ele>
      </trkpt>
      <trkpt lat="6.98048" lon="125.2778">
        <ele>2366.54</ele>
      </trkpt>
      <trkpt lat="6.98043" lon="125.2778">
        <ele>2365.1</ele>
      </trkpt>
      <trkpt lat="6.9804" lon="125.27779">
        <ele>2363.92</ele>
      </trkpt>
      <trkpt lat="6.98036" lon="125.27776">
        <ele>2361.79</ele>
      </trkpt>
      <trkpt lat="6.98032" lon="125.27776">
        <ele>2360.64</ele>
      </trkpt>
      <trkpt lat="6.98027" lon="125.27773">
        <ele>2358.2</ele>
      </trkpt>
      <trkpt lat="6.98023" lon="125.27772">
        <ele>2356.58</ele>
      </trkpt>
      <trkpt lat="6.9802" lon="125.27769">
        <ele>2354.64</ele>
      </trkpt>
      <trkpt lat="6.98018" lon="125.27768">
        <ele>2353.66</ele>
      </trkpt>
      <trkpt lat="6.98007" lon="125.27768">
        <ele>2350.1</ele>
      </trkpt>
      <trkpt lat="6.98006" lon="125.27769">
        <ele>2350.1</ele>
      </trkpt>
      <trkpt lat="6.98004" lon="125.27769">
        <ele>2349.45</ele>
      </trkpt>
      <trkpt lat="6.98002" lon="125.2777">
        <ele>2349.13</ele>
      </trkpt>
      <trkpt lat="6.98" lon="125.27771">
        <ele>2348.8</ele>
      </trkpt>
      <trkpt lat="6.97998" lon="125.27772">
        <ele>2348.09</ele>
      </trkpt>
      <trkpt lat="6.97996" lon="125.27773">
        <ele>2347.37</ele>
      </trkpt>
      <trkpt lat="6.97992" lon="125.27774">
        <ele>2345.57</ele>
      </trkpt>
      <trkpt lat="6.97987" lon="125.27775">
        <ele>2343.22</ele>
      </trkpt>
      <trkpt lat="6.97985" lon="125.27776">
        <ele>2342.43</ele>
      </trkpt>
      <trkpt lat="6.97982" lon="125.27776">
        <ele>2340.83</ele>
      </trkpt>
      <trkpt lat="6.97979" lon="125.27777">
        <ele>2339.47</ele>
      </trkpt>
      <trkpt lat="6.97972" lon="125.27777">
        <ele>2335.72</ele>
      </trkpt>
      <trkpt lat="6.97955" lon="125.27784">
        <ele>2328.47</ele>
      </trkpt>
      <trkpt lat="6.97947" lon="125.27786">
        <ele>2324.55</ele>
      </trkpt>
      <trkpt lat="6.97943" lon="125.27787">
        <ele>2322.51</ele>
      </trkpt>
      <trkpt lat="6.97941" lon="125.27787">
        <ele>2321.39</ele>
      </trkpt>
      <trkpt lat="6.97939" lon="125.27788">
        <ele>2320.39</ele>
      </trkpt>
      <trkpt lat="6.97937" lon="125.27787">
        <ele>2319.13</ele>
      </trkpt>
      <trkpt lat="6.97933" lon="125.27787">
        <ele>2316.87</ele>
      </trkpt>
      <trkpt lat="6.97931" lon="125.27788">
        <ele>2315.86</ele>
      </trkpt>
      <trkpt lat="6.97927" lon="125.27788">
        <ele>2313.59</ele>
      </trkpt>
      <trkpt lat="6.97923" lon="125.27789">
        <ele>2311.41</ele>
      </trkpt>
      <trkpt lat="6.9792" lon="125.2779">
        <ele>2309.79</ele>
      </trkpt>
      <trkpt lat="6.97919" lon="125.27791">
        <ele>2309.29</ele>
      </trkpt>
      <trkpt lat="6.97915" lon="125.27793">
        <ele>2307.19</ele>
      </trkpt>
      <trkpt lat="6.97914" lon="125.27794">
        <ele>2306.71</ele>
      </trkpt>
      <trkpt lat="6.97913" lon="125.27794">
        <ele>2306.17</ele>
      </trkpt>
      <trkpt lat="6.97911" lon="125.27794">
        <ele>2305.07</ele>
      </trkpt>
      <trkpt lat="6.97909" lon="125.27796">
        <ele>2304.09</ele>
      </trkpt>
      <trkpt lat="6.97905" lon="125.27797">
        <ele>2301.92</ele>
      </trkpt>
      <trkpt lat="6.97903" lon="125.27796">
        <ele>2300.78</ele>
      </trkpt>
      <trkpt lat="6.97898" lon="125.27797">
        <ele>2298.05</ele>
      </trkpt>
      <trkpt lat="6.97894" lon="125.27795">
        <ele>2295.8</ele>
      </trkpt>
      <trkpt lat="6.9789" lon="125.27795">
        <ele>2293.61</ele>
      </trkpt>
      <trkpt lat="6.97888" lon="125.27794">
        <ele>2292.53</ele>
      </trkpt>
      <trkpt lat="6.97887" lon="125.27794">
        <ele>2292.01</ele>
      </trkpt>
      <trkpt lat="6.97885" lon="125.27795">
        <ele>2290.95</ele>
      </trkpt>
      <trkpt lat="6.97883" lon="125.27794">
        <ele>2289.91</ele>
      </trkpt>
      <trkpt lat="6.97881" lon="125.27795">
        <ele>2288.85</ele>
      </trkpt>
      <trkpt lat="6.97879" lon="125.27794">
        <ele>2287.81</ele>
      </trkpt>
      <trkpt lat="6.97878" lon="125.27794">
        <ele>2287.28</ele>
      </trkpt>
      <trkpt lat="6.97874" lon="125.27791">
        <ele>2285.24</ele>
      </trkpt>
      <trkpt lat="6.97871" lon="125.27789">
        <ele>2283.72</ele>
      </trkpt>
      <trkpt lat="6.97867" lon="125.27787">
        <ele>2281.71</ele>
      </trkpt>
      <trkpt lat="6.97863" lon="125.27785">
        <ele>2279.71</ele>
      </trkpt>
      <trkpt lat="6.97856" lon="125.27783">
        <ele>2276.2</ele>
      </trkpt>
      <trkpt lat="6.9785" lon="125.27781">
        <ele>2273.24</ele>
      </trkpt>
      <trkpt lat="6.97845" lon="125.2778">
        <ele>2270.75</ele>
      </trkpt>
      <trkpt lat="6.9784" lon="125.27778">
        <ele>2268.35</ele>
      </trkpt>
      <trkpt lat="6.97836" lon="125.27775">
        <ele>2266.53</ele>
      </trkpt>
      <trkpt lat="6.97833" lon="125.27774">
        <ele>2265.25</ele>
      </trkpt>
      <trkpt lat="6.97827" lon="125.27773">
        <ele>2264.89</ele>
      </trkpt>
      <trkpt lat="6.97821" lon="125.27771">
        <ele>2264.6</ele>
      </trkpt>
      <trkpt lat="6.97813" lon="125.27769">
        <ele>2264.17</ele>
      </trkpt>
      <trkpt lat="6.97805" lon="125.2777">
        <ele>2263.5</ele>
      </trkpt>
      <trkpt lat="6.978" lon="125.27772">
        <ele>2262.82</ele>
      </trkpt>
      <trkpt lat="6.97795" lon="125.27772">
        <ele>2262.28</ele>
      </trkpt>
      <trkpt lat="6.9779" lon="125.2777">
        <ele>2261.88</ele>
      </trkpt>
      <trkpt lat="6.97787" lon="125.27768">
        <ele>2261.7</ele>
      </trkpt>
      <trkpt lat="6.97783" lon="125.27768">
        <ele>2261.27</ele>
      </trkpt>
      <trkpt lat="6.97775" lon="125.27772">
        <ele>2260.22</ele>
      </trkpt>
      <trkpt lat="6.97772" lon="125.27774">
        <ele>2259.86</ele>
      </trkpt>
      <trkpt lat="6.97771" lon="125.27774">
        <ele>2259.78</ele>
      </trkpt>
      <trkpt lat="6.97771" lon="125.27774">
        <ele>2259.78</ele>
      </trkpt>
      <trkpt lat="6.9776" lon="125.27776">
        <ele>2258.85</ele>
      </trkpt>
      <trkpt lat="6.9776" lon="125.27776">
        <ele>2258.85</ele>
      </trkpt>
      <trkpt lat="6.97752" lon="125.27774">
        <ele>2258.42</ele>
      </trkpt>
      <trkpt lat="6.97749" lon="125.27774">
        <ele>2258.17</ele>
      </trkpt>
      <trkpt lat="6.97745" lon="125.27772">
        <ele>2257.95</ele>
      </trkpt>
      <trkpt lat="6.9774" lon="125.27772">
        <ele>2257.49</ele>
      </trkpt>
      <trkpt lat="6.97735" lon="125.27769">
        <ele>2257.35</ele>
      </trkpt>
      <trkpt lat="6.97736" lon="125.27757">
        <ele>2258.74</ele>
      </trkpt>
      <trkpt lat="6.97736" lon="125.27756">
        <ele>2258.85</ele>
      </trkpt>
      <trkpt lat="6.97735" lon="125.27751">
        <ele>2259.35</ele>
      </trkpt>
      <trkpt lat="6.97731" lon="125.27747">
        <ele>2260.14</ele>
      </trkpt>
      <trkpt lat="6.97724" lon="125.27742">
        <ele>2261.12</ele>
      </trkpt>
      <trkpt lat="6.97722" lon="125.27741">
        <ele>2261.25</ele>
      </trkpt>
      <trkpt lat="6.97722" lon="125.27741">
        <ele>2261.25</ele>
      </trkpt>
      <trkpt lat="6.97708" lon="125.27737">
        <ele>2261.28</ele>
      </trkpt>
      <trkpt lat="6.97708" lon="125.27737">
        <ele>2261.28</ele>
      </trkpt>
      <trkpt lat="6.97701" lon="125.27736">
        <ele>2260.99</ele>
      </trkpt>
      <trkpt lat="6.97694" lon="125.27731">
        <ele>2261.37</ele>
      </trkpt>
      <trkpt lat="6.9769" lon="125.27727">
        <ele>2261.58</ele>
      </trkpt>
      <trkpt lat="6.97685" lon="125.27725">
        <ele>2261.24</ele>
      </trkpt>
      <trkpt lat="6.97671" lon="125.27725">
        <ele>2259.38</ele>
      </trkpt>
      <trkpt lat="6.97664" lon="125.27726">
        <ele>2257.75</ele>
      </trkpt>
      <trkpt lat="6.9766" lon="125.27726">
        <ele>2256.3</ele>
      </trkpt>
      <trkpt lat="6.97658" lon="125.27726">
        <ele>2255.57</ele>
      </trkpt>
      <trkpt lat="6.97653" lon="125.27725">
        <ele>2253.83</ele>
      </trkpt>
      <trkpt lat="6.97648" lon="125.27722">
        <ele>2252.3</ele>
      </trkpt>
      <trkpt lat="6.97644" lon="125.27718">
        <ele>2251.3</ele>
      </trkpt>
      <trkpt lat="6.97643" lon="125.27717">
        <ele>2251.04</ele>
      </trkpt>
      <trkpt lat="6.97642" lon="125.27717">
        <ele>2250.68</ele>
      </trkpt>
      <trkpt lat="6.97635" lon="125.27717">
        <ele>2248.19</ele>
      </trkpt>
      <trkpt lat="6.97634" lon="125.27717">
        <ele>2247.84</ele>
      </trkpt>
      <trkpt lat="6.97629" lon="125.27716">
        <ele>2246.19</ele>
      </trkpt>
      <trkpt lat="6.9762" lon="125.27711">
        <ele>2243.69</ele>
      </trkpt>
      <trkpt lat="6.97619" lon="125.27705">
        <ele>2244.14</ele>
      </trkpt>
      <trkpt lat="6.9762" lon="125.27701">
        <ele>2245.01</ele>
      </trkpt>
      <trkpt lat="6.97619" lon="125.27695">
        <ele>2245.48</ele>
      </trkpt>
      <trkpt lat="6.97616" lon="125.27684">
        <ele>2246.09</ele>
      </trkpt>
      <trkpt lat="6.97615" lon="125.27684">
        <ele>2245.76</ele>
      </trkpt>
      <trkpt lat="6.97612" lon="125.27682">
        <ele>2245.08</ele>
      </trkpt>
      <trkpt lat="6.97609" lon="125.2768">
        <ele>2244.44</ele>
      </trkpt>
      <trkpt lat="6.97606" lon="125.27675">
        <ele>2244.27</ele>
      </trkpt>
      <trkpt lat="6.97607" lon="125.27673">
        <ele>2244.87</ele>
      </trkpt>
      <trkpt lat="6.97605" lon="125.2767">
        <ele>2244.73</ele>
      </trkpt>
      <trkpt lat="6.97603" lon="125.27668">
        <ele>2244.46</ele>
      </trkpt>
      <trkpt lat="6.97598" lon="125.27666">
        <ele>2243.32</ele>
      </trkpt>
      <trkpt lat="6.97595" lon="125.27663">
        <ele>2242.89</ele>
      </trkpt>
      <trkpt lat="6.97595" lon="125.2766">
        <ele>2243.32</ele>
      </trkpt>
      <trkpt lat="6.97594" lon="125.27658">
        <ele>2243.32</ele>
      </trkpt>
      <trkpt lat="6.9759" lon="125.27654">
        <ele>2242.74</ele>
      </trkpt>
      <trkpt lat="6.97587" lon="125.27653">
        <ele>2242.02</ele>
      </trkpt>
      <trkpt lat="6.97584" lon="125.27653">
        <ele>2241.16</ele>
      </trkpt>
      <trkpt lat="6.97582" lon="125.27652">
        <ele>2240.61</ele>
      </trkpt>
      <trkpt lat="6.97582" lon="125.2765">
        <ele>2240.9</ele>
      </trkpt>
      <trkpt lat="6.9758" lon="125.27648">
        <ele>2240.45</ele>
      </trkpt>
      <trkpt lat="6.97579" lon="125.27646">
        <ele>2240.38</ele>
      </trkpt>
      <trkpt lat="6.97578" lon="125.27645">
        <ele>2240.16</ele>
      </trkpt>
      <trkpt lat="6.97575" lon="125.27639">
        <ele>2239.98</ele>
      </trkpt>
      <trkpt lat="6.97574" lon="125.27637">
        <ele>2239.96</ele>
      </trkpt>
      <trkpt lat="6.97572" lon="125.27629">
        <ele>2240.63</ele>
      </trkpt>
      <trkpt lat="6.97571" lon="125.27627">
        <ele>2240.65</ele>
      </trkpt>
      <trkpt lat="6.97568" lon="125.27625">
        <ele>2240.03</ele>
      </trkpt>
      <trkpt lat="6.97567" lon="125.27622">
        <ele>2240.27</ele>
      </trkpt>
      <trkpt lat="6.97567" lon="125.27622">
        <ele>2240.27</ele>
      </trkpt>
      <trkpt lat="6.97559" lon="125.27613">
        <ele>2239.6</ele>
      </trkpt>
      <trkpt lat="6.97559" lon="125.27613">
        <ele>2239.6</ele>
      </trkpt>
      <trkpt lat="6.97552" lon="125.27599">
        <ele>2240.27</ele>
      </trkpt>
      <trkpt lat="6.9755" lon="125.27596">
        <ele>2240.34</ele>
      </trkpt>
      <trkpt lat="6.97547" lon="125.27593">
        <ele>2240.2</ele>
      </trkpt>
      <trkpt lat="6.97542" lon="125.27592">
        <ele>2239.21</ele>
      </trkpt>
      <trkpt lat="6.9754" lon="125.2759">
        <ele>2239.17</ele>
      </trkpt>
      <trkpt lat="6.97537" lon="125.27591">
        <ele>2238.24</ele>
      </trkpt>
      <trkpt lat="6.97533" lon="125.2759">
        <ele>2237.54</ele>
      </trkpt>
      <trkpt lat="6.9753" lon="125.27587">
        <ele>2237.58</ele>
      </trkpt>
      <trkpt lat="6.97524" lon="125.27583">
        <ele>2237.08</ele>
      </trkpt>
      <trkpt lat="6.97521" lon="125.27582">
        <ele>2236.42</ele>
      </trkpt>
      <trkpt lat="6.97518" lon="125.27573">
        <ele>2236.52</ele>
      </trkpt>
      <trkpt lat="6.97518" lon="125.2757">
        <ele>2236.81</ele>
      </trkpt>
      <trkpt lat="6.97518" lon="125.27564">
        <ele>2237.38</ele>
      </trkpt>
      <trkpt lat="6.97516" lon="125.27559">
        <ele>2237.29</ele>
      </trkpt>
      <trkpt lat="6.97513" lon="125.27556">
        <ele>2236.7</ele>
      </trkpt>
      <trkpt lat="6.97512" lon="125.27555">
        <ele>2236.52</ele>
      </trkpt>
      <trkpt lat="6.97511" lon="125.27553">
        <ele>2236.44</ele>
      </trkpt>
      <trkpt lat="6.9751" lon="125.27552">
        <ele>2236.26</ele>
      </trkpt>
      <trkpt lat="6.9751" lon="125.27551">
        <ele>2236.37</ele>
      </trkpt>
      <trkpt lat="6.9751" lon="125.27549">
        <ele>2236.59</ele>
      </trkpt>
      <trkpt lat="6.97511" lon="125.27547">
        <ele>2237.09</ele>
      </trkpt>
      <trkpt lat="6.97512" lon="125.27545">
        <ele>2237.6</ele>
      </trkpt>
      <trkpt lat="6.97514" lon="125.27544">
        <ele>2238.28</ele>
      </trkpt>
      <trkpt lat="6.97514" lon="125.27541">
        <ele>2238.6</ele>
      </trkpt>
      <trkpt lat="6.97513" lon="125.27536">
        <ele>2238.86</ele>
      </trkpt>
      <trkpt lat="6.97513" lon="125.27533">
        <ele>2239.18</ele>
      </trkpt>
      <trkpt lat="6.97512" lon="125.2753">
        <ele>2239.22</ele>
      </trkpt>
      <trkpt lat="6.9751" lon="125.27528">
        <ele>2238.86</ele>
      </trkpt>
      <trkpt lat="6.97509" lon="125.27527">
        <ele>2238.67</ele>
      </trkpt>
      <trkpt lat="6.97507" lon="125.27525">
        <ele>2238.27</ele>
      </trkpt>
      <trkpt lat="6.97506" lon="125.27524">
        <ele>2238.06</ele>
      </trkpt>
      <trkpt lat="6.97505" lon="125.27521">
        <ele>2238.02</ele>
      </trkpt>
      <trkpt lat="6.97505" lon="125.27519">
        <ele>2238.19</ele>
      </trkpt>
      <trkpt lat="6.97505" lon="125.27507">
        <ele>2239.21</ele>
      </trkpt>
      <trkpt lat="6.97507" lon="125.27504">
        <ele>2240.16</ele>
      </trkpt>
      <trkpt lat="6.9751" lon="125.27499">
        <ele>2241.49</ele>
      </trkpt>
      <trkpt lat="6.97512" lon="125.27498">
        <ele>2242.1</ele>
      </trkpt>
      <trkpt lat="6.97513" lon="125.27497">
        <ele>2242.36</ele>
      </trkpt>
      <trkpt lat="6.97516" lon="125.27492">
        <ele>2242.9</ele>
      </trkpt>
      <trkpt lat="6.97517" lon="125.27486">
        <ele>2242.61</ele>
      </trkpt>
      <trkpt lat="6.97519" lon="125.27484">
        <ele>2243.11</ele>
      </trkpt>
      <trkpt lat="6.9752" lon="125.27481">
        <ele>2243.15</ele>
      </trkpt>
      <trkpt lat="6.9752" lon="125.27477">
        <ele>2242.72</ele>
      </trkpt>
      <trkpt lat="6.97521" lon="125.27475">
        <ele>2242.86</ele>
      </trkpt>
      <trkpt lat="6.97522" lon="125.27474">
        <ele>2243.11</ele>
      </trkpt>
      <trkpt lat="6.97524" lon="125.27472">
        <ele>2243.62</ele>
      </trkpt>
      <trkpt lat="6.97525" lon="125.2747">
        <ele>2243.77</ele>
      </trkpt>
      <trkpt lat="6.97526" lon="125.27468">
        <ele>2243.91</ele>
      </trkpt>
      <trkpt lat="6.97528" lon="125.27465">
        <ele>2244.26</ele>
      </trkpt>
      <trkpt lat="6.97531" lon="125.27463">
        <ele>2244.55</ele>
      </trkpt>
      <trkpt lat="6.97533" lon="125.2746">
        <ele>2244.3</ele>
      </trkpt>
      <trkpt lat="6.97535" lon="125.27456">
        <ele>2243.61</ele>
      </trkpt>
      <trkpt lat="6.97538" lon="125.27452">
        <ele>2242.65</ele>
      </trkpt>
      <trkpt lat="6.97538" lon="125.27452">
        <ele>2242.65</ele>
      </trkpt>
      <trkpt lat="6.97538" lon="125.27452">
        <ele>2242.65</ele>
      </trkpt>
      <trkpt lat="6.97539" lon="125.27446">
        <ele>2240.85</ele>
      </trkpt>
      <trkpt lat="6.9754" lon="125.27443">
        <ele>2240.02</ele>
      </trkpt>
      <trkpt lat="6.9754" lon="125.27438">
        <ele>2239.24</ele>
      </trkpt>
      <trkpt lat="6.97532" lon="125.27431">
        <ele>2239.72</ele>
      </trkpt>
      <trkpt lat="6.97529" lon="125.27428">
        <ele>2239.97</ele>
      </trkpt>
      <trkpt lat="6.97525" lon="125.27425">
        <ele>2239.0</ele>
      </trkpt>
      <trkpt lat="6.97523" lon="125.2742">
        <ele>2237.81</ele>
      </trkpt>
      <trkpt lat="6.97524" lon="125.27416">
        <ele>2237.9</ele>
      </trkpt>
      <trkpt lat="6.97529" lon="125.27409">
        <ele>2239.99</ele>
      </trkpt>
      <trkpt lat="6.97531" lon="125.27401">
        <ele>2240.55</ele>
      </trkpt>
      <trkpt lat="6.97531" lon="125.27399">
        <ele>2240.85</ele>
      </trkpt>
      <trkpt lat="6.9753" lon="125.27394">
        <ele>2242.06</ele>
      </trkpt>
      <trkpt lat="6.97529" lon="125.27391">
        <ele>2243.03</ele>
      </trkpt>
      <trkpt lat="6.97528" lon="125.27389">
        <ele>2243.87</ele>
      </trkpt>
      <trkpt lat="6.97527" lon="125.27385">
        <ele>2243.36</ele>
      </trkpt>
      <trkpt lat="6.97527" lon="125.27385">
        <ele>2243.36</ele>
      </trkpt>
      <trkpt lat="6.97525" lon="125.27382">
        <ele>2242.58</ele>
      </trkpt>
      <trkpt lat="6.97523" lon="125.27379">
        <ele>2241.94</ele>
      </trkpt>
      <trkpt lat="6.97519" lon="125.27376">
        <ele>2241.08</ele>
      </trkpt>
      <trkpt lat="6.97517" lon="125.27376">
        <ele>2240.74</ele>
      </trkpt>
      <trkpt lat="6.97514" lon="125.27376">
        <ele>2240.22</ele>
      </trkpt>
      <trkpt lat="6.9751" lon="125.27374">
        <ele>2239.72</ele>
      </trkpt>
      <trkpt lat="6.97499" lon="125.27363">
        <ele>2240.27</ele>
      </trkpt>
      <trkpt lat="6.97499" lon="125.27363">
        <ele>2240.27</ele>
      </trkpt>
      <trkpt lat="6.97495" lon="125.27357">
        <ele>2240.39</ele>
      </trkpt>
      <trkpt lat="6.97495" lon="125.27356">
        <ele>2240.63</ele>
      </trkpt>
      <trkpt lat="6.97489" lon="125.27346">
        <ele>2241.03</ele>
      </trkpt>
      <trkpt lat="6.97485" lon="125.27343">
        <ele>2240.35</ele>
      </trkpt>
      <trkpt lat="6.97481" lon="125.2734">
        <ele>2239.64</ele>
      </trkpt>
      <trkpt lat="6.97469" lon="125.27342">
        <ele>2235.08</ele>
      </trkpt>
      <trkpt lat="6.97467" lon="125.27341">
        <ele>2234.65</ele>
      </trkpt>
      <trkpt lat="6.97465" lon="125.27341">
        <ele>2234.0</ele>
      </trkpt>
      <trkpt lat="6.97463" lon="125.27343">
        <ele>2232.92</ele>
      </trkpt>
      <trkpt lat="6.97461" lon="125.27344">
        <ele>2232.06</ele>
      </trkpt>
      <trkpt lat="6.97457" lon="125.27345">
        <ele>2230.55</ele>
      </trkpt>
      <trkpt lat="6.97455" lon="125.27345">
        <ele>2229.9</ele>
      </trkpt>
      <trkpt lat="6.97453" lon="125.27347">
        <ele>2228.82</ele>
      </trkpt>
      <trkpt lat="6.9745" lon="125.27347">
        <ele>2227.85</ele>
      </trkpt>
      <trkpt lat="6.97449" lon="125.27347">
        <ele>2227.52</ele>
      </trkpt>
      <trkpt lat="6.97448" lon="125.27347">
        <ele>2227.2</ele>
      </trkpt>
      <trkpt lat="6.97446" lon="125.27348">
        <ele>2226.34</ele>
      </trkpt>
      <trkpt lat="6.97444" lon="125.27349">
        <ele>2225.48</ele>
      </trkpt>
      <trkpt lat="6.9744" lon="125.2735">
        <ele>2224.02</ele>
      </trkpt>
      <trkpt lat="6.97437" lon="125.27349">
        <ele>2223.32</ele>
      </trkpt>
      <trkpt lat="6.97434" lon="125.2735">
        <ele>2222.17</ele>
      </trkpt>
      <trkpt lat="6.97433" lon="125.27351">
        <ele>2221.63</ele>
      </trkpt>
      <trkpt lat="6.97432" lon="125.27351">
        <ele>2221.32</ele>
      </trkpt>
      <trkpt lat="6.9743" lon="125.27352">
        <ele>2220.46</ele>
      </trkpt>
      <trkpt lat="6.97424" lon="125.27352">
        <ele>2218.59</ele>
      </trkpt>
      <trkpt lat="6.97422" lon="125.27351">
        <ele>2218.21</ele>
      </trkpt>
      <trkpt lat="6.9742" lon="125.27351">
        <ele>2217.58</ele>
      </trkpt>
      <trkpt lat="6.97418" lon="125.27352">
        <ele>2216.71</ele>
      </trkpt>
      <trkpt lat="6.97414" lon="125.27352">
        <ele>2215.5</ele>
      </trkpt>
      <trkpt lat="6.9741" lon="125.27352">
        <ele>2214.3</ele>
      </trkpt>
      <trkpt lat="6.97408" lon="125.27354">
        <ele>2213.22</ele>
      </trkpt>
      <trkpt lat="6.97406" lon="125.27354">
        <ele>2212.62</ele>
      </trkpt>
      <trkpt lat="6.97405" lon="125.27355">
        <ele>2212.09</ele>
      </trkpt>
      <trkpt lat="6.97401" lon="125.27353">
        <ele>2211.37</ele>
      </trkpt>
      <trkpt lat="6.97399" lon="125.27352">
        <ele>2211.0</ele>
      </trkpt>
      <trkpt lat="6.97398" lon="125.27353">
        <ele>2210.47</ele>
      </trkpt>
      <trkpt lat="6.97395" lon="125.27352">
        <ele>2209.8</ele>
      </trkpt>
      <trkpt lat="6.97393" lon="125.27351">
        <ele>2209.42</ele>
      </trkpt>
      <trkpt lat="6.97391" lon="125.27351">
        <ele>2208.82</ele>
      </trkpt>
      <trkpt lat="6.97389" lon="125.27351">
        <ele>2208.22</ele>
      </trkpt>
      <trkpt lat="6.97386" lon="125.27351">
        <ele>2207.08</ele>
      </trkpt>
      <trkpt lat="6.97383" lon="125.2735">
        <ele>2206.07</ele>
      </trkpt>
      <trkpt lat="6.97381" lon="125.2735">
        <ele>2205.28</ele>
      </trkpt>
      <trkpt lat="6.97378" lon="125.27351">
        <ele>2204.01</ele>
      </trkpt>
      <trkpt lat="6.97378" lon="125.27351">
        <ele>2204.01</ele>
      </trkpt>
      <trkpt lat="6.97373" lon="125.27356">
        <ele>2202.05</ele>
      </trkpt>
      <trkpt lat="6.97372" lon="125.27357">
        <ele>2201.73</ele>
      </trkpt>
      <trkpt lat="6.97371" lon="125.27357">
        <ele>2201.43</ele>
      </trkpt>
      <trkpt lat="6.97366" lon="125.27356">
        <ele>2199.82</ele>
      </trkpt>
      <trkpt lat="6.97364" lon="125.27356">
        <ele>2199.18</ele>
      </trkpt>
      <trkpt lat="6.97356" lon="125.27356">
        <ele>2195.8</ele>
      </trkpt>
      <trkpt lat="6.97353" lon="125.27355">
        <ele>2194.2</ele>
      </trkpt>
      <trkpt lat="6.97353" lon="125.27354">
        <ele>2194.03</ele>
      </trkpt>
      <trkpt lat="6.9735" lon="125.27356">
        <ele>2192.92</ele>
      </trkpt>
      <trkpt lat="6.97349" lon="125.27356">
        <ele>2192.44</ele>
      </trkpt>
      <trkpt lat="6.97344" lon="125.27354">
        <ele>2189.65</ele>
      </trkpt>
      <trkpt lat="6.97339" lon="125.27354">
        <ele>2187.22</ele>
      </trkpt>
      <trkpt lat="6.97334" lon="125.27358">
        <ele>2185.65</ele>
      </trkpt>
      <trkpt lat="6.9733" lon="125.2736">
        <ele>2184.34</ele>
      </trkpt>
      <trkpt lat="6.97329" lon="125.27362">
        <ele>2184.23</ele>
      </trkpt>
      <trkpt lat="6.97326" lon="125.27366">
        <ele>2183.51</ele>
      </trkpt>
      <trkpt lat="6.97325" lon="125.27368">
        <ele>2183.42</ele>
      </trkpt>
      <trkpt lat="6.97323" lon="125.27368">
        <ele>2182.68</ele>
      </trkpt>
      <trkpt lat="6.97321" lon="125.27368">
        <ele>2181.94</ele>
      </trkpt>
      <trkpt lat="6.97317" lon="125.27369">
        <ele>2180.68</ele>
      </trkpt>
      <trkpt lat="6.97313" lon="125.27367">
        <ele>2178.73</ele>
      </trkpt>
      <trkpt lat="6.97311" lon="125.27367">
        <ele>2177.97</ele>
      </trkpt>
      <trkpt lat="6.97309" lon="125.27366">
        <ele>2176.92</ele>
      </trkpt>
      <trkpt lat="6.97304" lon="125.27365">
        <ele>2174.92</ele>
      </trkpt>
      <trkpt lat="6.973" lon="125.27365">
        <ele>2174.04</ele>
      </trkpt>
      <trkpt lat="6.97298" lon="125.27365">
        <ele>2173.6</ele>
      </trkpt>
      <trkpt lat="6.97294" lon="125.27364">
        <ele>2172.51</ele>
      </trkpt>
      <trkpt lat="6.97291" lon="125.27364">
        <ele>2171.88</ele>
      </trkpt>
      <trkpt lat="6.97287" lon="125.27365">
        <ele>2171.17</ele>
      </trkpt>
      <trkpt lat="6.97283" lon="125.27365">
        <ele>2170.29</ele>
      </trkpt>
      <trkpt lat="6.97282" lon="125.27364">
        <ele>2169.99</ele>
      </trkpt>
      <trkpt lat="6.97282" lon="125.27364">
        <ele>2169.99</ele>
      </trkpt>
      <trkpt lat="6.97277" lon="125.27362">
        <ele>2168.78</ele>
      </trkpt>
      <trkpt lat="6.97277" lon="125.27362">
        <ele>2168.78</ele>
      </trkpt>
      <trkpt lat="6.97267" lon="125.27355">
        <ele>2165.58</ele>
      </trkpt>
      <trkpt lat="6.97264" lon="125.27359">
        <ele>2164.61</ele>
      </trkpt>
      <trkpt lat="6.97263" lon="125.27363">
        <ele>2164.42</ele>
      </trkpt>
      <trkpt lat="6.97261" lon="125.27367">
        <ele>2164.29</ele>
      </trkpt>
      <trkpt lat="6.97258" lon="125.27371">
        <ele>2163.96</ele>
      </trkpt>
      <trkpt lat="6.97253" lon="125.27371">
        <ele>2162.6</ele>
      </trkpt>
      <trkpt lat="6.97241" lon="125.27367">
        <ele>2161.52</ele>
      </trkpt>
      <trkpt lat="6.97241" lon="125.27367">
        <ele>2161.52</ele>
      </trkpt>
      <trkpt lat="6.97232" lon="125.27369">
        <ele>2162.44</ele>
      </trkpt>
      <trkpt lat="6.97232" lon="125.2737">
        <ele>2162.66</ele>
      </trkpt>
      <trkpt lat="6.97227" lon="125.2737">
        <ele>2162.96</ele>
      </trkpt>
      <trkpt lat="6.97223" lon="125.27369">
        <ele>2162.94</ele>
      </trkpt>
      <trkpt lat="6.97219" lon="125.27366">
        <ele>2162.01</ele>
      </trkpt>
      <trkpt lat="6.97218" lon="125.27362">
        <ele>2161.05</ele>
      </trkpt>
      <trkpt lat="6.97218" lon="125.27362">
        <ele>2161.05</ele>
      </trkpt>
      <trkpt lat="6.97214" lon="125.27361">
        <ele>2160.72</ele>
      </trkpt>
      <trkpt lat="6.97208" lon="125.27361">
        <ele>2160.5</ele>
      </trkpt>
      <trkpt lat="6.97202" lon="125.27358">
        <ele>2160.56</ele>
      </trkpt>
      <trkpt lat="6.97199" lon="125.27356">
        <ele>2160.59</ele>
      </trkpt>
      <trkpt lat="6.97196" lon="125.27353">
        <ele>2160.67</ele>
      </trkpt>
      <trkpt lat="6.97192" lon="125.27347">
        <ele>2160.71</ele>
      </trkpt>
      <trkpt lat="6.9719" lon="125.27337">
        <ele>2161.23</ele>
      </trkpt>
      <trkpt lat="6.9719" lon="125.27335">
        <ele>2161.39</ele>
      </trkpt>
      <trkpt lat="6.97189" lon="125.27335">
        <ele>2161.28</ele>
      </trkpt>
      <trkpt lat="6.97188" lon="125.27335">
        <ele>2161.17</ele>
      </trkpt>
      <trkpt lat="6.97186" lon="125.27333">
        <ele>2161.11</ele>
      </trkpt>
      <trkpt lat="6.97184" lon="125.2733">
        <ele>2161.01</ele>
      </trkpt>
      <trkpt lat="6.97181" lon="125.27327">
        <ele>2160.68</ele>
      </trkpt>
      <trkpt lat="6.97178" lon="125.27326">
        <ele>2160.23</ele>
      </trkpt>
      <trkpt lat="6.97174" lon="125.27327">
        <ele>2159.64</ele>
      </trkpt>
      <trkpt lat="6.97172" lon="125.27327">
        <ele>2159.34</ele>
      </trkpt>
      <trkpt lat="6.97169" lon="125.27327">
        <ele>2158.89</ele>
      </trkpt>
      <trkpt lat="6.97168" lon="125.27327">
        <ele>2158.74</ele>
      </trkpt>
      <trkpt lat="6.97164" lon="125.27325">
        <ele>2157.39</ele>
      </trkpt>
      <trkpt lat="6.97157" lon="125.27325">
        <ele>2154.75</ele>
      </trkpt>
      <trkpt lat="6.97152" lon="125.27328">
        <ele>2152.79</ele>
      </trkpt>
      <trkpt lat="6.97152" lon="125.27328">
        <ele>2152.79</ele>
      </trkpt>
      <trkpt lat="6.97142" lon="125.27331">
        <ele>2148.55</ele>
      </trkpt>
      <trkpt lat="6.9714" lon="125.27332">
        <ele>2147.61</ele>
      </trkpt>
      <trkpt lat="6.97135" lon="125.27333">
        <ele>2144.36</ele>
      </trkpt>
      <trkpt lat="6.97131" lon="125.27335">
        <ele>2141.61</ele>
      </trkpt>
      <trkpt lat="6.97127" lon="125.27338">
        <ele>2138.99</ele>
      </trkpt>
      <trkpt lat="6.97123" lon="125.2734">
        <ele>2136.44</ele>
      </trkpt>
      <trkpt lat="6.97117" lon="125.27342">
        <ele>2132.7</ele>
      </trkpt>
      <trkpt lat="6.97106" lon="125.27343">
        <ele>2128.5</ele>
      </trkpt>
      <trkpt lat="6.971" lon="125.27343">
        <ele>2127.86</ele>
      </trkpt>
      <trkpt lat="6.97098" lon="125.27342">
        <ele>2127.49</ele>
      </trkpt>
      <trkpt lat="6.97098" lon="125.2734">
        <ele>2127.17</ele>
      </trkpt>
      <trkpt lat="6.97095" lon="125.27338">
        <ele>2126.48</ele>
      </trkpt>
      <trkpt lat="6.97092" lon="125.27336">
        <ele>2125.73</ele>
      </trkpt>
      <trkpt lat="6.97089" lon="125.27334">
        <ele>2124.95</ele>
      </trkpt>
      <trkpt lat="6.97088" lon="125.27334">
        <ele>2124.8</ele>
      </trkpt>
      <trkpt lat="6.97086" lon="125.27334">
        <ele>2124.52</ele>
      </trkpt>
      <trkpt lat="6.97082" lon="125.27328">
        <ele>2124.88</ele>
      </trkpt>
      <trkpt lat="6.97081" lon="125.27327">
        <ele>2124.97</ele>
      </trkpt>
      <trkpt lat="6.97079" lon="125.27326">
        <ele>2124.95</ele>
      </trkpt>
      <trkpt lat="6.97077" lon="125.27326">
        <ele>2124.78</ele>
      </trkpt>
      <trkpt lat="6.97075" lon="125.27324">
        <ele>2124.77</ele>
      </trkpt>
      <trkpt lat="6.97072" lon="125.27323">
        <ele>2124.49</ele>
      </trkpt>
      <trkpt lat="6.97071" lon="125.27318">
        <ele>2124.55</ele>
      </trkpt>
      <trkpt lat="6.9707" lon="125.27316">
        <ele>2124.42</ele>
      </trkpt>
      <trkpt lat="6.97068" lon="125.27315">
        <ele>2124.02</ele>
      </trkpt>
      <trkpt lat="6.97066" lon="125.27313">
        <ele>2123.55</ele>
      </trkpt>
      <trkpt lat="6.97066" lon="125.27313">
        <ele>2123.55</ele>
      </trkpt>
      <trkpt lat="6.97066" lon="125.27313">
        <ele>2123.55</ele>
      </trkpt>
      <trkpt lat="6.97063" lon="125.2731">
        <ele>2122.67</ele>
      </trkpt>
      <trkpt lat="6.97062" lon="125.27309">
        <ele>2122.33</ele>
      </trkpt>
      <trkpt lat="6.9706" lon="125.27305">
        <ele>2121.48</ele>
      </trkpt>
      <trkpt lat="6.97062" lon="125.273">
        <ele>2122.41</ele>
      </trkpt>
      <trkpt lat="6.97062" lon="125.27295">
        <ele>2122.7</ele>
      </trkpt>
      <trkpt lat="6.97059" lon="125.27286">
        <ele>2122.7</ele>
      </trkpt>
      <trkpt lat="6.97058" lon="125.27282">
        <ele>2122.89</ele>
      </trkpt>
      <trkpt lat="6.97056" lon="125.27278">
        <ele>2123.02</ele>
      </trkpt>
      <trkpt lat="6.97053" lon="125.27274">
        <ele>2122.31</ele>
      </trkpt>
      <trkpt lat="6.97049" lon="125.27271">
        <ele>2121.51</ele>
      </trkpt>
      <trkpt lat="6.97045" lon="125.2727">
        <ele>2120.75</ele>
      </trkpt>
      <trkpt lat="6.97038" lon="125.27269">
        <ele>2119.51</ele>
      </trkpt>
      <trkpt lat="6.97029" lon="125.27271">
        <ele>2116.96</ele>
      </trkpt>
      <trkpt lat="6.97025" lon="125.27273">
        <ele>2115.89</ele>
      </trkpt>
      <trkpt lat="6.97022" lon="125.27272">
        <ele>2116.24</ele>
      </trkpt>
      <trkpt lat="6.97021" lon="125.27273">
        <ele>2115.88</ele>
      </trkpt>
      <trkpt lat="6.97021" lon="125.27273">
        <ele>2115.88</ele>
      </trkpt>
      <trkpt lat="6.97013" lon="125.27275">
        <ele>2115.31</ele>
      </trkpt>
      <trkpt lat="6.97009" lon="125.27283">
        <ele>2113.47</ele>
      </trkpt>
      <trkpt lat="6.97008" lon="125.27288">
        <ele>2112.2</ele>
      </trkpt>
      <trkpt lat="6.97008" lon="125.27289">
        <ele>2111.95</ele>
      </trkpt>
      <trkpt lat="6.97002" lon="125.27294">
        <ele>2109.55</ele>
      </trkpt>
      <trkpt lat="6.96998" lon="125.27296">
        <ele>2108.44</ele>
      </trkpt>
      <trkpt lat="6.96996" lon="125.27296">
        <ele>2108.44</ele>
      </trkpt>
      <trkpt lat="6.96994" lon="125.27297">
        <ele>2108.08</ele>
      </trkpt>
      <trkpt lat="6.96991" lon="125.27295">
        <ele>2108.8</ele>
      </trkpt>
      <trkpt lat="6.96987" lon="125.27294">
        <ele>2109.16</ele>
      </trkpt>
      <trkpt lat="6.96985" lon="125.27295">
        <ele>2108.8</ele>
      </trkpt>
      <trkpt lat="6.96979" lon="125.27295">
        <ele>2108.8</ele>
      </trkpt>
      <trkpt lat="6.96973" lon="125.27298">
        <ele>2107.72</ele>
      </trkpt>
      <trkpt lat="6.9697" lon="125.27298">
        <ele>2108.01</ele>
      </trkpt>
      <trkpt lat="6.96966" lon="125.27299">
        <ele>2108.13</ele>
      </trkpt>
      <trkpt lat="6.96964" lon="125.27299">
        <ele>2108.37</ele>
      </trkpt>
      <trkpt lat="6.96962" lon="125.273">
        <ele>2108.18</ele>
      </trkpt>
      <trkpt lat="6.96961" lon="125.27302">
        <ele>2107.4</ele>
      </trkpt>
      <trkpt lat="6.9696" lon="125.27304">
        <ele>2106.59</ele>
      </trkpt>
      <trkpt lat="6.96959" lon="125.27307">
        <ele>2105.3</ele>
      </trkpt>
      <trkpt lat="6.96959" lon="125.27309">
        <ele>2104.39</ele>
      </trkpt>
      <trkpt lat="6.96957" lon="125.27313">
        <ele>2102.81</ele>
      </trkpt>
      <trkpt lat="6.96957" lon="125.27315">
        <ele>2101.93</ele>
      </trkpt>
      <trkpt lat="6.96957" lon="125.27316">
        <ele>2101.49</ele>
      </trkpt>
      <trkpt lat="6.96957" lon="125.27317">
        <ele>2101.04</ele>
      </trkpt>
      <trkpt lat="6.96956" lon="125.2732">
        <ele>2099.89</ele>
      </trkpt>
      <trkpt lat="6.96955" lon="125.27321">
        <ele>2099.62</ele>
      </trkpt>
      <trkpt lat="6.96954" lon="125.27321">
        <ele>2099.8</ele>
      </trkpt>
      <trkpt lat="6.96951" lon="125.27322">
        <ele>2099.91</ele>
      </trkpt>
      <trkpt lat="6.96948" lon="125.27323">
        <ele>2100.06</ele>
      </trkpt>
      <trkpt lat="6.96946" lon="125.27325">
        <ele>2099.69</ele>
      </trkpt>
      <trkpt lat="6.96944" lon="125.27327">
        <ele>2099.28</ele>
      </trkpt>
      <trkpt lat="6.96941" lon="125.27332">
        <ele>2097.39</ele>
      </trkpt>
      <trkpt lat="6.96938" lon="125.27336">
        <ele>2096.15</ele>
      </trkpt>
      <trkpt lat="6.96937" lon="125.2734">
        <ele>2095.16</ele>
      </trkpt>
      <trkpt lat="6.96934" lon="125.27345">
        <ele>2093.79</ele>
      </trkpt>
      <trkpt lat="6.9693" lon="125.27351">
        <ele>2092.0</ele>
      </trkpt>
      <trkpt lat="6.96926" lon="125.27353">
        <ele>2091.15</ele>
      </trkpt>
      <trkpt lat="6.96923" lon="125.27353">
        <ele>2090.89</ele>
      </trkpt>
      <trkpt lat="6.96919" lon="125.27355">
        <ele>2089.98</ele>
      </trkpt>
      <trkpt lat="6.96914" lon="125.27353">
        <ele>2090.49</ele>
      </trkpt>
      <trkpt lat="6.96911" lon="125.27353">
        <ele>2090.66</ele>
      </trkpt>
      <trkpt lat="6.96907" lon="125.27355">
        <ele>2090.26</ele>
      </trkpt>
      <trkpt lat="6.96904" lon="125.27355">
        <ele>2090.42</ele>
      </trkpt>
      <trkpt lat="6.969" lon="125.27354">
        <ele>2090.96</ele>
      </trkpt>
      <trkpt lat="6.96897" lon="125.27353">
        <ele>2091.46</ele>
      </trkpt>
      <trkpt lat="6.96894" lon="125.27353">
        <ele>2091.63</ele>
      </trkpt>
      <trkpt lat="6.96893" lon="125.27354">
        <ele>2091.34</ele>
      </trkpt>
      <trkpt lat="6.96893" lon="125.27354">
        <ele>2091.34</ele>
      </trkpt>
      <trkpt lat="6.96884" lon="125.27357">
        <ele>2090.68</ele>
      </trkpt>
      <trkpt lat="6.96884" lon="125.27357">
        <ele>2090.68</ele>
      </trkpt>
      <trkpt lat="6.96882" lon="125.2736">
        <ele>2089.66</ele>
      </trkpt>
      <trkpt lat="6.9688" lon="125.27362">
        <ele>2088.92</ele>
      </trkpt>
      <trkpt lat="6.96878" lon="125.27367">
        <ele>2086.64</ele>
      </trkpt>
      <trkpt lat="6.96876" lon="125.27371">
        <ele>2084.72</ele>
      </trkpt>
      <trkpt lat="6.96872" lon="125.27375">
        <ele>2082.59</ele>
      </trkpt>
      <trkpt lat="6.96868" lon="125.27377">
        <ele>2081.31</ele>
      </trkpt>
      <trkpt lat="6.96853" lon="125.27378">
        <ele>2081.66</ele>
      </trkpt>
      <trkpt lat="6.96849" lon="125.27379">
        <ele>2081.65</ele>
      </trkpt>
      <trkpt lat="6.96844" lon="125.27383">
        <ele>2079.54</ele>
      </trkpt>
      <trkpt lat="6.96841" lon="125.27388">
        <ele>2076.12</ele>
      </trkpt>
      <trkpt lat="6.96841" lon="125.2739">
        <ele>2075.12</ele>
      </trkpt>
      <trkpt lat="6.9684" lon="125.27395">
        <ele>2073.77</ele>
      </trkpt>
      <trkpt lat="6.96836" lon="125.27399">
        <ele>2073.12</ele>
      </trkpt>
      <trkpt lat="6.96829" lon="125.27405">
        <ele>2074.0</ele>
      </trkpt>
      <trkpt lat="6.96827" lon="125.27407">
        <ele>2074.28</ele>
      </trkpt>
      <trkpt lat="6.96825" lon="125.27408">
        <ele>2074.82</ele>
      </trkpt>
      <trkpt lat="6.9682" lon="125.2741">
        <ele>2076.15</ele>
      </trkpt>
      <trkpt lat="6.96814" lon="125.27413">
        <ele>2077.11</ele>
      </trkpt>
      <trkpt lat="6.96809" lon="125.27416">
        <ele>2077.26</ele>
      </trkpt>
      <trkpt lat="6.96809" lon="125.27416">
        <ele>2077.26</ele>
      </trkpt>
      <trkpt lat="6.96802" lon="125.2742">
        <ele>2075.57</ele>
      </trkpt>
      <trkpt lat="6.96801" lon="125.27421">
        <ele>2074.86</ele>
      </trkpt>
      <trkpt lat="6.96798" lon="125.27425">
        <ele>2071.91</ele>
      </trkpt>
      <trkpt lat="6.96794" lon="125.27427">
        <ele>2070.98</ele>
      </trkpt>
      <trkpt lat="6.96789" lon="125.27426">
        <ele>2072.79</ele>
      </trkpt>
      <trkpt lat="6.96785" lon="125.27428">
        <ele>2071.97</ele>
      </trkpt>
      <trkpt lat="6.96785" lon="125.2743">
        <ele>2070.38</ele>
      </trkpt>
      <trkpt lat="6.96785" lon="125.2743">
        <ele>2070.38</ele>
      </trkpt>
      <trkpt lat="6.96784" lon="125.27434">
        <ele>2067.44</ele>
      </trkpt>
      <trkpt lat="6.96773" lon="125.27446">
        <ele>2060.89</ele>
      </trkpt>
      <trkpt lat="6.96773" lon="125.27446">
        <ele>2060.89</ele>
      </trkpt>
      <trkpt lat="6.96758" lon="125.27465">
        <ele>2054.86</ele>
      </trkpt>
      <trkpt lat="6.96758" lon="125.27465">
        <ele>2054.86</ele>
      </trkpt>
      <trkpt lat="6.96755" lon="125.27475">
        <ele>2052.18</ele>
      </trkpt>
      <trkpt lat="6.96755" lon="125.27475">
        <ele>2052.18</ele>
      </trkpt>
      <trkpt lat="6.96752" lon="125.27479">
        <ele>2052.47</ele>
      </trkpt>
      <trkpt lat="6.96748" lon="125.27482">
        <ele>2053.35</ele>
      </trkpt>
      <trkpt lat="6.96744" lon="125.27482">
        <ele>2054.85</ele>
      </trkpt>
      <trkpt lat="6.96739" lon="125.27482">
        <ele>2056.74</ele>
      </trkpt>
      <trkpt lat="6.96735" lon="125.2748">
        <ele>2058.26</ele>
      </trkpt>
      <trkpt lat="6.9673" lon="125.27479">
        <ele>2060.01</ele>
      </trkpt>
      <trkpt lat="6.96726" lon="125.27478">
        <ele>2061.34</ele>
      </trkpt>
      <trkpt lat="6.96719" lon="125.27478">
        <ele>2063.56</ele>
      </trkpt>
      <trkpt lat="6.96715" lon="125.2748">
        <ele>2065.02</ele>
      </trkpt>
      <trkpt lat="6.96705" lon="125.27487">
        <ele>2069.59</ele>
      </trkpt>
      <trkpt lat="6.96705" lon="125.27487">
        <ele>2069.59</ele>
      </trkpt>
      <trkpt lat="6.96702" lon="125.27489">
        <ele>2071.11</ele>
      </trkpt>
      <trkpt lat="6.96696" lon="125.27493">
        <ele>2074.38</ele>
      </trkpt>
      <trkpt lat="6.96691" lon="125.27496">
        <ele>2076.38</ele>
      </trkpt>
      <trkpt lat="6.96685" lon="125.27499">
        <ele>2078.1</ele>
      </trkpt>
      <trkpt lat="6.96682" lon="125.27501">
        <ele>2078.8</ele>
      </trkpt>
      <trkpt lat="6.96679" lon="125.27504">
        <ele>2079.34</ele>
      </trkpt>
      <trkpt lat="6.96676" lon="125.27509">
        <ele>2080.08</ele>
      </trkpt>
      <trkpt lat="6.9667" lon="125.27517">
        <ele>2081.99</ele>
      </trkpt>
      <trkpt lat="6.96667" lon="125.27521">
        <ele>2083.17</ele>
      </trkpt>
      <trkpt lat="6.96661" lon="125.27524">
        <ele>2081.95</ele>
      </trkpt>
      <trkpt lat="6.96661" lon="125.27524">
        <ele>2081.95</ele>
      </trkpt>
      <trkpt lat="6.9666" lon="125.27522">
        <ele>2081.57</ele>
      </trkpt>
      <trkpt lat="6.96659" lon="125.27522">
        <ele>2081.29</ele>
      </trkpt>
      <trkpt lat="6.96657" lon="125.27523">
        <ele>2080.77</ele>
      </trkpt>
      <trkpt lat="6.96654" lon="125.27524">
        <ele>2079.92</ele>
      </trkpt>
      <trkpt lat="6.96651" lon="125.27526">
        <ele>2078.98</ele>
      </trkpt>
      <trkpt lat="6.96642" lon="125.27529">
        <ele>2075.82</ele>
      </trkpt>
      <trkpt lat="6.96639" lon="125.27533">
        <ele>2074.28</ele>
      </trkpt>
      <trkpt lat="6.96638" lon="125.27536">
        <ele>2073.68</ele>
      </trkpt>
      <trkpt lat="6.96636" lon="125.27543">
        <ele>2072.34</ele>
      </trkpt>
      <trkpt lat="6.96632" lon="125.27548">
        <ele>2070.92</ele>
      </trkpt>
      <trkpt lat="6.96628" lon="125.27551">
        <ele>2069.76</ele>
      </trkpt>
      <trkpt lat="6.96621" lon="125.27553">
        <ele>2068.21</ele>
      </trkpt>
      <trkpt lat="6.96618" lon="125.27553">
        <ele>2067.68</ele>
      </trkpt>
      <trkpt lat="6.96616" lon="125.27554">
        <ele>2067.15</ele>
      </trkpt>
      <trkpt lat="6.96613" lon="125.27555">
        <ele>2066.44</ele>
      </trkpt>
      <trkpt lat="6.96609" lon="125.27556">
        <ele>2066.6</ele>
      </trkpt>
      <trkpt lat="6.96603" lon="125.27557">
        <ele>2068.18</ele>
      </trkpt>
      <trkpt lat="6.96599" lon="125.27557">
        <ele>2069.13</ele>
      </trkpt>
      <trkpt lat="6.96597" lon="125.27558">
        <ele>2069.64</ele>
      </trkpt>
      <trkpt lat="6.96596" lon="125.27557">
        <ele>2069.84</ele>
      </trkpt>
      <trkpt lat="6.96592" lon="125.27556">
        <ele>2070.81</ele>
      </trkpt>
      <trkpt lat="6.96591" lon="125.27557">
        <ele>2071.03</ele>
      </trkpt>
      <trkpt lat="6.9659" lon="125.27559">
        <ele>2071.19</ele>
      </trkpt>
      <trkpt lat="6.96586" lon="125.27561">
        <ele>2071.89</ele>
      </trkpt>
      <trkpt lat="6.96574" lon="125.2757">
        <ele>2073.28</ele>
      </trkpt>
      <trkpt lat="6.96572" lon="125.27572">
        <ele>2073.43</ele>
      </trkpt>
      <trkpt lat="6.96571" lon="125.27574">
        <ele>2073.38</ele>
      </trkpt>
      <trkpt lat="6.96571" lon="125.27578">
        <ele>2072.88</ele>
      </trkpt>
      <trkpt lat="6.9657" lon="125.2758">
        <ele>2072.82</ele>
      </trkpt>
      <trkpt lat="6.96566" lon="125.27585">
        <ele>2072.95</ele>
      </trkpt>
      <trkpt lat="6.96565" lon="125.2759">
        <ele>2072.66</ele>
      </trkpt>
      <trkpt lat="6.96565" lon="125.27592">
        <ele>2072.46</ele>
      </trkpt>
      <trkpt lat="6.96566" lon="125.27597">
        <ele>2071.77</ele>
      </trkpt>
      <trkpt lat="6.96566" lon="125.276">
        <ele>2071.47</ele>
      </trkpt>
      <trkpt lat="6.96567" lon="125.27603">
        <ele>2070.94</ele>
      </trkpt>
      <trkpt lat="6.96566" lon="125.27605">
        <ele>2070.97</ele>
      </trkpt>
      <trkpt lat="6.96566" lon="125.27607">
        <ele>2070.78</ele>
      </trkpt>
      <trkpt lat="6.96565" lon="125.27611">
        <ele>2070.63</ele>
      </trkpt>
      <trkpt lat="6.96565" lon="125.27611">
        <ele>2070.63</ele>
      </trkpt>
      <trkpt lat="6.96564" lon="125.27613">
        <ele>2070.82</ele>
      </trkpt>
      <trkpt lat="6.96561" lon="125.27617">
        <ele>2071.46</ele>
      </trkpt>
      <trkpt lat="6.96558" lon="125.27623">
        <ele>2071.99</ele>
      </trkpt>
      <trkpt lat="6.96556" lon="125.27626">
        <ele>2072.36</ele>
      </trkpt>
      <trkpt lat="6.96554" lon="125.2763">
        <ele>2072.77</ele>
      </trkpt>
      <trkpt lat="6.96554" lon="125.27634">
        <ele>2072.6</ele>
      </trkpt>
      <trkpt lat="6.96553" lon="125.27637">
        <ele>2072.73</ele>
      </trkpt>
      <trkpt lat="6.9655" lon="125.27638">
        <ele>2073.45</ele>
      </trkpt>
      <trkpt lat="6.96544" lon="125.27642">
        <ele>2074.86</ele>
      </trkpt>
      <trkpt lat="6.96536" lon="125.27647">
        <ele>2076.28</ele>
      </trkpt>
      <trkpt lat="6.96529" lon="125.27651">
        <ele>2077.06</ele>
      </trkpt>
      <trkpt lat="6.96523" lon="125.27656">
        <ele>2076.54</ele>
      </trkpt>
      <trkpt lat="6.96519" lon="125.27662">
        <ele>2075.67</ele>
      </trkpt>
      <trkpt lat="6.96516" lon="125.27665">
        <ele>2075.24</ele>
      </trkpt>
      <trkpt lat="6.96512" lon="125.27669">
        <ele>2074.28</ele>
      </trkpt>
      <trkpt lat="6.96505" lon="125.27671">
        <ele>2073.62</ele>
      </trkpt>
      <trkpt lat="6.96504" lon="125.27672">
        <ele>2073.3</ele>
      </trkpt>
      <trkpt lat="6.96501" lon="125.27673">
        <ele>2072.96</ele>
      </trkpt>
      <trkpt lat="6.96496" lon="125.27673">
        <ele>2072.52</ele>
      </trkpt>
      <trkpt lat="6.96495" lon="125.27674">
        <ele>2072.08</ele>
      </trkpt>
      <trkpt lat="6.96491" lon="125.27678">
        <ele>2070.36</ele>
      </trkpt>
      <trkpt lat="6.96489" lon="125.27681">
        <ele>2069.17</ele>
      </trkpt>
      <trkpt lat="6.96488" lon="125.27686">
        <ele>2067.44</ele>
      </trkpt>
      <trkpt lat="6.96484" lon="125.27691">
        <ele>2065.39</ele>
      </trkpt>
      <trkpt lat="6.96481" lon="125.27694">
        <ele>2064.09</ele>
      </trkpt>
      <trkpt lat="6.96479" lon="125.27698">
        <ele>2062.61</ele>
      </trkpt>
      <trkpt lat="6.96477" lon="125.27699">
        <ele>2062.07</ele>
      </trkpt>
      <trkpt lat="6.96475" lon="125.27701">
        <ele>2061.2</ele>
      </trkpt>
      <trkpt lat="6.96469" lon="125.27707">
        <ele>2058.58</ele>
      </trkpt>
      <trkpt lat="6.96468" lon="125.27709">
        <ele>2057.83</ele>
      </trkpt>
      <trkpt lat="6.96465" lon="125.27713">
        <ele>2056.21</ele>
      </trkpt>
      <trkpt lat="6.96463" lon="125.27716">
        <ele>2055.02</ele>
      </trkpt>
      <trkpt lat="6.96457" lon="125.27722">
        <ele>2052.43</ele>
      </trkpt>
      <trkpt lat="6.96455" lon="125.27725">
        <ele>2051.28</ele>
      </trkpt>
      <trkpt lat="6.96452" lon="125.27729">
        <ele>2049.69</ele>
      </trkpt>
      <trkpt lat="6.96448" lon="125.27732">
        <ele>2048.26</ele>
      </trkpt>
      <trkpt lat="6.96442" lon="125.27734">
        <ele>2046.92</ele>
      </trkpt>
      <trkpt lat="6.96441" lon="125.27734">
        <ele>2046.81</ele>
      </trkpt>
      <trkpt lat="6.96439" lon="125.27738">
        <ele>2045.3</ele>
      </trkpt>
      <trkpt lat="6.96437" lon="125.27739">
        <ele>2044.76</ele>
      </trkpt>
      <trkpt lat="6.96434" lon="125.2774">
        <ele>2044.11</ele>
      </trkpt>
      <trkpt lat="6.96432" lon="125.27741">
        <ele>2043.57</ele>
      </trkpt>
      <trkpt lat="6.9643" lon="125.27742">
        <ele>2043.03</ele>
      </trkpt>
      <trkpt lat="6.96429" lon="125.27742">
        <ele>2042.92</ele>
      </trkpt>
      <trkpt lat="6.96426" lon="125.2774">
        <ele>2043.25</ele>
      </trkpt>
      <trkpt lat="6.96422" lon="125.2774">
        <ele>2042.82</ele>
      </trkpt>
      <trkpt lat="6.96419" lon="125.27741">
        <ele>2042.17</ele>
      </trkpt>
      <trkpt lat="6.96415" lon="125.27739">
        <ele>2041.87</ele>
      </trkpt>
      <trkpt lat="6.96413" lon="125.27739">
        <ele>2041.03</ele>
      </trkpt>
      <trkpt lat="6.96413" lon="125.2774">
        <ele>2040.7</ele>
      </trkpt>
      <trkpt lat="6.96413" lon="125.27741">
        <ele>2040.37</ele>
      </trkpt>
      <trkpt lat="6.96409" lon="125.27741">
        <ele>2038.69</ele>
      </trkpt>
      <trkpt lat="6.96406" lon="125.27739">
        <ele>2038.11</ele>
      </trkpt>
      <trkpt lat="6.96405" lon="125.27738">
        <ele>2038.03</ele>
      </trkpt>
      <trkpt lat="6.96404" lon="125.27736">
        <ele>2038.29</ele>
      </trkpt>
      <trkpt lat="6.96401" lon="125.2773">
        <ele>2039.12</ele>
      </trkpt>
      <trkpt lat="6.96399" lon="125.27729">
        <ele>2038.65</ele>
      </trkpt>
      <trkpt lat="6.96392" lon="125.27728">
        <ele>2036.18</ele>
      </trkpt>
      <trkpt lat="6.9639" lon="125.27726">
        <ele>2036.09</ele>
      </trkpt>
      <trkpt lat="6.96387" lon="125.27726">
        <ele>2034.82</ele>
      </trkpt>
      <trkpt lat="6.96383" lon="125.27724">
        <ele>2033.82</ele>
      </trkpt>
      <trkpt lat="6.9638" lon="125.27721">
        <ele>2033.57</ele>
      </trkpt>
      <trkpt lat="6.96378" lon="125.27718">
        <ele>2033.72</ele>
      </trkpt>
      <trkpt lat="6.96376" lon="125.27714">
        <ele>2034.23</ele>
      </trkpt>
      <trkpt lat="6.96375" lon="125.27711">
        <ele>2034.84</ele>
      </trkpt>
      <trkpt lat="6.96374" lon="125.27708">
        <ele>2035.45</ele>
      </trkpt>
      <trkpt lat="6.96372" lon="125.27706">
        <ele>2035.32</ele>
      </trkpt>
      <trkpt lat="6.96371" lon="125.27704">
        <ele>2035.6</ele>
      </trkpt>
      <trkpt lat="6.96369" lon="125.27701">
        <ele>2035.83</ele>
      </trkpt>
      <trkpt lat="6.96367" lon="125.27699">
        <ele>2035.73</ele>
      </trkpt>
      <trkpt lat="6.96362" lon="125.27697">
        <ele>2034.43</ele>
      </trkpt>
      <trkpt lat="6.96359" lon="125.27697">
        <ele>2033.24</ele>
      </trkpt>
      <trkpt lat="6.96357" lon="125.27695">
        <ele>2033.17</ele>
      </trkpt>
      <trkpt lat="6.96354" lon="125.27696">
        <ele>2031.62</ele>
      </trkpt>
      <trkpt lat="6.96343" lon="125.27693">
        <ele>2028.38</ele>
      </trkpt>
      <trkpt lat="6.96339" lon="125.27692">
        <ele>2027.19</ele>
      </trkpt>
      <trkpt lat="6.96336" lon="125.2769">
        <ele>2026.8</ele>
      </trkpt>
      <trkpt lat="6.96334" lon="125.2769">
        <ele>2026.02</ele>
      </trkpt>
      <trkpt lat="6.96332" lon="125.27691">
        <ele>2024.78</ele>
      </trkpt>
      <trkpt lat="6.9633" lon="125.2769">
        <ele>2024.3</ele>
      </trkpt>
      <trkpt lat="6.96328" lon="125.27689">
        <ele>2023.81</ele>
      </trkpt>
      <trkpt lat="6.96326" lon="125.2769">
        <ele>2022.55</ele>
      </trkpt>
      <trkpt lat="6.96324" lon="125.27689">
        <ele>2022.06</ele>
      </trkpt>
      <trkpt lat="6.96321" lon="125.27688">
        <ele>2021.12</ele>
      </trkpt>
      <trkpt lat="6.96319" lon="125.27688">
        <ele>2020.24</ele>
      </trkpt>
      <trkpt lat="6.96317" lon="125.27688">
        <ele>2019.36</ele>
      </trkpt>
      <trkpt lat="6.96312" lon="125.27688">
        <ele>2017.16</ele>
      </trkpt>
      <trkpt lat="6.96311" lon="125.27686">
        <ele>2017.45</ele>
      </trkpt>
      <trkpt lat="6.96309" lon="125.27685">
        <ele>2016.93</ele>
      </trkpt>
      <trkpt lat="6.96306" lon="125.27685">
        <ele>2015.6</ele>
      </trkpt>
      <trkpt lat="6.96305" lon="125.27684">
        <ele>2015.49</ele>
      </trkpt>
      <trkpt lat="6.96301" lon="125.27683">
        <ele>2013.92</ele>
      </trkpt>
      <trkpt lat="6.96299" lon="125.27683">
        <ele>2012.95</ele>
      </trkpt>
      <trkpt lat="6.96297" lon="125.27683">
        <ele>2011.99</ele>
      </trkpt>
      <trkpt lat="6.96295" lon="125.27684">
        <ele>2010.68</ele>
      </trkpt>
      <trkpt lat="6.96293" lon="125.27684">
        <ele>2009.71</ele>
      </trkpt>
      <trkpt lat="6.96293" lon="125.27682">
        <ele>2010.4</ele>
      </trkpt>
      <trkpt lat="6.96289" lon="125.27678">
        <ele>2009.82</ele>
      </trkpt>
      <trkpt lat="6.96289" lon="125.27675">
        <ele>2010.83</ele>
      </trkpt>
      <trkpt lat="6.96285" lon="125.27674">
        <ele>2009.2</ele>
      </trkpt>
      <trkpt lat="6.96283" lon="125.27672">
        <ele>2008.87</ele>
      </trkpt>
      <trkpt lat="6.9628" lon="125.27673">
        <ele>2007.05</ele>
      </trkpt>
      <trkpt lat="6.96278" lon="125.27673">
        <ele>2006.06</ele>
      </trkpt>
      <trkpt lat="6.96275" lon="125.27673">
        <ele>2004.65</ele>
      </trkpt>
      <trkpt lat="6.96271" lon="125.27674">
        <ele>2002.45</ele>
      </trkpt>
      <trkpt lat="6.96268" lon="125.27674">
        <ele>2001.05</ele>
      </trkpt>
      <trkpt lat="6.96265" lon="125.27675">
        <ele>1999.32</ele>
      </trkpt>
      <trkpt lat="6.96262" lon="125.27678">
        <ele>1996.94</ele>
      </trkpt>
      <trkpt lat="6.96257" lon="125.27681">
        <ele>1993.63</ele>
      </trkpt>
      <trkpt lat="6.96253" lon="125.27681">
        <ele>1991.76</ele>
      </trkpt>
      <trkpt lat="6.96249" lon="125.2768">
        <ele>1990.39</ele>
      </trkpt>
      <trkpt lat="6.9624" lon="125.27681">
        <ele>1987.49</ele>
      </trkpt>
      <trkpt lat="6.9623" lon="125.27677">
        <ele>1985.71</ele>
      </trkpt>
      <trkpt lat="6.96225" lon="125.27676">
        <ele>1984.48</ele>
      </trkpt>
      <trkpt lat="6.96221" lon="125.27677">
        <ele>1983.02</ele>
      </trkpt>
      <trkpt lat="6.96215" lon="125.2768">
        <ele>1980.42</ele>
      </trkpt>
      <trkpt lat="6.96215" lon="125.2768">
        <ele>1980.42</ele>
      </trkpt>
      <trkpt lat="6.96213" lon="125.27683">
        <ele>1979.09</ele>
      </trkpt>
      <trkpt lat="6.9621" lon="125.27686">
        <ele>1977.47</ele>
      </trkpt>
      <trkpt lat="6.96207" lon="125.27687">
        <ele>1976.35</ele>
      </trkpt>
      <trkpt lat="6.96204" lon="125.27688">
        <ele>1975.22</ele>
      </trkpt>
      <trkpt lat="6.96202" lon="125.2769">
        <ele>1974.18</ele>
      </trkpt>
      <trkpt lat="6.96199" lon="125.27691">
        <ele>1973.08</ele>
      </trkpt>
      <trkpt lat="6.96192" lon="125.27696">
        <ele>1969.97</ele>
      </trkpt>
      <trkpt lat="6.96186" lon="125.27697">
        <ele>1968.07</ele>
      </trkpt>
      <trkpt lat="6.96183" lon="125.27699">
        <ele>1966.86</ele>
      </trkpt>
      <trkpt lat="6.96181" lon="125.27701">
        <ele>1965.94</ele>
      </trkpt>
      <trkpt lat="6.96178" lon="125.27702">
        <ele>1964.95</ele>
      </trkpt>
      <trkpt lat="6.96175" lon="125.27704">
        <ele>1963.82</ele>
      </trkpt>
      <trkpt lat="6.96173" lon="125.27704">
        <ele>1963.29</ele>
      </trkpt>
      <trkpt lat="6.96168" lon="125.27706">
        <ele>1961.68</ele>
      </trkpt>
      <trkpt lat="6.96161" lon="125.27707">
        <ele>1960.58</ele>
      </trkpt>
      <trkpt lat="6.96157" lon="125.27708">
        <ele>1960.0</ele>
      </trkpt>
      <trkpt lat="6.96153" lon="125.27708">
        <ele>1959.57</ele>
      </trkpt>
      <trkpt lat="6.9615" lon="125.27708">
        <ele>1959.25</ele>
      </trkpt>
      <trkpt lat="6.96146" lon="125.27708">
        <ele>1958.82</ele>
      </trkpt>
      <trkpt lat="6.96142" lon="125.27707">
        <ele>1958.53</ele>
      </trkpt>
      <trkpt lat="6.96139" lon="125.27707">
        <ele>1958.2</ele>
      </trkpt>
      <trkpt lat="6.96136" lon="125.27708">
        <ele>1957.68</ele>
      </trkpt>
      <trkpt lat="6.96134" lon="125.27709">
        <ele>1957.29</ele>
      </trkpt>
      <trkpt lat="6.96131" lon="125.27711">
        <ele>1956.65</ele>
      </trkpt>
      <trkpt lat="6.96123" lon="125.27714">
        <ele>1955.3</ele>
      </trkpt>
      <trkpt lat="6.9612" lon="125.27714">
        <ele>1954.94</ele>
      </trkpt>
      <trkpt lat="6.96116" lon="125.27712">
        <ele>1954.7</ele>
      </trkpt>
      <trkpt lat="6.96108" lon="125.27708">
        <ele>1954.14</ele>
      </trkpt>
      <trkpt lat="6.96107" lon="125.27708">
        <ele>1954.02</ele>
      </trkpt>
      <trkpt lat="6.96107" lon="125.27708">
        <ele>1954.02</ele>
      </trkpt>
      <trkpt lat="6.96099" lon="125.27706">
        <ele>1953.19</ele>
      </trkpt>
      <trkpt lat="6.96097" lon="125.27706">
        <ele>1952.93</ele>
      </trkpt>
      <trkpt lat="6.96092" lon="125.27706">
        <ele>1952.29</ele>
      </trkpt>
      <trkpt lat="6.9608" lon="125.27704">
        <ele>1950.87</ele>
      </trkpt>
      <trkpt lat="6.96077" lon="125.27704">
        <ele>1950.48</ele>
      </trkpt>
      <trkpt lat="6.96073" lon="125.27705">
        <ele>1949.89</ele>
      </trkpt>
      <trkpt lat="6.96069" lon="125.27704">
        <ele>1949.43</ele>
      </trkpt>
      <trkpt lat="6.96059" lon="125.27703">
        <ele>1948.15</ele>
      </trkpt>
      <trkpt lat="6.96054" lon="125.27704">
        <ele>1947.45</ele>
      </trkpt>
      <trkpt lat="6.9605" lon="125.27705">
        <ele>1946.9</ele>
      </trkpt>
      <trkpt lat="6.96047" lon="125.27707">
        <ele>1946.46</ele>
      </trkpt>
      <trkpt lat="6.96044" lon="125.27708">
        <ele>1946.05</ele>
      </trkpt>
      <trkpt lat="6.96039" lon="125.27709">
        <ele>1945.4</ele>
      </trkpt>
      <trkpt lat="6.96038" lon="125.2771">
        <ele>1945.27</ele>
      </trkpt>
      <trkpt lat="6.96036" lon="125.2771">
        <ele>1945.02</ele>
      </trkpt>
      <trkpt lat="6.96035" lon="125.27711">
        <ele>1944.89</ele>
      </trkpt>
      <trkpt lat="6.96033" lon="125.2771">
        <ele>1944.65</ele>
      </trkpt>
      <trkpt lat="6.96031" lon="125.27711">
        <ele>1944.39</ele>
      </trkpt>
      <trkpt lat="6.96029" lon="125.27711">
        <ele>1944.15</ele>
      </trkpt>
      <trkpt lat="6.96025" lon="125.27705">
        <ele>1943.64</ele>
      </trkpt>
      <trkpt lat="6.96024" lon="125.27701">
        <ele>1943.49</ele>
      </trkpt>
      <trkpt lat="6.96022" lon="125.27699">
        <ele>1943.2</ele>
      </trkpt>
      <trkpt lat="6.9602" lon="125.27698">
        <ele>1942.92</ele>
      </trkpt>
      <trkpt lat="6.96017" lon="125.27698">
        <ele>1942.5</ele>
      </trkpt>
      <trkpt lat="6.96015" lon="125.27697">
        <ele>1942.2</ele>
      </trkpt>
      <trkpt lat="6.96013" lon="125.27695">
        <ele>1941.88</ele>
      </trkpt>
      <trkpt lat="6.96012" lon="125.27692">
        <ele>1941.77</ele>
      </trkpt>
      <trkpt lat="6.96009" lon="125.2769">
        <ele>1941.35</ele>
      </trkpt>
      <trkpt lat="6.96004" lon="125.27688">
        <ele>1940.61</ele>
      </trkpt>
      <trkpt lat="6.96002" lon="125.27687">
        <ele>1940.31</ele>
      </trkpt>
      <trkpt lat="6.96001" lon="125.27688">
        <ele>1940.15</ele>
      </trkpt>
      <trkpt lat="6.95998" lon="125.27686">
        <ele>1939.47</ele>
      </trkpt>
      <trkpt lat="6.95994" lon="125.27686">
        <ele>1938.42</ele>
      </trkpt>
      <trkpt lat="6.95992" lon="125.27684">
        <ele>1937.88</ele>
      </trkpt>
      <trkpt lat="6.95989" lon="125.27682">
        <ele>1937.05</ele>
      </trkpt>
      <trkpt lat="6.95987" lon="125.2768">
        <ele>1936.48</ele>
      </trkpt>
      <trkpt lat="6.95987" lon="125.27678">
        <ele>1936.45</ele>
      </trkpt>
      <trkpt lat="6.95984" lon="125.27675">
        <ele>1935.56</ele>
      </trkpt>
      <trkpt lat="6.95981" lon="125.27674">
        <ele>1934.71</ele>
      </trkpt>
      <trkpt lat="6.95978" lon="125.27673">
        <ele>1933.84</ele>
      </trkpt>
      <trkpt lat="6.95974" lon="125.27673">
        <ele>1932.73</ele>
      </trkpt>
      <trkpt lat="6.95972" lon="125.27673">
        <ele>1932.17</ele>
      </trkpt>
      <trkpt lat="6.9597" lon="125.27672">
        <ele>1931.62</ele>
      </trkpt>
      <trkpt lat="6.95966" lon="125.27671">
        <ele>1930.55</ele>
      </trkpt>
      <trkpt lat="6.9596" lon="125.2767">
        <ele>1928.99</ele>
      </trkpt>
      <trkpt lat="6.95958" lon="125.27671">
        <ele>1928.49</ele>
      </trkpt>
      <trkpt lat="6.95956" lon="125.27672">
        <ele>1927.99</ele>
      </trkpt>
      <trkpt lat="6.95953" lon="125.27674">
        <ele>1927.24</ele>
      </trkpt>
      <trkpt lat="6.95951" lon="125.27675">
        <ele>1926.72</ele>
      </trkpt>
      <trkpt lat="6.9595" lon="125.27676">
        <ele>1926.47</ele>
      </trkpt>
      <trkpt lat="6.95948" lon="125.27678">
        <ele>1925.95</ele>
      </trkpt>
      <trkpt lat="6.95942" lon="125.2768">
        <ele>1924.3</ele>
      </trkpt>
      <trkpt lat="6.95937" lon="125.27682">
        <ele>1922.86</ele>
      </trkpt>
      <trkpt lat="6.9593" lon="125.27689">
        <ele>1920.84</ele>
      </trkpt>
      <trkpt lat="6.95929" lon="125.27689">
        <ele>1920.55</ele>
      </trkpt>
      <trkpt lat="6.95925" lon="125.2769">
        <ele>1919.4</ele>
      </trkpt>
      <trkpt lat="6.95921" lon="125.27689">
        <ele>1918.25</ele>
      </trkpt>
      <trkpt lat="6.95916" lon="125.2769">
        <ele>1916.85</ele>
      </trkpt>
      <trkpt lat="6.95914" lon="125.2769">
        <ele>1916.39</ele>
      </trkpt>
      <trkpt lat="6.95909" lon="125.27691">
        <ele>1915.28</ele>
      </trkpt>
      <trkpt lat="6.95909" lon="125.27691">
        <ele>1915.28</ele>
      </trkpt>
      <trkpt lat="6.95909" lon="125.2769">
        <ele>1915.26</ele>
      </trkpt>
      <trkpt lat="6.95909" lon="125.27689">
        <ele>1915.24</ele>
      </trkpt>
      <trkpt lat="6.95907" lon="125.27687">
        <ele>1914.73</ele>
      </trkpt>
      <trkpt lat="6.95907" lon="125.27685">
        <ele>1914.68</ele>
      </trkpt>
      <trkpt lat="6.95905" lon="125.27684">
        <ele>1914.16</ele>
      </trkpt>
      <trkpt lat="6.95905" lon="125.27683">
        <ele>1914.13</ele>
      </trkpt>
      <trkpt lat="6.95906" lon="125.27681">
        <ele>1914.32</ele>
      </trkpt>
      <trkpt lat="6.95906" lon="125.27679">
        <ele>1914.27</ele>
      </trkpt>
      <trkpt lat="6.95905" lon="125.27678">
        <ele>1913.98</ele>
      </trkpt>
      <trkpt lat="6.95904" lon="125.27678">
        <ele>1913.72</ele>
      </trkpt>
      <trkpt lat="6.95903" lon="125.27677">
        <ele>1913.43</ele>
      </trkpt>
      <trkpt lat="6.95903" lon="125.27676">
        <ele>1913.39</ele>
      </trkpt>
      <trkpt lat="6.95903" lon="125.27676">
        <ele>1913.39</ele>
      </trkpt>
      <trkpt lat="6.95898" lon="125.27656">
        <ele>1910.86</ele>
      </trkpt>
      <trkpt lat="6.95898" lon="125.27654">
        <ele>1910.72</ele>
      </trkpt>
      <trkpt lat="6.95897" lon="125.27648">
        <ele>1910.08</ele>
      </trkpt>
      <trkpt lat="6.95899" lon="125.27644">
        <ele>1910.2</ele>
      </trkpt>
      <trkpt lat="6.95902" lon="125.2764">
        <ele>1910.46</ele>
      </trkpt>
      <trkpt lat="6.95903" lon="125.27636">
        <ele>1910.33</ele>
      </trkpt>
      <trkpt lat="6.95903" lon="125.27631">
        <ele>1909.97</ele>
      </trkpt>
      <trkpt lat="6.95899" lon="125.27622">
        <ele>1908.77</ele>
      </trkpt>
      <trkpt lat="6.95898" lon="125.27622">
        <ele>1908.63</ele>
      </trkpt>
      <trkpt lat="6.95894" lon="125.27619">
        <ele>1907.94</ele>
      </trkpt>
      <trkpt lat="6.95891" lon="125.27616">
        <ele>1907.43</ele>
      </trkpt>
      <trkpt lat="6.95886" lon="125.27611">
        <ele>1906.68</ele>
      </trkpt>
      <trkpt lat="6.95869" lon="125.27605">
        <ele>1904.95</ele>
      </trkpt>
      <trkpt lat="6.95867" lon="125.27604">
        <ele>1904.78</ele>
      </trkpt>
      <trkpt lat="6.95861" lon="125.27604">
        <ele>1904.25</ele>
      </trkpt>
      <trkpt lat="6.95856" lon="125.27605">
        <ele>1903.79</ele>
      </trkpt>
      <trkpt lat="6.95851" lon="125.27605">
        <ele>1903.37</ele>
      </trkpt>
      <trkpt lat="6.95847" lon="125.27606">
        <ele>1902.94</ele>
      </trkpt>
      <trkpt lat="6.95841" lon="125.27607">
        <ele>1902.3</ele>
      </trkpt>
      <trkpt lat="6.95824" lon="125.27614">
        <ele>1897.22</ele>
      </trkpt>
      <trkpt lat="6.95824" lon="125.27614">
        <ele>1897.22</ele>
      </trkpt>
      <trkpt lat="6.95819" lon="125.27614">
        <ele>1895.42</ele>
      </trkpt>
      <trkpt lat="6.95814" lon="125.27617">
        <ele>1893.19</ele>
      </trkpt>
      <trkpt lat="6.95811" lon="125.2762">
        <ele>1891.68</ele>
      </trkpt>
      <trkpt lat="6.95806" lon="125.27622">
        <ele>1889.59</ele>
      </trkpt>
      <trkpt lat="6.95802" lon="125.27622">
        <ele>1888.28</ele>
      </trkpt>
      <trkpt lat="6.95796" lon="125.27622">
        <ele>1886.34</ele>
      </trkpt>
      <trkpt lat="6.95792" lon="125.27625">
        <ele>1884.61</ele>
      </trkpt>
      <trkpt lat="6.95787" lon="125.27629">
        <ele>1882.41</ele>
      </trkpt>
      <trkpt lat="6.95784" lon="125.27627">
        <ele>1881.73</ele>
      </trkpt>
      <trkpt lat="6.95772" lon="125.27617">
        <ele>1879.07</ele>
      </trkpt>
      <trkpt lat="6.9577" lon="125.27616">
        <ele>1878.5</ele>
      </trkpt>
      <trkpt lat="6.95765" lon="125.27614">
        <ele>1876.98</ele>
      </trkpt>
      <trkpt lat="6.95761" lon="125.27613">
        <ele>1875.69</ele>
      </trkpt>
      <trkpt lat="6.95756" lon="125.27614">
        <ele>1873.74</ele>
      </trkpt>
      <trkpt lat="6.95751" lon="125.27615">
        <ele>1871.8</ele>
      </trkpt>
      <trkpt lat="6.95747" lon="125.27617">
        <ele>1870.59</ele>
      </trkpt>
      <trkpt lat="6.95743" lon="125.27619">
        <ele>1869.53</ele>
      </trkpt>
      <trkpt lat="6.95739" lon="125.27621">
        <ele>1868.46</ele>
      </trkpt>
      <trkpt lat="6.95735" lon="125.27623">
        <ele>1867.36</ele>
      </trkpt>
      <trkpt lat="6.95729" lon="125.27623">
        <ele>1866.18</ele>
      </trkpt>
      <trkpt lat="6.95725" lon="125.27617">
        <ele>1866.46</ele>
      </trkpt>
      <trkpt lat="6.95723" lon="125.27615">
        <ele>1866.44</ele>
      </trkpt>
      <trkpt lat="6.9572" lon="125.27615">
        <ele>1865.9</ele>
      </trkpt>
      <trkpt lat="6.95715" lon="125.27615">
        <ele>1865.0</ele>
      </trkpt>
      <trkpt lat="6.95708" lon="125.27613">
        <ele>1864.1</ele>
      </trkpt>
      <trkpt lat="6.95699" lon="125.27614">
        <ele>1862.3</ele>
      </trkpt>
      <trkpt lat="6.95697" lon="125.27613">
        <ele>1862.12</ele>
      </trkpt>
      <trkpt lat="6.95687" lon="125.27616">
        <ele>1859.72</ele>
      </trkpt>
      <trkpt lat="6.95678" lon="125.27617">
        <ele>1857.69</ele>
      </trkpt>
      <trkpt lat="6.95671" lon="125.27619">
        <ele>1855.53</ele>
      </trkpt>
      <trkpt lat="6.95667" lon="125.27618">
        <ele>1855.09</ele>
      </trkpt>
      <trkpt lat="6.95665" lon="125.27617">
        <ele>1855.04</ele>
      </trkpt>
      <trkpt lat="6.9566" lon="125.27618">
        <ele>1853.34</ele>
      </trkpt>
      <trkpt lat="6.95657" lon="125.27617">
        <ele>1853.02</ele>
      </trkpt>
      <trkpt lat="6.95654" lon="125.27616">
        <ele>1852.7</ele>
      </trkpt>
      <trkpt lat="6.9565" lon="125.27615">
        <ele>1852.12</ele>
      </trkpt>
      <trkpt lat="6.95646" lon="125.27614">
        <ele>1851.54</ele>
      </trkpt>
      <trkpt lat="6.95641" lon="125.27612">
        <ele>1851.15</ele>
      </trkpt>
      <trkpt lat="6.95631" lon="125.2761">
        <ele>1848.93</ele>
      </trkpt>
      <trkpt lat="6.95628" lon="125.2761">
        <ele>1848.06</ele>
      </trkpt>
      <trkpt lat="6.95619" lon="125.27619">
        <ele>1842.47</ele>
      </trkpt>
      <trkpt lat="6.95618" lon="125.27619">
        <ele>1842.22</ele>
      </trkpt>
      <trkpt lat="6.95612" lon="125.27623">
        <ele>1839.36</ele>
      </trkpt>
      <trkpt lat="6.95607" lon="125.27628">
        <ele>1837.03</ele>
      </trkpt>
      <trkpt lat="6.95603" lon="125.27633">
        <ele>1835.24</ele>
      </trkpt>
      <trkpt lat="6.95597" lon="125.27636">
        <ele>1834.11</ele>
      </trkpt>
      <trkpt lat="6.95592" lon="125.27643">
        <ele>1832.08</ele>
      </trkpt>
      <trkpt lat="6.95589" lon="125.27647">
        <ele>1830.81</ele>
      </trkpt>
      <trkpt lat="6.95586" lon="125.27652">
        <ele>1829.27</ele>
      </trkpt>
      <trkpt lat="6.95584" lon="125.27656">
        <ele>1828.08</ele>
      </trkpt>
      <trkpt lat="6.95583" lon="125.27659">
        <ele>1827.2</ele>
      </trkpt>
      <trkpt lat="6.95581" lon="125.27663">
        <ele>1826.02</ele>
      </trkpt>
      <trkpt lat="6.95578" lon="125.27667">
        <ele>1824.97</ele>
      </trkpt>
      <trkpt lat="6.95579" lon="125.27671">
        <ele>1824.67</ele>
      </trkpt>
      <trkpt lat="6.95576" lon="125.27675">
        <ele>1824.15</ele>
      </trkpt>
      <trkpt lat="6.95575" lon="125.27678">
        <ele>1823.74</ele>
      </trkpt>
      <trkpt lat="6.9557" lon="125.27684">
        <ele>1822.28</ele>
      </trkpt>
      <trkpt lat="6.95567" lon="125.27687">
        <ele>1821.26</ele>
      </trkpt>
      <trkpt lat="6.95563" lon="125.27689">
        <ele>1820.08</ele>
      </trkpt>
      <trkpt lat="6.95557" lon="125.27691">
        <ele>1818.31</ele>
      </trkpt>
      <trkpt lat="6.95555" lon="125.27692">
        <ele>1817.76</ele>
      </trkpt>
      <trkpt lat="6.95552" lon="125.27693">
        <ele>1817.83</ele>
      </trkpt>
      <trkpt lat="6.9555" lon="125.27695">
        <ele>1817.85</ele>
      </trkpt>
      <trkpt lat="6.95546" lon="125.27696">
        <ele>1818.47</ele>
      </trkpt>
      <trkpt lat="6.95534" lon="125.27694">
        <ele>1820.05</ele>
      </trkpt>
      <trkpt lat="6.95523" lon="125.27693">
        <ele>1819.85</ele>
      </trkpt>
      <trkpt lat="6.95516" lon="125.27692">
        <ele>1818.88</ele>
      </trkpt>
      <trkpt lat="6.95514" lon="125.27692">
        <ele>1818.63</ele>
      </trkpt>
      <trkpt lat="6.95512" lon="125.27692">
        <ele>1818.38</ele>
      </trkpt>
      <trkpt lat="6.95509" lon="125.27692">
        <ele>1817.99</ele>
      </trkpt>
      <trkpt lat="6.95504" lon="125.27694">
        <ele>1816.14</ele>
      </trkpt>
      <trkpt lat="6.95501" lon="125.27696">
        <ele>1815.32</ele>
      </trkpt>
      <trkpt lat="6.955" lon="125.27696">
        <ele>1815.11</ele>
      </trkpt>
      <trkpt lat="6.95497" lon="125.27698">
        <ele>1815.77</ele>
      </trkpt>
      <trkpt lat="6.95495" lon="125.27699">
        <ele>1816.11</ele>
      </trkpt>
      <trkpt lat="6.95492" lon="125.27699">
        <ele>1816.58</ele>
      </trkpt>
      <trkpt lat="6.95488" lon="125.27698">
        <ele>1817.3</ele>
      </trkpt>
      <trkpt lat="6.95486" lon="125.27698">
        <ele>1817.63</ele>
      </trkpt>
      <trkpt lat="6.95483" lon="125.277">
        <ele>1817.85</ele>
      </trkpt>
      <trkpt lat="6.9548" lon="125.27704">
        <ele>1817.53</ele>
      </trkpt>
      <trkpt lat="6.95475" lon="125.2771">
        <ele>1816.48</ele>
      </trkpt>
      <trkpt lat="6.95473" lon="125.27713">
        <ele>1815.68</ele>
      </trkpt>
      <trkpt lat="6.9547" lon="125.27717">
        <ele>1814.17</ele>
      </trkpt>
      <trkpt lat="6.95461" lon="125.27724">
        <ele>1811.01</ele>
      </trkpt>
      <trkpt lat="6.95459" lon="125.27727">
        <ele>1810.07</ele>
      </trkpt>
      <trkpt lat="6.95454" lon="125.27728">
        <ele>1809.06</ele>
      </trkpt>
      <trkpt lat="6.95452" lon="125.2773">
        <ele>1808.28</ele>
      </trkpt>
      <trkpt lat="6.95448" lon="125.2773">
        <ele>1807.62</ele>
      </trkpt>
      <trkpt lat="6.95444" lon="125.27731">
        <ele>1806.7</ele>
      </trkpt>
      <trkpt lat="6.95441" lon="125.2773">
        <ele>1806.39</ele>
      </trkpt>
      <trkpt lat="6.95438" lon="125.2773">
        <ele>1805.82</ele>
      </trkpt>
      <trkpt lat="6.95436" lon="125.2773">
        <ele>1805.43</ele>
      </trkpt>
      <trkpt lat="6.95434" lon="125.27731">
        <ele>1804.79</ele>
      </trkpt>
      <trkpt lat="6.95432" lon="125.27731">
        <ele>1804.41</ele>
      </trkpt>
      <trkpt lat="6.95429" lon="125.27731">
        <ele>1803.83</ele>
      </trkpt>
      <trkpt lat="6.9542" lon="125.27734">
        <ele>1801.26</ele>
      </trkpt>
      <trkpt lat="6.95417" lon="125.27734">
        <ele>1800.67</ele>
      </trkpt>
      <trkpt lat="6.95411" lon="125.27737">
        <ele>1799.34</ele>
      </trkpt>
      <trkpt lat="6.95407" lon="125.27738">
        <ele>1798.76</ele>
      </trkpt>
      <trkpt lat="6.954" lon="125.27737">
        <ele>1798.54</ele>
      </trkpt>
      <trkpt lat="6.95394" lon="125.27739">
        <ele>1797.54</ele>
      </trkpt>
      <trkpt lat="6.9539" lon="125.27742">
        <ele>1796.38</ele>
      </trkpt>
      <trkpt lat="6.95385" lon="125.27747">
        <ele>1794.46</ele>
      </trkpt>
      <trkpt lat="6.95383" lon="125.27748">
        <ele>1793.96</ele>
      </trkpt>
      <trkpt lat="6.95379" lon="125.27751">
        <ele>1792.74</ele>
      </trkpt>
      <trkpt lat="6.95372" lon="125.27758">
        <ele>1790.56</ele>
      </trkpt>
      <trkpt lat="6.95369" lon="125.27759">
        <ele>1790.0</ele>
      </trkpt>
      <trkpt lat="6.95365" lon="125.27764">
        <ele>1788.47</ele>
      </trkpt>
      <trkpt lat="6.95361" lon="125.27766">
        <ele>1787.53</ele>
      </trkpt>
      <trkpt lat="6.9536" lon="125.27767">
        <ele>1787.2</ele>
      </trkpt>
      <trkpt lat="6.95358" lon="125.27768">
        <ele>1786.74</ele>
      </trkpt>
      <trkpt lat="6.95355" lon="125.2777">
        <ele>1785.92</ele>
      </trkpt>
      <trkpt lat="6.95349" lon="125.27778">
        <ele>1783.2</ele>
      </trkpt>
      <trkpt lat="6.95345" lon="125.27779">
        <ele>1782.36</ele>
      </trkpt>
      <trkpt lat="6.95341" lon="125.27786">
        <ele>1779.9</ele>
      </trkpt>
      <trkpt lat="6.9534" lon="125.27789">
        <ele>1778.92</ele>
      </trkpt>
      <trkpt lat="6.95339" lon="125.27794">
        <ele>1777.38</ele>
      </trkpt>
      <trkpt lat="6.95337" lon="125.27796">
        <ele>1776.45</ele>
      </trkpt>
      <trkpt lat="6.95336" lon="125.27801">
        <ele>1774.86</ele>
      </trkpt>
      <trkpt lat="6.95335" lon="125.27803">
        <ele>1774.08</ele>
      </trkpt>
      <trkpt lat="6.9533" lon="125.27809">
        <ele>1771.78</ele>
      </trkpt>
      <trkpt lat="6.95326" lon="125.27812">
        <ele>1770.68</ele>
      </trkpt>
      <trkpt lat="6.95323" lon="125.27815">
        <ele>1769.66</ele>
      </trkpt>
      <trkpt lat="6.95319" lon="125.27822">
        <ele>1767.54</ele>
      </trkpt>
      <trkpt lat="6.95313" lon="125.2783">
        <ele>1765.14</ele>
      </trkpt>
      <trkpt lat="6.9531" lon="125.27833">
        <ele>1764.25</ele>
      </trkpt>
      <trkpt lat="6.95309" lon="125.27836">
        <ele>1763.67</ele>
      </trkpt>
      <trkpt lat="6.95307" lon="125.27838">
        <ele>1763.23</ele>
      </trkpt>
      <trkpt lat="6.95306" lon="125.27841">
        <ele>1762.64</ele>
      </trkpt>
      <trkpt lat="6.95303" lon="125.27844">
        <ele>1761.86</ele>
      </trkpt>
      <trkpt lat="6.953" lon="125.27849">
        <ele>1760.67</ele>
      </trkpt>
      <trkpt lat="6.95295" lon="125.27857">
        <ele>1758.66</ele>
      </trkpt>
      <trkpt lat="6.95294" lon="125.2786">
        <ele>1757.97</ele>
      </trkpt>
      <trkpt lat="6.9529" lon="125.27866">
        <ele>1756.42</ele>
      </trkpt>
      <trkpt lat="6.95289" lon="125.27872">
        <ele>1755.18</ele>
      </trkpt>
      <trkpt lat="6.95285" lon="125.27878">
        <ele>1753.45</ele>
      </trkpt>
      <trkpt lat="6.95283" lon="125.27882">
        <ele>1752.33</ele>
      </trkpt>
      <trkpt lat="6.95279" lon="125.27887">
        <ele>1750.62</ele>
      </trkpt>
      <trkpt lat="6.95274" lon="125.27894">
        <ele>1748.3</ele>
      </trkpt>
      <trkpt lat="6.95271" lon="125.27897">
        <ele>1747.13</ele>
      </trkpt>
      <trkpt lat="6.95269" lon="125.27901">
        <ele>1745.84</ele>
      </trkpt>
      <trkpt lat="6.95264" lon="125.27907">
        <ele>1743.46</ele>
      </trkpt>
      <trkpt lat="6.9526" lon="125.27911">
        <ele>1741.65</ele>
      </trkpt>
      <trkpt lat="6.95258" lon="125.27915">
        <ele>1740.17</ele>
      </trkpt>
      <trkpt lat="6.95255" lon="125.27919">
        <ele>1739.03</ele>
      </trkpt>
      <trkpt lat="6.95253" lon="125.27923">
        <ele>1738.47</ele>
      </trkpt>
      <trkpt lat="6.9525" lon="125.27928">
        <ele>1737.59</ele>
      </trkpt>
      <trkpt lat="6.95247" lon="125.2793">
        <ele>1737.14</ele>
      </trkpt>
      <trkpt lat="6.95243" lon="125.27935">
        <ele>1736.42</ele>
      </trkpt>
      <trkpt lat="6.9524" lon="125.27944">
        <ele>1735.58</ele>
      </trkpt>
      <trkpt lat="6.95241" lon="125.27948">
        <ele>1735.66</ele>
      </trkpt>
      <trkpt lat="6.9524" lon="125.27952">
        <ele>1735.46</ele>
      </trkpt>
      <trkpt lat="6.95241" lon="125.27954">
        <ele>1735.59</ele>
      </trkpt>
      <trkpt lat="6.95241" lon="125.27957">
        <ele>1735.56</ele>
      </trkpt>
      <trkpt lat="6.95234" lon="125.27965">
        <ele>1734.27</ele>
      </trkpt>
      <trkpt lat="6.95231" lon="125.27968">
        <ele>1733.68</ele>
      </trkpt>
      <trkpt lat="6.95218" lon="125.27983">
        <ele>1730.25</ele>
      </trkpt>
      <trkpt lat="6.95216" lon="125.27984">
        <ele>1729.71</ele>
      </trkpt>
      <trkpt lat="6.95214" lon="125.27986">
        <ele>1729.09</ele>
      </trkpt>
      <trkpt lat="6.95212" lon="125.27988">
        <ele>1728.45</ele>
      </trkpt>
      <trkpt lat="6.95209" lon="125.27992">
        <ele>1727.38</ele>
      </trkpt>
      <trkpt lat="6.95205" lon="125.27996">
        <ele>1726.04</ele>
      </trkpt>
      <trkpt lat="6.95198" lon="125.28002">
        <ele>1723.52</ele>
      </trkpt>
      <trkpt lat="6.95198" lon="125.28003">
        <ele>1723.33</ele>
      </trkpt>
      <trkpt lat="6.95197" lon="125.28004">
        <ele>1722.9</ele>
      </trkpt>
      <trkpt lat="6.95189" lon="125.28012">
        <ele>1719.66</ele>
      </trkpt>
      <trkpt lat="6.95182" lon="125.28018">
        <ele>1717.07</ele>
      </trkpt>
      <trkpt lat="6.95178" lon="125.2802">
        <ele>1715.85</ele>
      </trkpt>
      <trkpt lat="6.95174" lon="125.28023">
        <ele>1714.44</ele>
      </trkpt>
      <trkpt lat="6.95171" lon="125.28025">
        <ele>1713.44</ele>
      </trkpt>
      <trkpt lat="6.95165" lon="125.2803">
        <ele>1711.56</ele>
      </trkpt>
      <trkpt lat="6.95161" lon="125.28034">
        <ele>1710.65</ele>
      </trkpt>
      <trkpt lat="6.95159" lon="125.28036">
        <ele>1710.18</ele>
      </trkpt>
      <trkpt lat="6.95153" lon="125.28042">
        <ele>1708.72</ele>
      </trkpt>
      <trkpt lat="6.95149" lon="125.28046">
        <ele>1707.69</ele>
      </trkpt>
      <trkpt lat="6.95147" lon="125.28047">
        <ele>1707.33</ele>
      </trkpt>
      <trkpt lat="6.95146" lon="125.28048">
        <ele>1707.06</ele>
      </trkpt>
      <trkpt lat="6.95145" lon="125.28049">
        <ele>1706.79</ele>
      </trkpt>
      <trkpt lat="6.95142" lon="125.28051">
        <ele>1706.14</ele>
      </trkpt>
      <trkpt lat="6.95139" lon="125.28054">
        <ele>1705.29</ele>
      </trkpt>
      <trkpt lat="6.9513" lon="125.28061">
        <ele>1703.58</ele>
      </trkpt>
      <trkpt lat="6.95126" lon="125.28065">
        <ele>1702.71</ele>
      </trkpt>
      <trkpt lat="6.95121" lon="125.28069">
        <ele>1701.78</ele>
      </trkpt>
      <trkpt lat="6.95114" lon="125.28077">
        <ele>1700.12</ele>
      </trkpt>
      <trkpt lat="6.95111" lon="125.28084">
        <ele>1698.82</ele>
      </trkpt>
      <trkpt lat="6.95106" lon="125.28091">
        <ele>1696.65</ele>
      </trkpt>
      <trkpt lat="6.95104" lon="125.28095">
        <ele>1695.44</ele>
      </trkpt>
      <trkpt lat="6.95098" lon="125.28102">
        <ele>1693.03</ele>
      </trkpt>
      <trkpt lat="6.95096" lon="125.28107">
        <ele>1691.48</ele>
      </trkpt>
      <trkpt lat="6.9509" lon="125.28116">
        <ele>1688.18</ele>
      </trkpt>
      <trkpt lat="6.95086" lon="125.28122">
        <ele>1685.8</ele>
      </trkpt>
      <trkpt lat="6.95081" lon="125.28131">
        <ele>1682.51</ele>
      </trkpt>
      <trkpt lat="6.95077" lon="125.28136">
        <ele>1680.89</ele>
      </trkpt>
      <trkpt lat="6.95076" lon="125.2814">
        <ele>1679.69</ele>
      </trkpt>
      <trkpt lat="6.95071" lon="125.28147">
        <ele>1677.79</ele>
      </trkpt>
      <trkpt lat="6.95067" lon="125.28152">
        <ele>1676.5</ele>
      </trkpt>
      <trkpt lat="6.95062" lon="125.28157">
        <ele>1675.28</ele>
      </trkpt>
      <trkpt lat="6.95058" lon="125.28161">
        <ele>1674.36</ele>
      </trkpt>
      <trkpt lat="6.95053" lon="125.28165">
        <ele>1673.5</ele>
      </trkpt>
      <trkpt lat="6.95049" lon="125.28178">
        <ele>1672.23</ele>
      </trkpt>
      <trkpt lat="6.95044" lon="125.28187">
        <ele>1671.34</ele>
      </trkpt>
      <trkpt lat="6.95041" lon="125.28191">
        <ele>1670.85</ele>
      </trkpt>
      <trkpt lat="6.9504" lon="125.28193">
        <ele>1670.6</ele>
      </trkpt>
      <trkpt lat="6.95039" lon="125.28201">
        <ele>1669.79</ele>
      </trkpt>
      <trkpt lat="6.9504" lon="125.28206">
        <ele>1669.38</ele>
      </trkpt>
      <trkpt lat="6.95038" lon="125.28214">
        <ele>1668.52</ele>
      </trkpt>
      <trkpt lat="6.95033" lon="125.28221">
        <ele>1667.5</ele>
      </trkpt>
      <trkpt lat="6.95033" lon="125.28224">
        <ele>1667.14</ele>
      </trkpt>
      <trkpt lat="6.95029" lon="125.28232">
        <ele>1665.71</ele>
      </trkpt>
      <trkpt lat="6.95025" lon="125.28239">
        <ele>1664.32</ele>
      </trkpt>
      <trkpt lat="6.95018" lon="125.2825">
        <ele>1661.94</ele>
      </trkpt>
      <trkpt lat="6.95016" lon="125.28254">
        <ele>1661.38</ele>
      </trkpt>
      <trkpt lat="6.95016" lon="125.28257">
        <ele>1661.12</ele>
      </trkpt>
      <trkpt lat="6.95013" lon="125.28261">
        <ele>1660.4</ele>
      </trkpt>
      <trkpt lat="6.9501" lon="125.28266">
        <ele>1659.56</ele>
      </trkpt>
      <trkpt lat="6.95007" lon="125.2827">
        <ele>1658.78</ele>
      </trkpt>
      <trkpt lat="6.95006" lon="125.28272">
        <ele>1658.44</ele>
      </trkpt>
      <trkpt lat="6.95006" lon="125.28272">
        <ele>1658.44</ele>
      </trkpt>
      <trkpt lat="6.95005" lon="125.28275">
        <ele>1658.0</ele>
      </trkpt>
      <trkpt lat="6.95005" lon="125.28275">
        <ele>1658.0</ele>
      </trkpt>
      <trkpt lat="6.95003" lon="125.2829">
        <ele>1655.72</ele>
      </trkpt>
      <trkpt lat="6.95003" lon="125.28293">
        <ele>1655.3</ele>
      </trkpt>
      <trkpt lat="6.95003" lon="125.28298">
        <ele>1654.6</ele>
      </trkpt>
      <trkpt lat="6.95004" lon="125.28303">
        <ele>1654.07</ele>
      </trkpt>
      <trkpt lat="6.95003" lon="125.28307">
        <ele>1653.38</ele>
      </trkpt>
      <trkpt lat="6.95001" lon="125.28312">
        <ele>1652.48</ele>
      </trkpt>
      <trkpt lat="6.94998" lon="125.28316">
        <ele>1651.77</ele>
      </trkpt>
      <trkpt lat="6.94986" lon="125.28326">
        <ele>1649.92</ele>
      </trkpt>
      <trkpt lat="6.94983" lon="125.28327">
        <ele>1649.6</ele>
      </trkpt>
      <trkpt lat="6.94979" lon="125.28329">
        <ele>1649.07</ele>
      </trkpt>
      <trkpt lat="6.94975" lon="125.28333">
        <ele>1648.25</ele>
      </trkpt>
      <trkpt lat="6.94975" lon="125.28338">
        <ele>1648.37</ele>
      </trkpt>
      <trkpt lat="6.94977" lon="125.28342">
        <ele>1648.66</ele>
      </trkpt>
      <trkpt lat="6.94977" lon="125.28347">
        <ele>1648.84</ele>
      </trkpt>
      <trkpt lat="6.94975" lon="125.28351">
        <ele>1648.84</ele>
      </trkpt>
      <trkpt lat="6.94952" lon="125.28377">
        <ele>1647.65</ele>
      </trkpt>
      <trkpt lat="6.94951" lon="125.2838">
        <ele>1647.75</ele>
      </trkpt>
      <trkpt lat="6.94949" lon="125.28385">
        <ele>1647.93</ele>
      </trkpt>
      <trkpt lat="6.94928" lon="125.28405">
        <ele>1634.02</ele>
      </trkpt>
      <trkpt lat="6.94928" lon="125.28405">
        <ele>1634.02</ele>
      </trkpt>
      <trkpt lat="6.94899" lon="125.28432">
        <ele>1623.84</ele>
      </trkpt>
      <trkpt lat="6.94899" lon="125.28432">
        <ele>1623.84</ele>
      </trkpt>
      <trkpt lat="6.94851" lon="125.28473">
        <ele>1634.31</ele>
      </trkpt>
      <trkpt lat="6.94848" lon="125.28476">
        <ele>1634.31</ele>
      </trkpt>
      <trkpt lat="6.94847" lon="125.28481">
        <ele>1634.63</ele>
      </trkpt>
      <trkpt lat="6.94847" lon="125.28486">
        <ele>1634.99</ele>
      </trkpt>
      <trkpt lat="6.94845" lon="125.2849">
        <ele>1635.32</ele>
      </trkpt>
      <trkpt lat="6.94841" lon="125.28493">
        <ele>1635.72</ele>
      </trkpt>
      <trkpt lat="6.94833" lon="125.285">
        <ele>1636.94</ele>
      </trkpt>
      <trkpt lat="6.94832" lon="125.285">
        <ele>1636.76</ele>
      </trkpt>
      <trkpt lat="6.94803" lon="125.28525">
        <ele>1629.18</ele>
      </trkpt>
      <trkpt lat="6.94803" lon="125.28525">
        <ele>1629.18</ele>
      </trkpt>
      <trkpt lat="6.94799" lon="125.28529">
        <ele>1628.72</ele>
      </trkpt>
      <trkpt lat="6.94796" lon="125.28533">
        <ele>1628.47</ele>
      </trkpt>
      <trkpt lat="6.94794" lon="125.28538">
        <ele>1628.22</ele>
      </trkpt>
      <trkpt lat="6.94785" lon="125.28549">
        <ele>1627.5</ele>
      </trkpt>
      <trkpt lat="6.94785" lon="125.28549">
        <ele>1627.5</ele>
      </trkpt>
      <trkpt lat="6.94763" lon="125.28569">
        <ele>1627.0</ele>
      </trkpt>
      <trkpt lat="6.94763" lon="125.28569">
        <ele>1627.0</ele>
      </trkpt>
      <trkpt lat="6.94742" lon="125.28585">
        <ele>1626.24</ele>
      </trkpt>
      <trkpt lat="6.94741" lon="125.28586">
        <ele>1626.06</ele>
      </trkpt>
      <trkpt lat="6.94737" lon="125.28591">
        <ele>1625.24</ele>
      </trkpt>
      <trkpt lat="6.94732" lon="125.28593">
        <ele>1624.66</ele>
      </trkpt>
      <trkpt lat="6.94719" lon="125.28598">
        <ele>1623.19</ele>
      </trkpt>
      <trkpt lat="6.94719" lon="125.28598">
        <ele>1623.19</ele>
      </trkpt>
      <trkpt lat="6.94689" lon="125.28616">
        <ele>1620.29</ele>
      </trkpt>
      <trkpt lat="6.94689" lon="125.28616">
        <ele>1620.29</ele>
      </trkpt>
      <trkpt lat="6.94643" lon="125.28636">
        <ele>1616.4</ele>
      </trkpt>
    </trkseg>
  </trk>
</gpx>
